id,title,author,investigator,publisher,year,link_telegram,link_drive,link_direct,source,category,material_type,file_type,file_size,pages_count,is_featured,download_links_count,source_anchor,source_title,source_breadcrumb
tabseet_ncm_001,نظام المعاملات المدنية: المادة 1 — نطاق تطبيق النظام,منصة تبسيط,,منصة تبسيط,,,,https://saudalbazei.com/tabseet/#a1,منصة تبسيط,الأنظمة والتشريعات,شرح,رابط,,,False,1,a1,المادة الأولى، المادة ١ نطاق تطبيق النظام,باب تمهيدي › الفصل الأول: تطبيق النظام
tabseet_ncm_002,نظام المعاملات المدنية: المادة 2 — حساب المدد والمواعيد,منصة تبسيط,,منصة تبسيط,,,,https://saudalbazei.com/tabseet/#a2,منصة تبسيط,الأنظمة والتشريعات,شرح,رابط,,,False,1,a2,المادة الثانية، المادة ٢ حساب المدد والمواعيد,باب تمهيدي › الفصل الأول: تطبيق النظام
tabseet_ncm_003,نظام المعاملات المدنية: المادة 3 — بداية شخصية الإنسان ونهايتها,منصة تبسيط,,منصة تبسيط,,,,https://saudalbazei.com/tabseet/#a3,منصة تبسيط,الأنظمة والتشريعات,شرح,رابط,,,False,1,a3,المادة الثالثة، المادة ٣ بداية شخصية الإنسان ونهايتها,الفصل الثاني: الأشخاص › الفرع الأول: الشخص ذو الصفة الطبيعية
tabseet_ncm_004,نظام المعاملات المدنية: المادة 4 — أحكام المفقود والغائب ومجهول النسب,منصة تبسيط,,منصة تبسيط,,,,https://saudalbazei.com/tabseet/#a4,منصة تبسيط,الأنظمة والتشريعات,شرح,رابط,,,False,1,a4,المادة الرابعة، المادة ٤ أحكام المفقود والغائب ومجهول النسب,الفصل الثاني: الأشخاص › الفرع الأول: الشخص ذو الصفة الطبيعية
tabseet_ncm_005,نظام المعاملات المدنية: المادة 5 — خصائص الأشخاص,منصة تبسيط,,منصة تبسيط,,,,https://saudalbazei.com/tabseet/#a5,منصة تبسيط,الأنظمة والتشريعات,شرح,رابط,,,False,1,a5,المادة الخامسة، المادة ٥ خصائص الأشخاص,الفصل الثاني: الأشخاص › الفرع الأول: الشخص ذو الصفة الطبيعية
tabseet_ncm_006,نظام المعاملات المدنية: المادة 6 — مفهوم القرابة المباشرة وغير المباشرة,منصة تبسيط,,منصة تبسيط,,,,https://saudalbazei.com/tabseet/#a6,منصة تبسيط,الأنظمة والتشريعات,شرح,رابط,,,False,1,a6,المادة السادسة، المادة ٦ مفهوم القرابة المباشرة وغير المباشرة,الفصل الثاني: الأشخاص › الفرع الأول: الشخص ذو الصفة الطبيعية
tabseet_ncm_007,نظام المعاملات المدنية: المادة 7 — تحديد درجة القرابة,منصة تبسيط,,منصة تبسيط,,,,https://saudalbazei.com/tabseet/#a7,منصة تبسيط,الأنظمة والتشريعات,شرح,رابط,,,False,1,a7,المادة السابعة، المادة ٧ تحديد درجة القرابة,الفصل الثاني: الأشخاص › الفرع الأول: الشخص ذو الصفة الطبيعية
tabseet_ncm_008,نظام المعاملات المدنية: المادة 8 — الموطن المعتاد,منصة تبسيط,,منصة تبسيط,,,,https://saudalbazei.com/tabseet/#a8,منصة تبسيط,الأنظمة والتشريعات,شرح,رابط,,,False,1,a8,المادة الثامنة، المادة ٨ الموطن المعتاد,الفصل الثاني: الأشخاص › الفرع الأول: الشخص ذو الصفة الطبيعية
tabseet_ncm_009,نظام المعاملات المدنية: المادة 9 — موطن الأعمال,منصة تبسيط,,منصة تبسيط,,,,https://saudalbazei.com/tabseet/#a9,منصة تبسيط,الأنظمة والتشريعات,شرح,رابط,,,False,1,a9,المادة التاسعة، المادة ٩ موطن الأعمال,الفصل الثاني: الأشخاص › الفرع الأول: الشخص ذو الصفة الطبيعية
tabseet_ncm_010,نظام المعاملات المدنية: المادة 10 — الموطن النظامي,منصة تبسيط,,منصة تبسيط,,,,https://saudalbazei.com/tabseet/#a10,منصة تبسيط,الأنظمة والتشريعات,شرح,رابط,,,False,1,a10,المادة العاشرة، المادة ١٠ الموطن النظامي,الفصل الثاني: الأشخاص › الفرع الأول: الشخص ذو الصفة الطبيعية
tabseet_ncm_011,نظام المعاملات المدنية: المادة 11 — الموطن المختار,منصة تبسيط,,منصة تبسيط,,,,https://saudalbazei.com/tabseet/#a11,منصة تبسيط,الأنظمة والتشريعات,شرح,رابط,,,False,1,a11,المادة الحادية عشرة، المادة ١١ الموطن المختار,الفصل الثاني: الأشخاص › الفرع الأول: الشخص ذو الصفة الطبيعية
tabseet_ncm_012,نظام المعاملات المدنية: المادة 12 — كمال الأهلية,منصة تبسيط,,منصة تبسيط,,,,https://saudalbazei.com/tabseet/#a12,منصة تبسيط,الأنظمة والتشريعات,شرح,رابط,,,False,1,a12,المادة الثانية عشرة، المادة ١٢ كمال الأهلية,الفصل الثاني: الأشخاص › الفرع الأول: الشخص ذو الصفة الطبيعية
tabseet_ncm_013,نظام المعاملات المدنية: المادة 13 — انعدام الأهلية,منصة تبسيط,,منصة تبسيط,,,,https://saudalbazei.com/tabseet/#a13,منصة تبسيط,الأنظمة والتشريعات,شرح,رابط,,,False,1,a13,المادة الثالثة عشرة، المادة ١٣ انعدام الأهلية,الفصل الثاني: الأشخاص › الفرع الأول: الشخص ذو الصفة الطبيعية
tabseet_ncm_014,نظام المعاملات المدنية: المادة 14 — نقص الأهلية,منصة تبسيط,,منصة تبسيط,,,,https://saudalbazei.com/tabseet/#a14,منصة تبسيط,الأنظمة والتشريعات,شرح,رابط,,,False,1,a14,المادة الرابعة عشرة، المادة ١٤ نقص الأهلية,الفصل الثاني: الأشخاص › الفرع الأول: الشخص ذو الصفة الطبيعية
tabseet_ncm_015,نظام المعاملات المدنية: المادة 15 — الولاية والوصاية على عديمي الأهلية وناقصيها,منصة تبسيط,,منصة تبسيط,,,,https://saudalbazei.com/tabseet/#a15,منصة تبسيط,الأنظمة والتشريعات,شرح,رابط,,,False,1,a15,المادة الخامسة عشرة، المادة ١٥ الولاية والوصاية على عديمي الأهلية وناقصيها,الفصل الثاني: الأشخاص › الفرع الأول: الشخص ذو الصفة الطبيعية
tabseet_ncm_016,نظام المعاملات المدنية: المادة 16 — منع النزول عن الأهلية أو التعديل في أحكامها,منصة تبسيط,,منصة تبسيط,,,,https://saudalbazei.com/tabseet/#a16,منصة تبسيط,الأنظمة والتشريعات,شرح,رابط,,,False,1,a16,المادة السادسة عشرة، المادة ١٦ منع النزول عن الأهلية أو التعديل في أحكامها,الفصل الثاني: الأشخاص › الفرع الأول: الشخص ذو الصفة الطبيعية
tabseet_ncm_017,نظام المعاملات المدنية: المادة 17 — الأشخاص ذوو الصفة الاعتبارية,منصة تبسيط,,منصة تبسيط,,,,https://saudalbazei.com/tabseet/#a17,منصة تبسيط,الأنظمة والتشريعات,شرح,رابط,,,False,1,a17,المادة السابعة عشرة، المادة ١٧ الأشخاص ذوو الصفة الاعتبارية,الفصل الثاني: الأشخاص › الفرع الثاني: الشخص ذو الصفة الاعتبارية
tabseet_ncm_018,نظام المعاملات المدنية: المادة 18 — حقوق الشخص ذي الصفة الاعتبارية,منصة تبسيط,,منصة تبسيط,,,,https://saudalbazei.com/tabseet/#a18,منصة تبسيط,الأنظمة والتشريعات,شرح,رابط,,,False,1,a18,المادة الثامنة عشرة، المادة ١٨ حقوق الشخص ذي الصفة الاعتبارية,الفصل الثاني: الأشخاص › الفرع الثاني: الشخص ذو الصفة الاعتبارية
tabseet_ncm_019,نظام المعاملات المدنية: المادة 19 — الأشياء التي يصح أن تكون محلاًّ للحقوق المالية,منصة تبسيط,,منصة تبسيط,,,,https://saudalbazei.com/tabseet/#a19,منصة تبسيط,الأنظمة والتشريعات,شرح,رابط,,,False,1,a19,المادة التاسعة عشرة، المادة ١٩ الأشياء التي يصح أن تكون محلاًّ للحقوق المالية,باب تمهيدي › الفصل الثالث: الأشياء والأموال
tabseet_ncm_020,نظام المعاملات المدنية: المادة 20 — مفهوم المال,منصة تبسيط,,منصة تبسيط,,,,https://saudalbazei.com/tabseet/#a20,منصة تبسيط,الأنظمة والتشريعات,شرح,رابط,,,False,1,a20,المادة العشرون، المادة ٢٠ مفهوم المال,باب تمهيدي › الفصل الثالث: الأشياء والأموال
tabseet_ncm_021,نظام المعاملات المدنية: المادة 21 — الأشياء المثلية والأشياء القيمية,منصة تبسيط,,منصة تبسيط,,,,https://saudalbazei.com/tabseet/#a21,منصة تبسيط,الأنظمة والتشريعات,شرح,رابط,,,False,1,a21,المادة الحادية والعشرون، المادة ٢١ الأشياء المثلية والأشياء القيمية,باب تمهيدي › الفصل الثالث: الأشياء والأموال
tabseet_ncm_022,نظام المعاملات المدنية: المادة 22 — العقار والمنقول,منصة تبسيط,,منصة تبسيط,,,,https://saudalbazei.com/tabseet/#a22,منصة تبسيط,الأنظمة والتشريعات,شرح,رابط,,,False,1,a22,المادة الثانية والعشرون، المادة ٢٢ العقار والمنقول,باب تمهيدي › الفصل الثالث: الأشياء والأموال
tabseet_ncm_023,نظام المعاملات المدنية: المادة 23 — الأشياء القابلة للاستهلاك,منصة تبسيط,,منصة تبسيط,,,,https://saudalbazei.com/tabseet/#a23,منصة تبسيط,الأنظمة والتشريعات,شرح,رابط,,,False,1,a23,المادة الثالثة والعشرون، المادة ٢٣ الأشياء القابلة للاستهلاك,باب تمهيدي › الفصل الثالث: الأشياء والأموال
tabseet_ncm_024,نظام المعاملات المدنية: المادة 24 — أحكام المال العام,منصة تبسيط,,منصة تبسيط,,,,https://saudalbazei.com/tabseet/#a24,منصة تبسيط,الأنظمة والتشريعات,شرح,رابط,,,False,1,a24,المادة الرابعة والعشرون، المادة ٢٤ أحكام المال العام,باب تمهيدي › الفصل الثالث: الأشياء والأموال
tabseet_ncm_025,نظام المعاملات المدنية: المادة 25 — أنواع الحق المالي,منصة تبسيط,,منصة تبسيط,,,,https://saudalbazei.com/tabseet/#a25,منصة تبسيط,الأنظمة والتشريعات,شرح,رابط,,,False,1,a25,المادة الخامسة والعشرون، المادة ٢٥ أنواع الحق المالي,باب تمهيدي › الفصل الرابع: أنواع الحق
tabseet_ncm_026,نظام المعاملات المدنية: المادة 26 — أنواع الحق العيني,منصة تبسيط,,منصة تبسيط,,,,https://saudalbazei.com/tabseet/#a26,منصة تبسيط,الأنظمة والتشريعات,شرح,رابط,,,False,1,a26,المادة السادسة والعشرون، المادة ٢٦ أنواع الحق العيني,باب تمهيدي › الفصل الرابع: أنواع الحق
tabseet_ncm_027,نظام المعاملات المدنية: المادة 27 — الحقوق الواردة على شيء غير مادي,منصة تبسيط,,منصة تبسيط,,,,https://saudalbazei.com/tabseet/#a27,منصة تبسيط,الأنظمة والتشريعات,شرح,رابط,,,False,1,a27,المادة السابعة والعشرون، المادة ٢٧ الحقوق الواردة على شيء غير مادي,باب تمهيدي › الفصل الرابع: أنواع الحق
tabseet_ncm_028,نظام المعاملات المدنية: المادة 28 — عدم المسؤولية عن الاستعمال المشروع للحق,منصة تبسيط,,منصة تبسيط,,,,https://saudalbazei.com/tabseet/#a28,منصة تبسيط,الأنظمة والتشريعات,شرح,رابط,,,False,1,a28,المادة الثامنة والعشرون، المادة ٢٨ عدم المسؤولية عن الاستعمال المشروع للحق,باب تمهيدي › الفصل الخامس: استعمال الحق
tabseet_ncm_029,نظام المعاملات المدنية: المادة 29 — التعسف في استعمال الحق,منصة تبسيط,,منصة تبسيط,,,,https://saudalbazei.com/tabseet/#a29,منصة تبسيط,الأنظمة والتشريعات,شرح,رابط,,,False,1,a29,المادة التاسعة والعشرون، المادة ٢٩ التعسف في استعمال الحق,باب تمهيدي › الفصل الخامس: استعمال الحق
tabseet_ncm_030,نظام المعاملات المدنية: المادة 30 — نطاق أحكام هذا الفصل,منصة تبسيط,,منصة تبسيط,,,,https://saudalbazei.com/tabseet/#a30,منصة تبسيط,الأنظمة والتشريعات,شرح,رابط,,,False,1,a30,المادة الثلاثون، المادة ٣٠ نطاق أحكام هذا الفصل,الباب الأول: مصادر الالتزام › الفصل الأول: العقد
tabseet_ncm_031,نظام المعاملات المدنية: المادة 31 — إنشاء العقد,منصة تبسيط,,منصة تبسيط,,,,https://saudalbazei.com/tabseet/#a31,منصة تبسيط,الأنظمة والتشريعات,شرح,رابط,,,False,1,a31,المادة الحادية والثلاثون، المادة ٣١ إنشاء العقد,الباب الأول: مصادر الالتزام › الفصل الأول: العقد
tabseet_ncm_032,نظام المعاملات المدنية: المادة 32 — تحقُّق الرضى,منصة تبسيط,,منصة تبسيط,,,,https://saudalbazei.com/tabseet/#a32,منصة تبسيط,الأنظمة والتشريعات,شرح,رابط,,,False,1,a32,المادة الثانية والثلاثون، المادة ٣٢ تحقُّق الرضى,الفرع الأول: أركان العقد › أولاً: الرضى
tabseet_ncm_033,نظام المعاملات المدنية: المادة 33 — ما يكون به الإيجاب والقبول,منصة تبسيط,,منصة تبسيط,,,,https://saudalbazei.com/tabseet/#a33,منصة تبسيط,الأنظمة والتشريعات,شرح,رابط,,,False,1,a33,المادة الثالثة والثلاثون، المادة ٣٣ ما يكون به الإيجاب والقبول,أولاً: الرضى › ١- التعبير عن الإرادة
tabseet_ncm_034,نظام المعاملات المدنية: المادة 34 — العرض والإعلان,منصة تبسيط,,منصة تبسيط,,,,https://saudalbazei.com/tabseet/#a34,منصة تبسيط,الأنظمة والتشريعات,شرح,رابط,,,False,1,a34,المادة الرابعة والثلاثون، المادة ٣٤ العرض والإعلان,أولاً: الرضى › ١- التعبير عن الإرادة
tabseet_ncm_035,نظام المعاملات المدنية: المادة 35 — العدول عن الإيجاب,منصة تبسيط,,منصة تبسيط,,,,https://saudalbazei.com/tabseet/#a35,منصة تبسيط,الأنظمة والتشريعات,شرح,رابط,,,False,1,a35,المادة الخامسة والثلاثون، المادة ٣٥ العدول عن الإيجاب,أولاً: الرضى › ١- التعبير عن الإرادة
tabseet_ncm_036,نظام المعاملات المدنية: المادة 36 — سقوط الإيجاب,منصة تبسيط,,منصة تبسيط,,,,https://saudalbazei.com/tabseet/#a36,منصة تبسيط,الأنظمة والتشريعات,شرح,رابط,,,False,1,a36,المادة السادسة والثلاثون، المادة ٣٦ سقوط الإيجاب,أولاً: الرضى › ١- التعبير عن الإرادة
tabseet_ncm_037,نظام المعاملات المدنية: المادة 37 — دلالة السكوت على القبول,منصة تبسيط,,منصة تبسيط,,,,https://saudalbazei.com/tabseet/#a37,منصة تبسيط,الأنظمة والتشريعات,شرح,رابط,,,False,1,a37,المادة السابعة والثلاثون، المادة ٣٧ دلالة السكوت على القبول,أولاً: الرضى › ١- التعبير عن الإرادة
tabseet_ncm_038,نظام المعاملات المدنية: المادة 38 — زمان العقد ومكانه,منصة تبسيط,,منصة تبسيط,,,,https://saudalbazei.com/tabseet/#a38,منصة تبسيط,الأنظمة والتشريعات,شرح,رابط,,,False,1,a38,المادة الثامنة والثلاثون، المادة ٣٨ زمان العقد ومكانه,أولاً: الرضى › ١- التعبير عن الإرادة
tabseet_ncm_039,نظام المعاملات المدنية: المادة 39 — العقد بطريق المزايدة,منصة تبسيط,,منصة تبسيط,,,,https://saudalbazei.com/tabseet/#a39,منصة تبسيط,الأنظمة والتشريعات,شرح,رابط,,,False,1,a39,المادة التاسعة والثلاثون، المادة ٣٩ العقد بطريق المزايدة,أولاً: الرضى › ١- التعبير عن الإرادة
tabseet_ncm_040,نظام المعاملات المدنية: المادة 40 — القبول في عقود الإذعان,منصة تبسيط,,منصة تبسيط,,,,https://saudalbazei.com/tabseet/#a40,منصة تبسيط,الأنظمة والتشريعات,شرح,رابط,,,False,1,a40,المادة الأربعون، المادة ٤٠ القبول في عقود الإذعان,أولاً: الرضى › ١- التعبير عن الإرادة
tabseet_ncm_041,نظام المعاملات المدنية: المادة 41 — التفاوض على عقد,منصة تبسيط,,منصة تبسيط,,,,https://saudalbazei.com/tabseet/#a41,منصة تبسيط,الأنظمة والتشريعات,شرح,رابط,,,False,1,a41,المادة الحادية والأربعون، المادة ٤١ التفاوض على عقد,أولاً: الرضى › ١- التعبير عن الإرادة
tabseet_ncm_042,نظام المعاملات المدنية: المادة 42 — الاتفاق على المسائل الجوهرية,منصة تبسيط,,منصة تبسيط,,,,https://saudalbazei.com/tabseet/#a42,منصة تبسيط,الأنظمة والتشريعات,شرح,رابط,,,False,1,a42,المادة الثانية والأربعون، المادة ٤٢ الاتفاق على المسائل الجوهرية,أولاً: الرضى › ١- التعبير عن الإرادة
tabseet_ncm_043,نظام المعاملات المدنية: المادة 43 — الوعد بالتعاقد,منصة تبسيط,,منصة تبسيط,,,,https://saudalbazei.com/tabseet/#a43,منصة تبسيط,الأنظمة والتشريعات,شرح,رابط,,,False,1,a43,المادة الثالثة والأربعون، المادة ٤٣ الوعد بالتعاقد,أولاً: الرضى › ١- التعبير عن الإرادة
tabseet_ncm_044,نظام المعاملات المدنية: المادة 44 — التعاقد بالعربون,منصة تبسيط,,منصة تبسيط,,,,https://saudalbazei.com/tabseet/#a44,منصة تبسيط,الأنظمة والتشريعات,شرح,رابط,,,False,1,a44,المادة الرابعة والأربعون، المادة ٤٤ التعاقد بالعربون,أولاً: الرضى › ١- التعبير عن الإرادة
tabseet_ncm_045,نظام المعاملات المدنية: المادة 45 — الاتفاق الإطاري,منصة تبسيط,,منصة تبسيط,,,,https://saudalbazei.com/tabseet/#a45,منصة تبسيط,الأنظمة والتشريعات,شرح,رابط,,,False,1,a45,المادة الخامسة والأربعون، المادة ٤٥ الاتفاق الإطاري,أولاً: الرضى › ١- التعبير عن الإرادة
tabseet_ncm_046,نظام المعاملات المدنية: المادة 46 — الإحالة في العقد إلى وثيقة أخرى,منصة تبسيط,,منصة تبسيط,,,,https://saudalbazei.com/tabseet/#a46,منصة تبسيط,الأنظمة والتشريعات,شرح,رابط,,,False,1,a46,المادة السادسة والأربعون، المادة ٤٦ الإحالة في العقد إلى وثيقة أخرى,أولاً: الرضى › ١- التعبير عن الإرادة
tabseet_ncm_047,نظام المعاملات المدنية: المادة 47 — الأصل في أهلية المتعاقد,منصة تبسيط,,منصة تبسيط,,,,https://saudalbazei.com/tabseet/#a47,منصة تبسيط,الأنظمة والتشريعات,شرح,رابط,,,False,1,a47,المادة السابعة والأربعون، المادة ٤٧ الأصل في أهلية المتعاقد,أولاً: الرضى › ٢- أهلية المتعاقدين
tabseet_ncm_048,نظام المعاملات المدنية: المادة 48 — الحجر على عديمي الأهلية وناقصيها,منصة تبسيط,,منصة تبسيط,,,,https://saudalbazei.com/tabseet/#a48,منصة تبسيط,الأنظمة والتشريعات,شرح,رابط,,,False,1,a48,المادة الثامنة والأربعون، المادة ٤٨ الحجر على عديمي الأهلية وناقصيها,أولاً: الرضى › ٢- أهلية المتعاقدين
tabseet_ncm_049,نظام المعاملات المدنية: المادة 49 — تصرفات الصغير غير المميز,منصة تبسيط,,منصة تبسيط,,,,https://saudalbazei.com/tabseet/#a49,منصة تبسيط,الأنظمة والتشريعات,شرح,رابط,,,False,1,a49,المادة التاسعة والأربعون، المادة ٤٩ تصرفات الصغير غير المميز,أولاً: الرضى › ٢- أهلية المتعاقدين
tabseet_ncm_050,نظام المعاملات المدنية: المادة 50 — تصرفات الصغير المميز,منصة تبسيط,,منصة تبسيط,,,,https://saudalbazei.com/tabseet/#a50,منصة تبسيط,الأنظمة والتشريعات,شرح,رابط,,,False,1,a50,المادة الخمسون، المادة ٥٠ تصرفات الصغير المميز,أولاً: الرضى › ٢- أهلية المتعاقدين
tabseet_ncm_051,نظام المعاملات المدنية: المادة 51 — تصرفات الصغير المميز المأذون له,منصة تبسيط,,منصة تبسيط,,,,https://saudalbazei.com/tabseet/#a51,منصة تبسيط,الأنظمة والتشريعات,شرح,رابط,,,False,1,a51,المادة الحادية والخمسون، المادة ٥١ تصرفات الصغير المميز المأذون له,أولاً: الرضى › ٢- أهلية المتعاقدين
tabseet_ncm_052,نظام المعاملات المدنية: المادة 52 — تصرفات المعتوه والمجنون,منصة تبسيط,,منصة تبسيط,,,,https://saudalbazei.com/tabseet/#a52,منصة تبسيط,الأنظمة والتشريعات,شرح,رابط,,,False,1,a52,المادة الثانية والخمسون، المادة ٥٢ تصرفات المعتوه والمجنون,أولاً: الرضى › ٢- أهلية المتعاقدين
tabseet_ncm_053,نظام المعاملات المدنية: المادة 53 — تصرفات السفيه وذي الغفلة,منصة تبسيط,,منصة تبسيط,,,,https://saudalbazei.com/tabseet/#a53,منصة تبسيط,الأنظمة والتشريعات,شرح,رابط,,,False,1,a53,المادة الثالثة والخمسون، المادة ٥٣ تصرفات السفيه وذي الغفلة,أولاً: الرضى › ٢- أهلية المتعاقدين
tabseet_ncm_054,نظام المعاملات المدنية: المادة 54 — أحكام الولاية والوصاية,منصة تبسيط,,منصة تبسيط,,,,https://saudalbazei.com/tabseet/#a54,منصة تبسيط,الأنظمة والتشريعات,شرح,رابط,,,False,1,a54,المادة الرابعة والخمسون، المادة ٥٤ أحكام الولاية والوصاية,أولاً: الرضى › ٢- أهلية المتعاقدين
tabseet_ncm_055,نظام المعاملات المدنية: المادة 55 — تصرفات الأولياء والأوصياء,منصة تبسيط,,منصة تبسيط,,,,https://saudalbazei.com/tabseet/#a55,منصة تبسيط,الأنظمة والتشريعات,شرح,رابط,,,False,1,a55,المادة الخامسة والخمسون، المادة ٥٥ تصرفات الأولياء والأوصياء,أولاً: الرضى › ٢- أهلية المتعاقدين
tabseet_ncm_056,نظام المعاملات المدنية: المادة 56 — إخفاء المتعاقد نقص أهليته,منصة تبسيط,,منصة تبسيط,,,,https://saudalbazei.com/tabseet/#a56,منصة تبسيط,الأنظمة والتشريعات,شرح,رابط,,,False,1,a56,المادة السادسة والخمسون، المادة ٥٦ إخفاء المتعاقد نقص أهليته,أولاً: الرضى › ٢- أهلية المتعاقدين
tabseet_ncm_057,نظام المعاملات المدنية: المادة 57 — أثر الغلط الجوهري,منصة تبسيط,,منصة تبسيط,,,,https://saudalbazei.com/tabseet/#a57,منصة تبسيط,الأنظمة والتشريعات,شرح,رابط,,,False,1,a57,المادة السابعة والخمسون، المادة ٥٧ أثر الغلط الجوهري,٣- عيوب الرضى › العيب الأول: الغلط
tabseet_ncm_058,نظام المعاملات المدنية: المادة 58 — اتصال المتعاقد الآخر بالغلط,منصة تبسيط,,منصة تبسيط,,,,https://saudalbazei.com/tabseet/#a58,منصة تبسيط,الأنظمة والتشريعات,شرح,رابط,,,False,1,a58,المادة الثامنة والخمسون، المادة ٥٨ اتصال المتعاقد الآخر بالغلط,٣- عيوب الرضى › العيب الأول: الغلط
tabseet_ncm_059,نظام المعاملات المدنية: المادة 59 — الغلط المادي,منصة تبسيط,,منصة تبسيط,,,,https://saudalbazei.com/tabseet/#a59,منصة تبسيط,الأنظمة والتشريعات,شرح,رابط,,,False,1,a59,المادة التاسعة والخمسون، المادة ٥٩ الغلط المادي,٣- عيوب الرضى › العيب الأول: الغلط
tabseet_ncm_060,نظام المعاملات المدنية: المادة 60 — التمسك بالغلط على وجه يتعارض مع حسن النية,منصة تبسيط,,منصة تبسيط,,,,https://saudalbazei.com/tabseet/#a60,منصة تبسيط,الأنظمة والتشريعات,شرح,رابط,,,False,1,a60,المادة الستون، المادة ٦٠ التمسك بالغلط على وجه يتعارض مع حسن النية,٣- عيوب الرضى › العيب الأول: الغلط
tabseet_ncm_061,نظام المعاملات المدنية: المادة 61 — مفهوم التغرير,منصة تبسيط,,منصة تبسيط,,,,https://saudalbazei.com/tabseet/#a61,منصة تبسيط,الأنظمة والتشريعات,شرح,رابط,,,False,1,a61,المادة الحادية والستون، المادة ٦١ مفهوم التغرير,٣- عيوب الرضى › العيب الثاني: التغرير
tabseet_ncm_062,نظام المعاملات المدنية: المادة 62 — أثر التغرير,منصة تبسيط,,منصة تبسيط,,,,https://saudalbazei.com/tabseet/#a62,منصة تبسيط,الأنظمة والتشريعات,شرح,رابط,,,False,1,a62,المادة الثانية والستون، المادة ٦٢ أثر التغرير,٣- عيوب الرضى › العيب الثاني: التغرير
tabseet_ncm_063,نظام المعاملات المدنية: المادة 63 — التغرير من غير المتعاقدين,منصة تبسيط,,منصة تبسيط,,,,https://saudalbazei.com/tabseet/#a63,منصة تبسيط,الأنظمة والتشريعات,شرح,رابط,,,False,1,a63,المادة الثالثة والستون، المادة ٦٣ التغرير من غير المتعاقدين,٣- عيوب الرضى › العيب الثاني: التغرير
tabseet_ncm_064,نظام المعاملات المدنية: المادة 64 — مفهوم الإكراه,منصة تبسيط,,منصة تبسيط,,,,https://saudalbazei.com/tabseet/#a64,منصة تبسيط,الأنظمة والتشريعات,شرح,رابط,,,False,1,a64,المادة الرابعة والستون، المادة ٦٤ مفهوم الإكراه,٣- عيوب الرضى › العيب الثالث: الإكراه
tabseet_ncm_065,نظام المعاملات المدنية: المادة 65 — ضابط التهديد الذي يتحقق به الإكراه,منصة تبسيط,,منصة تبسيط,,,,https://saudalbazei.com/tabseet/#a65,منصة تبسيط,الأنظمة والتشريعات,شرح,رابط,,,False,1,a65,المادة الخامسة والستون، المادة ٦٥ ضابط التهديد الذي يتحقق به الإكراه,٣- عيوب الرضى › العيب الثالث: الإكراه
tabseet_ncm_066,نظام المعاملات المدنية: المادة 66 — تقدير الإكراه,منصة تبسيط,,منصة تبسيط,,,,https://saudalbazei.com/tabseet/#a66,منصة تبسيط,الأنظمة والتشريعات,شرح,رابط,,,False,1,a66,المادة السادسة والستون، المادة ٦٦ تقدير الإكراه,٣- عيوب الرضى › العيب الثالث: الإكراه
tabseet_ncm_067,نظام المعاملات المدنية: المادة 67 — أثر الإكراه,منصة تبسيط,,منصة تبسيط,,,,https://saudalbazei.com/tabseet/#a67,منصة تبسيط,الأنظمة والتشريعات,شرح,رابط,,,False,1,a67,المادة السابعة والستون، المادة ٦٧ أثر الإكراه,٣- عيوب الرضى › العيب الثالث: الإكراه
tabseet_ncm_068,نظام المعاملات المدنية: المادة 68 — الاستغلال المقترن بالغبن,منصة تبسيط,,منصة تبسيط,,,,https://saudalbazei.com/tabseet/#a68,منصة تبسيط,الأنظمة والتشريعات,شرح,رابط,,,False,1,a68,المادة الثامنة والستون، المادة ٦٨ الاستغلال المقترن بالغبن,٣- عيوب الرضى › العيب الرابع: الاستغلال
tabseet_ncm_069,نظام المعاملات المدنية: المادة 69 — الغبن وأثره في العقد,منصة تبسيط,,منصة تبسيط,,,,https://saudalbazei.com/tabseet/#a69,منصة تبسيط,الأنظمة والتشريعات,شرح,رابط,,,False,1,a69,المادة التاسعة والستون، المادة ٦٩ الغبن وأثره في العقد,٣- عيوب الرضى › العيب الرابع: الاستغلال
tabseet_ncm_070,نظام المعاملات المدنية: المادة 70 — نطاق المحل,منصة تبسيط,,منصة تبسيط,,,,https://saudalbazei.com/tabseet/#a70,منصة تبسيط,الأنظمة والتشريعات,شرح,رابط,,,False,1,a70,المادة السبعون، المادة ٧٠ نطاق المحل,الفرع الأول: أركان العقد › ثانيًا: المحل والسبب
tabseet_ncm_071,نظام المعاملات المدنية: المادة 71 — المحل المستقبل,منصة تبسيط,,منصة تبسيط,,,,https://saudalbazei.com/tabseet/#a71,منصة تبسيط,الأنظمة والتشريعات,شرح,رابط,,,False,1,a71,المادة الحادية والسبعون، المادة ٧١ المحل المستقبل,الفرع الأول: أركان العقد › ثانيًا: المحل والسبب
tabseet_ncm_072,نظام المعاملات المدنية: المادة 72 — شروط المحل,منصة تبسيط,,منصة تبسيط,,,,https://saudalbazei.com/tabseet/#a72,منصة تبسيط,الأنظمة والتشريعات,شرح,رابط,,,False,1,a72,المادة الثانية والسبعون، المادة ٧٢ شروط المحل,الفرع الأول: أركان العقد › ثانيًا: المحل والسبب
tabseet_ncm_073,نظام المعاملات المدنية: المادة 73 — السكوت عن المقدار أو الجودة,منصة تبسيط,,منصة تبسيط,,,,https://saudalbazei.com/tabseet/#a73,منصة تبسيط,الأنظمة والتشريعات,شرح,رابط,,,False,1,a73,المادة الثالثة والسبعون، المادة ٧٣ السكوت عن المقدار أو الجودة,الفرع الأول: أركان العقد › ثانيًا: المحل والسبب
tabseet_ncm_074,نظام المعاملات المدنية: المادة 74 — الشروط في العقد,منصة تبسيط,,منصة تبسيط,,,,https://saudalbazei.com/tabseet/#a74,منصة تبسيط,الأنظمة والتشريعات,شرح,رابط,,,False,1,a74,المادة الرابعة والسبعون، المادة ٧٤ الشروط في العقد,الفرع الأول: أركان العقد › ثانيًا: المحل والسبب
tabseet_ncm_075,نظام المعاملات المدنية: المادة 75 — مشروعية السبب,منصة تبسيط,,منصة تبسيط,,,,https://saudalbazei.com/tabseet/#a75,منصة تبسيط,الأنظمة والتشريعات,شرح,رابط,,,False,1,a75,المادة الخامسة والسبعون، المادة ٧٥ مشروعية السبب,الفرع الأول: أركان العقد › ثانيًا: المحل والسبب
tabseet_ncm_076,نظام المعاملات المدنية: المادة 76 — افتراض وجود السبب,منصة تبسيط,,منصة تبسيط,,,,https://saudalbazei.com/tabseet/#a76,منصة تبسيط,الأنظمة والتشريعات,شرح,رابط,,,False,1,a76,المادة السادسة والسبعون، المادة ٧٦ افتراض وجود السبب,الفرع الأول: أركان العقد › ثانيًا: المحل والسبب
tabseet_ncm_077,نظام المعاملات المدنية: المادة 77 — من له حق الإبطال,منصة تبسيط,,منصة تبسيط,,,,https://saudalbazei.com/tabseet/#a77,منصة تبسيط,الأنظمة والتشريعات,شرح,رابط,,,False,1,a77,المادة السابعة والسبعون، المادة ٧٧ من له حق الإبطال,الفرع الثاني: إبطال العقد وبطلانه › أولاً: حق الإبطال
tabseet_ncm_078,نظام المعاملات المدنية: المادة 78 — الإجازة ممن له حق الإبطال,منصة تبسيط,,منصة تبسيط,,,,https://saudalbazei.com/tabseet/#a78,منصة تبسيط,الأنظمة والتشريعات,شرح,رابط,,,False,1,a78,المادة الثامنة والسبعون، المادة ٧٨ الإجازة ممن له حق الإبطال,الفرع الثاني: إبطال العقد وبطلانه › أولاً: حق الإبطال
tabseet_ncm_079,نظام المعاملات المدنية: المادة 79 — تقادم دعوى الإبطال,منصة تبسيط,,منصة تبسيط,,,,https://saudalbazei.com/tabseet/#a79,منصة تبسيط,الأنظمة والتشريعات,شرح,رابط,,,False,1,a79,المادة التاسعة والسبعون، المادة ٧٩ تقادم دعوى الإبطال,الفرع الثاني: إبطال العقد وبطلانه › أولاً: حق الإبطال
tabseet_ncm_080,نظام المعاملات المدنية: المادة 80 — إعذار من له حق الإبطال,منصة تبسيط,,منصة تبسيط,,,,https://saudalbazei.com/tabseet/#a80,منصة تبسيط,الأنظمة والتشريعات,شرح,رابط,,,False,1,a80,المادة الثمانون، المادة ٨٠ إعذار من له حق الإبطال,الفرع الثاني: إبطال العقد وبطلانه › أولاً: حق الإبطال
tabseet_ncm_081,نظام المعاملات المدنية: المادة 81 — التمسك بالبطلان وتقادم الدعوى به,منصة تبسيط,,منصة تبسيط,,,,https://saudalbazei.com/tabseet/#a81,منصة تبسيط,الأنظمة والتشريعات,شرح,رابط,,,False,1,a81,المادة الحادية والثمانون، المادة ٨١ التمسك بالبطلان وتقادم الدعوى به,الفرع الثاني: إبطال العقد وبطلانه › ثانيًا: البطلان
tabseet_ncm_082,نظام المعاملات المدنية: المادة 82 — أثر الإبطال والبطلان في العقد,منصة تبسيط,,منصة تبسيط,,,,https://saudalbazei.com/tabseet/#a82,منصة تبسيط,الأنظمة والتشريعات,شرح,رابط,,,False,1,a82,المادة الثانية والثمانون، المادة ٨٢ أثر الإبطال والبطلان في العقد,الفرع الثاني: إبطال العقد وبطلانه › ثالثًا: آثار إبطال العقد وبطلانه
tabseet_ncm_083,نظام المعاملات المدنية: المادة 83 — أثر الإبطال والبطلان في ناقص الأهلية أو عديمها,منصة تبسيط,,منصة تبسيط,,,,https://saudalbazei.com/tabseet/#a83,منصة تبسيط,الأنظمة والتشريعات,شرح,رابط,,,False,1,a83,المادة الثالثة والثمانون، المادة ٨٣ أثر الإبطال والبطلان في ناقص الأهلية أو عديمها,الفرع الثاني: إبطال العقد وبطلانه › ثالثًا: آثار إبطال العقد وبطلانه
tabseet_ncm_084,نظام المعاملات المدنية: المادة 84 — تجزئة الإبطال والبطلان,منصة تبسيط,,منصة تبسيط,,,,https://saudalbazei.com/tabseet/#a84,منصة تبسيط,الأنظمة والتشريعات,شرح,رابط,,,False,1,a84,المادة الرابعة والثمانون، المادة ٨٤ تجزئة الإبطال والبطلان,الفرع الثاني: إبطال العقد وبطلانه › ثالثًا: آثار إبطال العقد وبطلانه
tabseet_ncm_085,نظام المعاملات المدنية: المادة 85 — تحول العقد الباطل,منصة تبسيط,,منصة تبسيط,,,,https://saudalbazei.com/tabseet/#a85,منصة تبسيط,الأنظمة والتشريعات,شرح,رابط,,,False,1,a85,المادة الخامسة والثمانون، المادة ٨٥ تحول العقد الباطل,الفرع الثاني: إبطال العقد وبطلانه › ثالثًا: آثار إبطال العقد وبطلانه
tabseet_ncm_086,نظام المعاملات المدنية: المادة 86 — الاحتجاج بالإبطال على الخلف حسن النية,منصة تبسيط,,منصة تبسيط,,,,https://saudalbazei.com/tabseet/#a86,منصة تبسيط,الأنظمة والتشريعات,شرح,رابط,,,False,1,a86,المادة السادسة والثمانون، المادة ٨٦ الاحتجاج بالإبطال على الخلف حسن النية,الفرع الثاني: إبطال العقد وبطلانه › ثالثًا: آثار إبطال العقد وبطلانه
tabseet_ncm_087,نظام المعاملات المدنية: المادة 87 — حكم النيابة في التعاقد وأنواعها,منصة تبسيط,,منصة تبسيط,,,,https://saudalbazei.com/tabseet/#a87,منصة تبسيط,الأنظمة والتشريعات,شرح,رابط,,,False,1,a87,المادة السابعة والثمانون، المادة ٨٧ حكم النيابة في التعاقد وأنواعها,الفصل الأول: العقد › الفرع الثالث: النيابة في التعاقد
tabseet_ncm_088,نظام المعاملات المدنية: المادة 88 — تجاوز النائب حدود النيابة,منصة تبسيط,,منصة تبسيط,,,,https://saudalbazei.com/tabseet/#a88,منصة تبسيط,الأنظمة والتشريعات,شرح,رابط,,,False,1,a88,المادة الثامنة والثمانون، المادة ٨٨ تجاوز النائب حدود النيابة,الفصل الأول: العقد › الفرع الثالث: النيابة في التعاقد
tabseet_ncm_089,نظام المعاملات المدنية: المادة 89 — اعتبار شخص النائب في عيوب الرضى وما يؤثر العلم به,منصة تبسيط,,منصة تبسيط,,,,https://saudalbazei.com/tabseet/#a89,منصة تبسيط,الأنظمة والتشريعات,شرح,رابط,,,False,1,a89,المادة التاسعة والثمانون، المادة ٨٩ اعتبار شخص النائب في عيوب الرضى وما يؤثر العلم به,الفصل الأول: العقد › الفرع الثالث: النيابة في التعاقد
tabseet_ncm_090,نظام المعاملات المدنية: المادة 90 — أثر تعاقد النائب باسم الأصيل,منصة تبسيط,,منصة تبسيط,,,,https://saudalbazei.com/tabseet/#a90,منصة تبسيط,الأنظمة والتشريعات,شرح,رابط,,,False,1,a90,المادة التسعون، المادة ٩٠ أثر تعاقد النائب باسم الأصيل,الفصل الأول: العقد › الفرع الثالث: النيابة في التعاقد
tabseet_ncm_091,نظام المعاملات المدنية: المادة 91 — أثر تعاقد النائب باسمه,منصة تبسيط,,منصة تبسيط,,,,https://saudalbazei.com/tabseet/#a91,منصة تبسيط,الأنظمة والتشريعات,شرح,رابط,,,False,1,a91,المادة الحادية والتسعون، المادة ٩١ أثر تعاقد النائب باسمه,الفصل الأول: العقد › الفرع الثالث: النيابة في التعاقد
tabseet_ncm_092,نظام المعاملات المدنية: المادة 92 — الجهل بانتهاء النيابة,منصة تبسيط,,منصة تبسيط,,,,https://saudalbazei.com/tabseet/#a92,منصة تبسيط,الأنظمة والتشريعات,شرح,رابط,,,False,1,a92,المادة الثانية والتسعون، المادة ٩٢ الجهل بانتهاء النيابة,الفصل الأول: العقد › الفرع الثالث: النيابة في التعاقد
tabseet_ncm_093,نظام المعاملات المدنية: المادة 93 — تعاقد النائب مع نفسه,منصة تبسيط,,منصة تبسيط,,,,https://saudalbazei.com/tabseet/#a93,منصة تبسيط,الأنظمة والتشريعات,شرح,رابط,,,False,1,a93,المادة الثالثة والتسعون، المادة ٩٣ تعاقد النائب مع نفسه,الفصل الأول: العقد › الفرع الثالث: النيابة في التعاقد
tabseet_ncm_094,نظام المعاملات المدنية: المادة 94 — القوة الملزمة للعقد,منصة تبسيط,,منصة تبسيط,,,,https://saudalbazei.com/tabseet/#a94,منصة تبسيط,الأنظمة والتشريعات,شرح,رابط,,,False,1,a94,المادة الرابعة والتسعون، المادة ٩٤ القوة الملزمة للعقد,الفصل الأول: العقد › الفرع الرابع: آثار العقد
tabseet_ncm_095,نظام المعاملات المدنية: المادة 95 — تنفيذ العقد وتحديد نطاقه,منصة تبسيط,,منصة تبسيط,,,,https://saudalbazei.com/tabseet/#a95,منصة تبسيط,الأنظمة والتشريعات,شرح,رابط,,,False,1,a95,المادة الخامسة والتسعون، المادة ٩٥ تنفيذ العقد وتحديد نطاقه,الفصل الأول: العقد › الفرع الرابع: آثار العقد
tabseet_ncm_096,نظام المعاملات المدنية: المادة 96 — عقد الإذعان,منصة تبسيط,,منصة تبسيط,,,,https://saudalbazei.com/tabseet/#a96,منصة تبسيط,الأنظمة والتشريعات,شرح,رابط,,,False,1,a96,المادة السادسة والتسعون، المادة ٩٦ عقد الإذعان,الفصل الأول: العقد › الفرع الرابع: آثار العقد
tabseet_ncm_097,نظام المعاملات المدنية: المادة 97 — طروء الظروف الاستثنائية العامة,منصة تبسيط,,منصة تبسيط,,,,https://saudalbazei.com/tabseet/#a97,منصة تبسيط,الأنظمة والتشريعات,شرح,رابط,,,False,1,a97,المادة السابعة والتسعون، المادة ٩٧ طروء الظروف الاستثنائية العامة,الفصل الأول: العقد › الفرع الرابع: آثار العقد
tabseet_ncm_098,نظام المعاملات المدنية: المادة 98 — أثر العقد بالنسبة إلى المتعاقد وخلفه العام والخاص,منصة تبسيط,,منصة تبسيط,,,,https://saudalbazei.com/tabseet/#a98,منصة تبسيط,الأنظمة والتشريعات,شرح,رابط,,,False,1,a98,المادة الثامنة والتسعون، المادة ٩٨ أثر العقد بالنسبة إلى المتعاقد وخلفه العام والخاص,الفصل الأول: العقد › الفرع الرابع: آثار العقد
tabseet_ncm_099,نظام المعاملات المدنية: المادة 99 — أثر العقد بالنسبة إلى الغير,منصة تبسيط,,منصة تبسيط,,,,https://saudalbazei.com/tabseet/#a99,منصة تبسيط,الأنظمة والتشريعات,شرح,رابط,,,False,1,a99,المادة التاسعة والتسعون، المادة ٩٩ أثر العقد بالنسبة إلى الغير,الفصل الأول: العقد › الفرع الرابع: آثار العقد
tabseet_ncm_100,نظام المعاملات المدنية: المادة 100 — التعهد عن الغير,منصة تبسيط,,منصة تبسيط,,,,https://saudalbazei.com/tabseet/#a100,منصة تبسيط,الأنظمة والتشريعات,شرح,رابط,,,False,1,a100,المادة المائة، المادة ١٠٠ التعهد عن الغير,الفصل الأول: العقد › الفرع الرابع: آثار العقد
tabseet_ncm_101,نظام المعاملات المدنية: المادة 101 — الاشتراط لمصلحة الغير,منصة تبسيط,,منصة تبسيط,,,,https://saudalbazei.com/tabseet/#a101,منصة تبسيط,الأنظمة والتشريعات,شرح,رابط,,,False,1,a101,المادة الأولى بعد المائة، المادة ١٠١ الاشتراط لمصلحة الغير,الفصل الأول: العقد › الفرع الرابع: آثار العقد
tabseet_ncm_102,نظام المعاملات المدنية: المادة 102 — نقض الاشتراط لمصلحة الغير,منصة تبسيط,,منصة تبسيط,,,,https://saudalbazei.com/tabseet/#a102,منصة تبسيط,الأنظمة والتشريعات,شرح,رابط,,,False,1,a102,المادة الثانية بعد المائة، المادة ١٠٢ نقض الاشتراط لمصلحة الغير,الفصل الأول: العقد › الفرع الرابع: آثار العقد
tabseet_ncm_103,نظام المعاملات المدنية: المادة 103 — الاشتراط لمصلحة شخص مستقبل أو غير معين,منصة تبسيط,,منصة تبسيط,,,,https://saudalbazei.com/tabseet/#a103,منصة تبسيط,الأنظمة والتشريعات,شرح,رابط,,,False,1,a103,المادة الثالثة بعد المائة، المادة ١٠٣ الاشتراط لمصلحة شخص مستقبل أو غير معين,الفصل الأول: العقد › الفرع الرابع: آثار العقد
tabseet_ncm_104,نظام المعاملات المدنية: المادة 104 — قواعد تفسير العقد,منصة تبسيط,,منصة تبسيط,,,,https://saudalbazei.com/tabseet/#a104,منصة تبسيط,الأنظمة والتشريعات,شرح,رابط,,,False,1,a104,المادة الرابعة بعد المائة، المادة ١٠٤ قواعد تفسير العقد,الفصل الأول: العقد › الفرع الخامس: تفسير العقد
tabseet_ncm_105,نظام المعاملات المدنية: المادة 105 — الإقالة,منصة تبسيط,,منصة تبسيط,,,,https://saudalbazei.com/tabseet/#a105,منصة تبسيط,الأنظمة والتشريعات,شرح,رابط,,,False,1,a105,المادة الخامسة بعد المائة، المادة ١٠٥ الإقالة,الفرع السادس: فسخ العقد وانفساخه › أولاً: الإقالة
tabseet_ncm_106,نظام المعاملات المدنية: المادة 106 — خيار الشرط,منصة تبسيط,,منصة تبسيط,,,,https://saudalbazei.com/tabseet/#a106,منصة تبسيط,الأنظمة والتشريعات,شرح,رابط,,,False,1,a106,المادة السادسة بعد المائة، المادة ١٠٦ خيار الشرط,الفرع السادس: فسخ العقد وانفساخه › ثانيًا: خيار الشرط
tabseet_ncm_107,نظام المعاملات المدنية: المادة 107 — الفسخ القضائي,منصة تبسيط,,منصة تبسيط,,,,https://saudalbazei.com/tabseet/#a107,منصة تبسيط,الأنظمة والتشريعات,شرح,رابط,,,False,1,a107,المادة السابعة بعد المائة، المادة ١٠٧ الفسخ القضائي,الفرع السادس: فسخ العقد وانفساخه › ثالثًا: الإخلال بالالتزام
tabseet_ncm_108,نظام المعاملات المدنية: المادة 108 — الفسخ الاتفاقي,منصة تبسيط,,منصة تبسيط,,,,https://saudalbazei.com/tabseet/#a108,منصة تبسيط,الأنظمة والتشريعات,شرح,رابط,,,False,1,a108,المادة الثامنة بعد المائة، المادة ١٠٨ الفسخ الاتفاقي,الفرع السادس: فسخ العقد وانفساخه › ثالثًا: الإخلال بالالتزام
tabseet_ncm_109,نظام المعاملات المدنية: المادة 109 — ضمان العيوب في عقود المعاوضات,منصة تبسيط,,منصة تبسيط,,,,https://saudalbazei.com/tabseet/#a109,منصة تبسيط,الأنظمة والتشريعات,شرح,رابط,,,False,1,a109,المادة التاسعة بعد المائة، المادة ١٠٩ ضمان العيوب في عقود المعاوضات,الفرع السادس: فسخ العقد وانفساخه › ثالثًا: الإخلال بالالتزام
tabseet_ncm_110,نظام المعاملات المدنية: المادة 110 — استحالة التنفيذ,منصة تبسيط,,منصة تبسيط,,,,https://saudalbazei.com/tabseet/#a110,منصة تبسيط,الأنظمة والتشريعات,شرح,رابط,,,False,1,a110,المادة العاشرة بعد المائة، المادة ١١٠ استحالة التنفيذ,الفرع السادس: فسخ العقد وانفساخه › رابعًا: استحالة التنفيذ
tabseet_ncm_111,نظام المعاملات المدنية: المادة 111 — أثر الفسخ والانفساخ في العقد,منصة تبسيط,,منصة تبسيط,,,,https://saudalbazei.com/tabseet/#a111,منصة تبسيط,الأنظمة والتشريعات,شرح,رابط,,,False,1,a111,المادة الحادية عشرة بعد المائة، المادة ١١١ أثر الفسخ والانفساخ في العقد,الفرع السادس: فسخ العقد وانفساخه › خامسًا: آثار فسخ العقد وانفساخه
tabseet_ncm_112,نظام المعاملات المدنية: المادة 112 — الاحتجاج بالفسخ على الخلف حسن النية,منصة تبسيط,,منصة تبسيط,,,,https://saudalbazei.com/tabseet/#a112,منصة تبسيط,الأنظمة والتشريعات,شرح,رابط,,,False,1,a112,المادة الثانية عشرة بعد المائة، المادة ١١٢ الاحتجاج بالفسخ على الخلف حسن النية,الفرع السادس: فسخ العقد وانفساخه › خامسًا: آثار فسخ العقد وانفساخه
tabseet_ncm_113,نظام المعاملات المدنية: المادة 113 — أثر الفسخ في شرطي الالتزام بتسوية المنازعة والسرية,منصة تبسيط,,منصة تبسيط,,,,https://saudalbazei.com/tabseet/#a113,منصة تبسيط,الأنظمة والتشريعات,شرح,رابط,,,False,1,a113,المادة الثالثة عشرة بعد المائة، المادة ١١٣ أثر الفسخ في شرطي الالتزام بتسوية المنازعة والسرية,الفرع السادس: فسخ العقد وانفساخه › خامسًا: آثار فسخ العقد وانفساخه
tabseet_ncm_114,نظام المعاملات المدنية: المادة 114 — الدفع بعدم التنفيذ,منصة تبسيط,,منصة تبسيط,,,,https://saudalbazei.com/tabseet/#a114,منصة تبسيط,الأنظمة والتشريعات,شرح,رابط,,,False,1,a114,المادة الرابعة عشرة بعد المائة، المادة ١١٤ الدفع بعدم التنفيذ,الفرع السادس: فسخ العقد وانفساخه › سادسًا: الدفع بعدم التنفيذ
tabseet_ncm_115,نظام المعاملات المدنية: المادة 115 — نطاق الالتزام بإرادة منفردة,منصة تبسيط,,منصة تبسيط,,,,https://saudalbazei.com/tabseet/#a115,منصة تبسيط,الأنظمة والتشريعات,شرح,رابط,,,False,1,a115,المادة الخامسة عشرة بعد المائة، المادة ١١٥ نطاق الالتزام بإرادة منفردة,الباب الأول: مصادر الالتزام › الفصل الثاني: التصرف بإرادة منفردة
tabseet_ncm_116,نظام المعاملات المدنية: المادة 116 — أحكام التصرف بالإرادة المنفردة,منصة تبسيط,,منصة تبسيط,,,,https://saudalbazei.com/tabseet/#a116,منصة تبسيط,الأنظمة والتشريعات,شرح,رابط,,,False,1,a116,المادة السادسة عشرة بعد المائة، المادة ١١٦ أحكام التصرف بالإرادة المنفردة,الباب الأول: مصادر الالتزام › الفصل الثاني: التصرف بإرادة منفردة
tabseet_ncm_117,نظام المعاملات المدنية: المادة 117 — الوعد بالجائزة,منصة تبسيط,,منصة تبسيط,,,,https://saudalbazei.com/tabseet/#a117,منصة تبسيط,الأنظمة والتشريعات,شرح,رابط,,,False,1,a117,المادة السابعة عشرة بعد المائة، المادة ١١٧ الوعد بالجائزة,الباب الأول: مصادر الالتزام › الفصل الثاني: التصرف بإرادة منفردة
tabseet_ncm_118,نظام المعاملات المدنية: المادة 118 — نطاق أحكام هذا الفصل,منصة تبسيط,,منصة تبسيط,,,,https://saudalbazei.com/tabseet/#a118,منصة تبسيط,الأنظمة والتشريعات,شرح,رابط,,,False,1,a118,المادة الثامنة عشرة بعد المائة، المادة ١١٨ نطاق أحكام هذا الفصل,الباب الأول: مصادر الالتزام › الفصل الثالث: الفعل الضار
tabseet_ncm_119,نظام المعاملات المدنية: المادة 119 — أثر كل من المسؤوليتين المدنية والجزائية في الأخرى,منصة تبسيط,,منصة تبسيط,,,,https://saudalbazei.com/tabseet/#a119,منصة تبسيط,الأنظمة والتشريعات,شرح,رابط,,,False,1,a119,المادة التاسعة عشرة بعد المائة، المادة ١١٩ أثر كل من المسؤوليتين المدنية والجزائية في الأخرى,الباب الأول: مصادر الالتزام › الفصل الثالث: الفعل الضار
tabseet_ncm_120,نظام المعاملات المدنية: المادة 120 — أركان المسؤولية التقصيرية,منصة تبسيط,,منصة تبسيط,,,,https://saudalbazei.com/tabseet/#a120,منصة تبسيط,الأنظمة والتشريعات,شرح,رابط,,,False,1,a120,المادة العشرون بعد المائة، المادة ١٢٠ أركان المسؤولية التقصيرية,الفصل الثالث: الفعل الضار › الفرع الأول: مسؤولية الشخص عن فعله
tabseet_ncm_121,نظام المعاملات المدنية: المادة 121 — الفعل الضار بالمباشرة,منصة تبسيط,,منصة تبسيط,,,,https://saudalbazei.com/tabseet/#a121,منصة تبسيط,الأنظمة والتشريعات,شرح,رابط,,,False,1,a121,المادة الحادية والعشرون بعد المائة، المادة ١٢١ الفعل الضار بالمباشرة,الفصل الثالث: الفعل الضار › الفرع الأول: مسؤولية الشخص عن فعله
tabseet_ncm_122,نظام المعاملات المدنية: المادة 122 — العنصر المعنوي للخطأ,منصة تبسيط,,منصة تبسيط,,,,https://saudalbazei.com/tabseet/#a122,منصة تبسيط,الأنظمة والتشريعات,شرح,رابط,,,False,1,a122,المادة الثانية والعشرون بعد المائة، المادة ١٢٢ العنصر المعنوي للخطأ,الفصل الثالث: الفعل الضار › الفرع الأول: مسؤولية الشخص عن فعله
tabseet_ncm_123,نظام المعاملات المدنية: المادة 123 — إحداث الضرر في حالة الدفاع المشروع,منصة تبسيط,,منصة تبسيط,,,,https://saudalbazei.com/tabseet/#a123,منصة تبسيط,الأنظمة والتشريعات,شرح,رابط,,,False,1,a123,المادة الثالثة والعشرون بعد المائة، المادة ١٢٣ إحداث الضرر في حالة الدفاع المشروع,الفصل الثالث: الفعل الضار › الفرع الأول: مسؤولية الشخص عن فعله
tabseet_ncm_124,نظام المعاملات المدنية: المادة 124 — إحداث الضرر في حالة الضرورة,منصة تبسيط,,منصة تبسيط,,,,https://saudalbazei.com/tabseet/#a124,منصة تبسيط,الأنظمة والتشريعات,شرح,رابط,,,False,1,a124,المادة الرابعة والعشرون بعد المائة، المادة ١٢٤ إحداث الضرر في حالة الضرورة,الفصل الثالث: الفعل الضار › الفرع الأول: مسؤولية الشخص عن فعله
tabseet_ncm_125,نظام المعاملات المدنية: المادة 125 — انتفاء علاقة السببية,منصة تبسيط,,منصة تبسيط,,,,https://saudalbazei.com/tabseet/#a125,منصة تبسيط,الأنظمة والتشريعات,شرح,رابط,,,False,1,a125,المادة الخامسة والعشرون بعد المائة، المادة ١٢٥ انتفاء علاقة السببية,الفصل الثالث: الفعل الضار › الفرع الأول: مسؤولية الشخص عن فعله
tabseet_ncm_126,نظام المعاملات المدنية: المادة 126 — إحداث الضرر من الموظف العام,منصة تبسيط,,منصة تبسيط,,,,https://saudalbazei.com/tabseet/#a126,منصة تبسيط,الأنظمة والتشريعات,شرح,رابط,,,False,1,a126,المادة السادسة والعشرون بعد المائة، المادة ١٢٦ إحداث الضرر من الموظف العام,الفصل الثالث: الفعل الضار › الفرع الأول: مسؤولية الشخص عن فعله
tabseet_ncm_127,نظام المعاملات المدنية: المادة 127 — تعدد المسؤولين عن الفعل الضار,منصة تبسيط,,منصة تبسيط,,,,https://saudalbazei.com/tabseet/#a127,منصة تبسيط,الأنظمة والتشريعات,شرح,رابط,,,False,1,a127,المادة السابعة والعشرون بعد المائة، المادة ١٢٧ تعدد المسؤولين عن الفعل الضار,الفصل الثالث: الفعل الضار › الفرع الأول: مسؤولية الشخص عن فعله
tabseet_ncm_128,نظام المعاملات المدنية: المادة 128 — اشتراك المتضرر في الفعل الضار,منصة تبسيط,,منصة تبسيط,,,,https://saudalbazei.com/tabseet/#a128,منصة تبسيط,الأنظمة والتشريعات,شرح,رابط,,,False,1,a128,المادة الثامنة والعشرون بعد المائة، المادة ١٢٨ اشتراك المتضرر في الفعل الضار,الفصل الثالث: الفعل الضار › الفرع الأول: مسؤولية الشخص عن فعله
tabseet_ncm_129,نظام المعاملات المدنية: المادة 129 — المسؤولية عن فعل الغير,منصة تبسيط,,منصة تبسيط,,,,https://saudalbazei.com/tabseet/#a129,منصة تبسيط,الأنظمة والتشريعات,شرح,رابط,,,False,1,a129,المادة التاسعة والعشرون بعد المائة، المادة ١٢٩ المسؤولية عن فعل الغير,الفصل الثالث: الفعل الضار › الفرع الثاني: المسؤولية عن فعل الغير
tabseet_ncm_130,نظام المعاملات المدنية: المادة 130 — المسؤولية عن الضرر الذي يحدثه الحيوان,منصة تبسيط,,منصة تبسيط,,,,https://saudalbazei.com/tabseet/#a130,منصة تبسيط,الأنظمة والتشريعات,شرح,رابط,,,False,1,a130,المادة الثلاثون بعد المائة، المادة ١٣٠ المسؤولية عن الضرر الذي يحدثه الحيوان,الفصل الثالث: الفعل الضار › الفرع الثالث: المسؤولية عن الضرر الناجم عن الأشياء
tabseet_ncm_131,نظام المعاملات المدنية: المادة 131 — المسؤولية عن الضرر الذي يحدثه تهدم البناء,منصة تبسيط,,منصة تبسيط,,,,https://saudalbazei.com/tabseet/#a131,منصة تبسيط,الأنظمة والتشريعات,شرح,رابط,,,False,1,a131,المادة الحادية والثلاثون بعد المائة، المادة ١٣١ المسؤولية عن الضرر الذي يحدثه تهدم البناء,الفصل الثالث: الفعل الضار › الفرع الثالث: المسؤولية عن الضرر الناجم عن الأشياء
tabseet_ncm_132,نظام المعاملات المدنية: المادة 132 — المسؤولية عن الضرر الذي تحدثه الأشياء,منصة تبسيط,,منصة تبسيط,,,,https://saudalbazei.com/tabseet/#a132,منصة تبسيط,الأنظمة والتشريعات,شرح,رابط,,,False,1,a132,المادة الثانية والثلاثون بعد المائة، المادة ١٣٢ المسؤولية عن الضرر الذي تحدثه الأشياء,الفصل الثالث: الفعل الضار › الفرع الثالث: المسؤولية عن الضرر الناجم عن الأشياء
tabseet_ncm_133,نظام المعاملات المدنية: المادة 133 — توقي الضرر المحتمل من الأشياء,منصة تبسيط,,منصة تبسيط,,,,https://saudalbazei.com/tabseet/#a133,منصة تبسيط,الأنظمة والتشريعات,شرح,رابط,,,False,1,a133,المادة الثالثة والثلاثون بعد المائة، المادة ١٣٣ توقي الضرر المحتمل من الأشياء,الفصل الثالث: الفعل الضار › الفرع الثالث: المسؤولية عن الضرر الناجم عن الأشياء
tabseet_ncm_134,نظام المعاملات المدنية: المادة 134 — مفهوم حارس الشيء,منصة تبسيط,,منصة تبسيط,,,,https://saudalbazei.com/tabseet/#a134,منصة تبسيط,الأنظمة والتشريعات,شرح,رابط,,,False,1,a134,المادة الرابعة والثلاثون بعد المائة، المادة ١٣٤ مفهوم حارس الشيء,الفصل الثالث: الفعل الضار › الفرع الثالث: المسؤولية عن الضرر الناجم عن الأشياء
tabseet_ncm_135,نظام المعاملات المدنية: المادة 135 — حدود استعمال الحق في المنافع العامة,منصة تبسيط,,منصة تبسيط,,,,https://saudalbazei.com/tabseet/#a135,منصة تبسيط,الأنظمة والتشريعات,شرح,رابط,,,False,1,a135,المادة الخامسة والثلاثون بعد المائة، المادة ١٣٥ حدود استعمال الحق في المنافع العامة,الفصل الثالث: الفعل الضار › الفرع الثالث: المسؤولية عن الضرر الناجم عن الأشياء
tabseet_ncm_136,نظام المعاملات المدنية: المادة 136 — الأصل في التعويض,منصة تبسيط,,منصة تبسيط,,,,https://saudalbazei.com/tabseet/#a136,منصة تبسيط,الأنظمة والتشريعات,شرح,رابط,,,False,1,a136,المادة السادسة والثلاثون بعد المائة، المادة ١٣٦ الأصل في التعويض,الفصل الثالث: الفعل الضار › الفرع الرابع: التعويض عن الضرر
tabseet_ncm_137,نظام المعاملات المدنية: المادة 137 — مقدار التعويض,منصة تبسيط,,منصة تبسيط,,,,https://saudalbazei.com/tabseet/#a137,منصة تبسيط,الأنظمة والتشريعات,شرح,رابط,,,False,1,a137,المادة السابعة والثلاثون بعد المائة، المادة ١٣٧ مقدار التعويض,الفصل الثالث: الفعل الضار › الفرع الرابع: التعويض عن الضرر
tabseet_ncm_138,نظام المعاملات المدنية: المادة 138 — التعويض عن الضرر المعنوي,منصة تبسيط,,منصة تبسيط,,,,https://saudalbazei.com/tabseet/#a138,منصة تبسيط,الأنظمة والتشريعات,شرح,رابط,,,False,1,a138,المادة الثامنة والثلاثون بعد المائة، المادة ١٣٨ التعويض عن الضرر المعنوي,الفصل الثالث: الفعل الضار › الفرع الرابع: التعويض عن الضرر
tabseet_ncm_139,نظام المعاملات المدنية: المادة 139 — ما يكون به التعويض وطريقة أدائه,منصة تبسيط,,منصة تبسيط,,,,https://saudalbazei.com/tabseet/#a139,منصة تبسيط,الأنظمة والتشريعات,شرح,رابط,,,False,1,a139,المادة التاسعة والثلاثون بعد المائة، المادة ١٣٩ ما يكون به التعويض وطريقة أدائه,الفصل الثالث: الفعل الضار › الفرع الرابع: التعويض عن الضرر
tabseet_ncm_140,نظام المعاملات المدنية: المادة 140 — أثر التلف الجسيم في الشيء,منصة تبسيط,,منصة تبسيط,,,,https://saudalbazei.com/tabseet/#a140,منصة تبسيط,الأنظمة والتشريعات,شرح,رابط,,,False,1,a140,المادة الأربعون بعد المائة، المادة ١٤٠ أثر التلف الجسيم في الشيء,الفصل الثالث: الفعل الضار › الفرع الرابع: التعويض عن الضرر
tabseet_ncm_141,نظام المعاملات المدنية: المادة 141 — التقدير الأولي للتعويض,منصة تبسيط,,منصة تبسيط,,,,https://saudalbazei.com/tabseet/#a141,منصة تبسيط,الأنظمة والتشريعات,شرح,رابط,,,False,1,a141,المادة الحادية والأربعون بعد المائة، المادة ١٤١ التقدير الأولي للتعويض,الفصل الثالث: الفعل الضار › الفرع الرابع: التعويض عن الضرر
tabseet_ncm_142,نظام المعاملات المدنية: المادة 142 — التعويض عن الضرر الواقع على النفس أو ما دونها,منصة تبسيط,,منصة تبسيط,,,,https://saudalbazei.com/tabseet/#a142,منصة تبسيط,الأنظمة والتشريعات,شرح,رابط,,,False,1,a142,المادة الثانية والأربعون بعد المائة، المادة ١٤٢ التعويض عن الضرر الواقع على النفس أو ما دونها,الفصل الثالث: الفعل الضار › الفرع الرابع: التعويض عن الضرر
tabseet_ncm_143,نظام المعاملات المدنية: المادة 143 — مدد التقادم في دعوى التعويض عن الفعل الضار,منصة تبسيط,,منصة تبسيط,,,,https://saudalbazei.com/tabseet/#a143,منصة تبسيط,الأنظمة والتشريعات,شرح,رابط,,,False,1,a143,المادة الثالثة والأربعون بعد المائة، المادة ١٤٣ مدد التقادم في دعوى التعويض عن الفعل الضار,الفصل الثالث: الفعل الضار › الفرع الرابع: التعويض عن الضرر
tabseet_ncm_144,نظام المعاملات المدنية: المادة 144 — القاعدة العامة في الإثراء بلا سبب,منصة تبسيط,,منصة تبسيط,,,,https://saudalbazei.com/tabseet/#a144,منصة تبسيط,الأنظمة والتشريعات,شرح,رابط,,,False,1,a144,المادة الرابعة والأربعون بعد المائة، المادة ١٤٤ القاعدة العامة في الإثراء بلا سبب,الباب الأول: مصادر الالتزام › الفصل الرابع: الإثراء بلا سبب
tabseet_ncm_145,نظام المعاملات المدنية: المادة 145 — القاعدة العامة في دفع غير المستحق,منصة تبسيط,,منصة تبسيط,,,,https://saudalbazei.com/tabseet/#a145,منصة تبسيط,الأنظمة والتشريعات,شرح,رابط,,,False,1,a145,المادة الخامسة والأربعون بعد المائة، المادة ١٤٥ القاعدة العامة في دفع غير المستحق,الفصل الرابع: الإثراء بلا سبب › الفرع الأول: دفع غير المستحق
tabseet_ncm_146,نظام المعاملات المدنية: المادة 146 — حالات استرداد غير المستحق,منصة تبسيط,,منصة تبسيط,,,,https://saudalbazei.com/tabseet/#a146,منصة تبسيط,الأنظمة والتشريعات,شرح,رابط,,,False,1,a146,المادة السادسة والأربعون بعد المائة، المادة ١٤٦ حالات استرداد غير المستحق,الفصل الرابع: الإثراء بلا سبب › الفرع الأول: دفع غير المستحق
tabseet_ncm_147,نظام المعاملات المدنية: المادة 147 — حالات امتناع استرداد غير المستحق,منصة تبسيط,,منصة تبسيط,,,,https://saudalbazei.com/tabseet/#a147,منصة تبسيط,الأنظمة والتشريعات,شرح,رابط,,,False,1,a147,المادة السابعة والأربعون بعد المائة، المادة ١٤٧ حالات امتناع استرداد غير المستحق,الفصل الرابع: الإثراء بلا سبب › الفرع الأول: دفع غير المستحق
tabseet_ncm_148,نظام المعاملات المدنية: المادة 148 — ما يجب رده في تسلم غير المستحق,منصة تبسيط,,منصة تبسيط,,,,https://saudalbazei.com/tabseet/#a148,منصة تبسيط,الأنظمة والتشريعات,شرح,رابط,,,False,1,a148,المادة الثامنة والأربعون بعد المائة، المادة ١٤٨ ما يجب رده في تسلم غير المستحق,الفصل الرابع: الإثراء بلا سبب › الفرع الأول: دفع غير المستحق
tabseet_ncm_149,نظام المعاملات المدنية: المادة 149 — أثر نقص الأهلية في المسؤولية عن تسلم غير المستحق,منصة تبسيط,,منصة تبسيط,,,,https://saudalbazei.com/tabseet/#a149,منصة تبسيط,الأنظمة والتشريعات,شرح,رابط,,,False,1,a149,المادة التاسعة والأربعون بعد المائة، المادة ١٤٩ أثر نقص الأهلية في المسؤولية عن تسلم غير المستحق,الفصل الرابع: الإثراء بلا سبب › الفرع الأول: دفع غير المستحق
tabseet_ncm_150,نظام المعاملات المدنية: المادة 150 — مفهوم الفضالة,منصة تبسيط,,منصة تبسيط,,,,https://saudalbazei.com/tabseet/#a150,منصة تبسيط,الأنظمة والتشريعات,شرح,رابط,,,False,1,a150,المادة الخمسون بعد المائة، المادة ١٥٠ مفهوم الفضالة,الفصل الرابع: الإثراء بلا سبب › الفرع الثاني: الفضالة
tabseet_ncm_151,نظام المعاملات المدنية: المادة 151 — أثر الارتباط بين شأن الفضولي والغير في الفضالة,منصة تبسيط,,منصة تبسيط,,,,https://saudalbazei.com/tabseet/#a151,منصة تبسيط,الأنظمة والتشريعات,شرح,رابط,,,False,1,a151,المادة الحادية والخمسون بعد المائة، المادة ١٥١ أثر الارتباط بين شأن الفضولي والغير في الفضالة,الفصل الرابع: الإثراء بلا سبب › الفرع الثاني: الفضالة
tabseet_ncm_152,نظام المعاملات المدنية: المادة 152 — أثر إجازة المنتفع ما قام به الفضولي,منصة تبسيط,,منصة تبسيط,,,,https://saudalbazei.com/tabseet/#a152,منصة تبسيط,الأنظمة والتشريعات,شرح,رابط,,,False,1,a152,المادة الثانية والخمسون بعد المائة، المادة ١٥٢ أثر إجازة المنتفع ما قام به الفضولي,الفصل الرابع: الإثراء بلا سبب › الفرع الثاني: الفضالة
tabseet_ncm_153,نظام المعاملات المدنية: المادة 153 — التزام الفضولي بالمضي في العمل وإعلام المنتفع,منصة تبسيط,,منصة تبسيط,,,,https://saudalbazei.com/tabseet/#a153,منصة تبسيط,الأنظمة والتشريعات,شرح,رابط,,,False,1,a153,المادة الثالثة والخمسون بعد المائة، المادة ١٥٣ التزام الفضولي بالمضي في العمل وإعلام المنتفع,الفصل الرابع: الإثراء بلا سبب › الفرع الثاني: الفضالة
tabseet_ncm_154,نظام المعاملات المدنية: المادة 154 — العناية الواجبة على الفضولي,منصة تبسيط,,منصة تبسيط,,,,https://saudalbazei.com/tabseet/#a154,منصة تبسيط,الأنظمة والتشريعات,شرح,رابط,,,False,1,a154,المادة الرابعة والخمسون بعد المائة، المادة ١٥٤ العناية الواجبة على الفضولي,الفصل الرابع: الإثراء بلا سبب › الفرع الثاني: الفضالة
tabseet_ncm_155,نظام المعاملات المدنية: المادة 155 — مسؤولية الفضولي عن الغير المعهود إليه بالعمل,منصة تبسيط,,منصة تبسيط,,,,https://saudalbazei.com/tabseet/#a155,منصة تبسيط,الأنظمة والتشريعات,شرح,رابط,,,False,1,a155,المادة الخامسة والخمسون بعد المائة، المادة ١٥٥ مسؤولية الفضولي عن الغير المعهود إليه بالعمل,الفصل الرابع: الإثراء بلا سبب › الفرع الثاني: الفضالة
tabseet_ncm_156,نظام المعاملات المدنية: المادة 156 — التزام الفضولي برد ما حصل لديه وتقديم حساب عن عمله,منصة تبسيط,,منصة تبسيط,,,,https://saudalbazei.com/tabseet/#a156,منصة تبسيط,الأنظمة والتشريعات,شرح,رابط,,,False,1,a156,المادة السادسة والخمسون بعد المائة، المادة ١٥٦ التزام الفضولي برد ما حصل لديه وتقديم حساب عن عمله,الفصل الرابع: الإثراء بلا سبب › الفرع الثاني: الفضالة
tabseet_ncm_157,نظام المعاملات المدنية: المادة 157 — نيابة الفضولي عن المنتفع,منصة تبسيط,,منصة تبسيط,,,,https://saudalbazei.com/tabseet/#a157,منصة تبسيط,الأنظمة والتشريعات,شرح,رابط,,,False,1,a157,المادة السابعة والخمسون بعد المائة، المادة ١٥٧ نيابة الفضولي عن المنتفع,الفصل الرابع: الإثراء بلا سبب › الفرع الثاني: الفضالة
tabseet_ncm_158,نظام المعاملات المدنية: المادة 158 — أثر موت الفضولي أو المنتفع في الفضالة,منصة تبسيط,,منصة تبسيط,,,,https://saudalbazei.com/tabseet/#a158,منصة تبسيط,الأنظمة والتشريعات,شرح,رابط,,,False,1,a158,المادة الثامنة والخمسون بعد المائة، المادة ١٥٨ أثر موت الفضولي أو المنتفع في الفضالة,الفصل الرابع: الإثراء بلا سبب › الفرع الثاني: الفضالة
tabseet_ncm_159,نظام المعاملات المدنية: المادة 159 — عدم سماع الدعوى,منصة تبسيط,,منصة تبسيط,,,,https://saudalbazei.com/tabseet/#a159,منصة تبسيط,الأنظمة والتشريعات,شرح,رابط,,,False,1,a159,المادة التاسعة والخمسون بعد المائة، المادة ١٥٩ عدم سماع الدعوى,الفصل الرابع: الإثراء بلا سبب › الفرع الثالث: عدم سماع الدعوى
tabseet_ncm_160,نظام المعاملات المدنية: المادة 160 — النظام,منصة تبسيط,,منصة تبسيط,,,,https://saudalbazei.com/tabseet/#a160,منصة تبسيط,الأنظمة والتشريعات,شرح,رابط,,,False,1,a160,المادة الستون بعد المائة، المادة ١٦٠ النظام,الباب الأول: مصادر الالتزام › الفصل الخامس: النظام
tabseet_ncm_161,نظام المعاملات المدنية: المادة 161 — التنفيذ الجبري للالتزام,منصة تبسيط,,منصة تبسيط,,,,https://saudalbazei.com/tabseet/#a161,منصة تبسيط,الأنظمة والتشريعات,شرح,رابط,,,False,1,a161,المادة الحادية والستون بعد المائة، المادة ١٦١ التنفيذ الجبري للالتزام,القسم الأول: الالتزامات (الحقوق الشخصية) › الباب الثاني: آثار الالتزام
tabseet_ncm_162,نظام المعاملات المدنية: المادة 162 — مفهوم الالتزام القائم ديانةً وأثر الوفاء به,منصة تبسيط,,منصة تبسيط,,,,https://saudalbazei.com/tabseet/#a162,منصة تبسيط,الأنظمة والتشريعات,شرح,رابط,,,False,1,a162,المادة الثانية والستون بعد المائة، المادة ١٦٢ مفهوم الالتزام القائم ديانةً وأثر الوفاء به,القسم الأول: الالتزامات (الحقوق الشخصية) › الباب الثاني: آثار الالتزام
tabseet_ncm_163,نظام المعاملات المدنية: المادة 163 — استناد الالتزام النظامي على التزام قائم ديانة,منصة تبسيط,,منصة تبسيط,,,,https://saudalbazei.com/tabseet/#a163,منصة تبسيط,الأنظمة والتشريعات,شرح,رابط,,,False,1,a163,المادة الثالثة والستون بعد المائة، المادة ١٦٣ استناد الالتزام النظامي على التزام قائم ديانة,القسم الأول: الالتزامات (الحقوق الشخصية) › الباب الثاني: آثار الالتزام
tabseet_ncm_164,نظام المعاملات المدنية: المادة 164 — شروط التنفيذ العيني,منصة تبسيط,,منصة تبسيط,,,,https://saudalbazei.com/tabseet/#a164,منصة تبسيط,الأنظمة والتشريعات,شرح,رابط,,,False,1,a164,المادة الرابعة والستون بعد المائة، المادة ١٦٤ شروط التنفيذ العيني,الباب الثاني: آثار الالتزام › الفصل الأول: التنفيذ العيني
tabseet_ncm_165,نظام المعاملات المدنية: المادة 165 — كيفية التنفيذ العيني في الالتزام بنقل حق عيني,منصة تبسيط,,منصة تبسيط,,,,https://saudalbazei.com/tabseet/#a165,منصة تبسيط,الأنظمة والتشريعات,شرح,رابط,,,False,1,a165,المادة الخامسة والستون بعد المائة، المادة ١٦٥ كيفية التنفيذ العيني في الالتزام بنقل حق عيني,الباب الثاني: آثار الالتزام › الفصل الأول: التنفيذ العيني
tabseet_ncm_166,نظام المعاملات المدنية: المادة 166 — أثر عدم التسليم في تحمل تبعة الهلاك أو التلف,منصة تبسيط,,منصة تبسيط,,,,https://saudalbazei.com/tabseet/#a166,منصة تبسيط,الأنظمة والتشريعات,شرح,رابط,,,False,1,a166,المادة السادسة والستون بعد المائة، المادة ١٦٦ أثر عدم التسليم في تحمل تبعة الهلاك أو التلف,الباب الثاني: آثار الالتزام › الفصل الأول: التنفيذ العيني
tabseet_ncm_167,نظام المعاملات المدنية: المادة 167 — أحكام التنفيذ العيني في الالتزام بعمل,منصة تبسيط,,منصة تبسيط,,,,https://saudalbazei.com/tabseet/#a167,منصة تبسيط,الأنظمة والتشريعات,شرح,رابط,,,False,1,a167,المادة السابعة والستون بعد المائة، المادة ١٦٧ أحكام التنفيذ العيني في الالتزام بعمل,الباب الثاني: آثار الالتزام › الفصل الأول: التنفيذ العيني
tabseet_ncm_168,نظام المعاملات المدنية: المادة 168 — المطلوب من المدين في الالتزام بعمل,منصة تبسيط,,منصة تبسيط,,,,https://saudalbazei.com/tabseet/#a168,منصة تبسيط,الأنظمة والتشريعات,شرح,رابط,,,False,1,a168,المادة الثامنة والستون بعد المائة، المادة ١٦٨ المطلوب من المدين في الالتزام بعمل,الباب الثاني: آثار الالتزام › الفصل الأول: التنفيذ العيني
tabseet_ncm_169,نظام المعاملات المدنية: المادة 169 — الإخلال بالالتزام بالامتناع عن عمل,منصة تبسيط,,منصة تبسيط,,,,https://saudalbazei.com/tabseet/#a169,منصة تبسيط,الأنظمة والتشريعات,شرح,رابط,,,False,1,a169,المادة التاسعة والستون بعد المائة، المادة ١٦٩ الإخلال بالالتزام بالامتناع عن عمل,الباب الثاني: آثار الالتزام › الفصل الأول: التنفيذ العيني
tabseet_ncm_170,نظام المعاملات المدنية: المادة 170 — التعويض لعدم الوفاء,منصة تبسيط,,منصة تبسيط,,,,https://saudalbazei.com/tabseet/#a170,منصة تبسيط,الأنظمة والتشريعات,شرح,رابط,,,False,1,a170,المادة السبعون بعد المائة، المادة ١٧٠ التعويض لعدم الوفاء,الباب الثاني: آثار الالتزام › الفصل الثاني: التنفيذ بطريق التعويض
tabseet_ncm_171,نظام المعاملات المدنية: المادة 171 — التعويض للتأخر في التنفيذ,منصة تبسيط,,منصة تبسيط,,,,https://saudalbazei.com/tabseet/#a171,منصة تبسيط,الأنظمة والتشريعات,شرح,رابط,,,False,1,a171,المادة الحادية والسبعون بعد المائة، المادة ١٧١ التعويض للتأخر في التنفيذ,الباب الثاني: آثار الالتزام › الفصل الثاني: التنفيذ بطريق التعويض
tabseet_ncm_172,نظام المعاملات المدنية: المادة 172 — اشتراك الدائن في إحداث الضرر,منصة تبسيط,,منصة تبسيط,,,,https://saudalbazei.com/tabseet/#a172,منصة تبسيط,الأنظمة والتشريعات,شرح,رابط,,,False,1,a172,المادة الثانية والسبعون بعد المائة، المادة ١٧٢ اشتراك الدائن في إحداث الضرر,الباب الثاني: آثار الالتزام › الفصل الثاني: التنفيذ بطريق التعويض
tabseet_ncm_173,نظام المعاملات المدنية: المادة 173 — الشروط المخففة من المسؤولية,منصة تبسيط,,منصة تبسيط,,,,https://saudalbazei.com/tabseet/#a173,منصة تبسيط,الأنظمة والتشريعات,شرح,رابط,,,False,1,a173,المادة الثالثة والسبعون بعد المائة، المادة ١٧٣ الشروط المخففة من المسؤولية,الباب الثاني: آثار الالتزام › الفصل الثاني: التنفيذ بطريق التعويض
tabseet_ncm_174,نظام المعاملات المدنية: المادة 174 — اشتراط تحمل المدين تبعة القوة القاهرة,منصة تبسيط,,منصة تبسيط,,,,https://saudalbazei.com/tabseet/#a174,منصة تبسيط,الأنظمة والتشريعات,شرح,رابط,,,False,1,a174,المادة الرابعة والسبعون بعد المائة، المادة ١٧٤ اشتراط تحمل المدين تبعة القوة القاهرة,الباب الثاني: آثار الالتزام › الفصل الثاني: التنفيذ بطريق التعويض
tabseet_ncm_175,نظام المعاملات المدنية: المادة 175 — اشتراط الإعذار لاستحقاق التعويض,منصة تبسيط,,منصة تبسيط,,,,https://saudalbazei.com/tabseet/#a175,منصة تبسيط,الأنظمة والتشريعات,شرح,رابط,,,False,1,a175,المادة الخامسة والسبعون بعد المائة، المادة ١٧٥ اشتراط الإعذار لاستحقاق التعويض,الباب الثاني: آثار الالتزام › الفصل الثاني: التنفيذ بطريق التعويض
tabseet_ncm_176,نظام المعاملات المدنية: المادة 176 — الحالات التي لا يشترط فيها الإعذار,منصة تبسيط,,منصة تبسيط,,,,https://saudalbazei.com/tabseet/#a176,منصة تبسيط,الأنظمة والتشريعات,شرح,رابط,,,False,1,a176,المادة السادسة والسبعون بعد المائة، المادة ١٧٦ الحالات التي لا يشترط فيها الإعذار,الباب الثاني: آثار الالتزام › الفصل الثاني: التنفيذ بطريق التعويض
tabseet_ncm_177,نظام المعاملات المدنية: المادة 177 — كيفية الإعذار,منصة تبسيط,,منصة تبسيط,,,,https://saudalbazei.com/tabseet/#a177,منصة تبسيط,الأنظمة والتشريعات,شرح,رابط,,,False,1,a177,المادة السابعة والسبعون بعد المائة، المادة ١٧٧ كيفية الإعذار,الباب الثاني: آثار الالتزام › الفصل الثاني: التنفيذ بطريق التعويض
tabseet_ncm_178,نظام المعاملات المدنية: المادة 178 — حكم التعويض الاتفاقي,منصة تبسيط,,منصة تبسيط,,,,https://saudalbazei.com/tabseet/#a178,منصة تبسيط,الأنظمة والتشريعات,شرح,رابط,,,False,1,a178,المادة الثامنة والسبعون بعد المائة، المادة ١٧٨ حكم التعويض الاتفاقي,الباب الثاني: آثار الالتزام › الفصل الثاني: التنفيذ بطريق التعويض
tabseet_ncm_179,نظام المعاملات المدنية: المادة 179 — شرط استحقاق التعويض الاتفاقي وسلطة المحكمة في تعديله,منصة تبسيط,,منصة تبسيط,,,,https://saudalbazei.com/tabseet/#a179,منصة تبسيط,الأنظمة والتشريعات,شرح,رابط,,,False,1,a179,المادة التاسعة والسبعون بعد المائة، المادة ١٧٩ شرط استحقاق التعويض الاتفاقي وسلطة المحكمة في تعديله,الباب الثاني: آثار الالتزام › الفصل الثاني: التنفيذ بطريق التعويض
tabseet_ncm_180,نظام المعاملات المدنية: المادة 180 — تقدير التعويض القضائي,منصة تبسيط,,منصة تبسيط,,,,https://saudalbazei.com/tabseet/#a180,منصة تبسيط,الأنظمة والتشريعات,شرح,رابط,,,False,1,a180,المادة الثمانون بعد المائة، المادة ١٨٠ تقدير التعويض القضائي,الباب الثاني: آثار الالتزام › الفصل الثاني: التنفيذ بطريق التعويض
tabseet_ncm_181,نظام المعاملات المدنية: المادة 181 — تساوي الدائنين في الضمان العام,منصة تبسيط,,منصة تبسيط,,,,https://saudalbazei.com/tabseet/#a181,منصة تبسيط,الأنظمة والتشريعات,شرح,رابط,,,False,1,a181,المادة الحادية والثمانون بعد المائة، المادة ١٨١ تساوي الدائنين في الضمان العام,الباب الثاني: آثار الالتزام › الفصل الثالث: ضمانات تنفيذ الالتزام
tabseet_ncm_182,نظام المعاملات المدنية: المادة 182 — الدعوى غير المباشرة,منصة تبسيط,,منصة تبسيط,,,,https://saudalbazei.com/tabseet/#a182,منصة تبسيط,الأنظمة والتشريعات,شرح,رابط,,,False,1,a182,المادة الثانية والثمانون بعد المائة، المادة ١٨٢ الدعوى غير المباشرة,الفصل الثالث: ضمانات تنفيذ الالتزام › الفرع الأول: استعمال الدائن حقوق مدينه
tabseet_ncm_183,نظام المعاملات المدنية: المادة 183 — شروط دعوى عدم نفاذ تصرفات المدين في حق دائنيه,منصة تبسيط,,منصة تبسيط,,,,https://saudalbazei.com/tabseet/#a183,منصة تبسيط,الأنظمة والتشريعات,شرح,رابط,,,False,1,a183,المادة الثالثة والثمانون بعد المائة، المادة ١٨٣ شروط دعوى عدم نفاذ تصرفات المدين في حق دائنيه,الفصل الثالث: ضمانات تنفيذ الالتزام › الفرع الثاني: دعوى عدم نفاذ تصرفات المدين في حق دائنيه
tabseet_ncm_184,نظام المعاملات المدنية: المادة 184 — التخلص من دعوى منع نفاذ تصرفات المدين في حق دائنيه,منصة تبسيط,,منصة تبسيط,,,,https://saudalbazei.com/tabseet/#a184,منصة تبسيط,الأنظمة والتشريعات,شرح,رابط,,,False,1,a184,المادة الرابعة والثمانون بعد المائة، المادة ١٨٤ التخلص من دعوى منع نفاذ تصرفات المدين في حق دائنيه,الفصل الثالث: ضمانات تنفيذ الالتزام › الفرع الثاني: دعوى عدم نفاذ تصرفات المدين في حق دائنيه
tabseet_ncm_185,نظام المعاملات المدنية: المادة 185 — عدم نفاذ تصرفات المدين التي يقصد منها تفضيل أحد دائنيه,منصة تبسيط,,منصة تبسيط,,,,https://saudalbazei.com/tabseet/#a185,منصة تبسيط,الأنظمة والتشريعات,شرح,رابط,,,False,1,a185,المادة الخامسة والثمانون بعد المائة، المادة ١٨٥ عدم نفاذ تصرفات المدين التي يقصد منها تفضيل أحد دائنيه,الفصل الثالث: ضمانات تنفيذ الالتزام › الفرع الثاني: دعوى عدم نفاذ تصرفات المدين في حق دائنيه
tabseet_ncm_186,نظام المعاملات المدنية: المادة 186 — دعوى إحاطة الدين ودفعها,منصة تبسيط,,منصة تبسيط,,,,https://saudalbazei.com/tabseet/#a186,منصة تبسيط,الأنظمة والتشريعات,شرح,رابط,,,False,1,a186,المادة السادسة والثمانون بعد المائة، المادة ١٨٦ دعوى إحاطة الدين ودفعها,الفصل الثالث: ضمانات تنفيذ الالتزام › الفرع الثاني: دعوى عدم نفاذ تصرفات المدين في حق دائنيه
tabseet_ncm_187,نظام المعاملات المدنية: المادة 187 — أثر دعوى عدم نفاذ تصرفات المدين في حق دائنيه,منصة تبسيط,,منصة تبسيط,,,,https://saudalbazei.com/tabseet/#a187,منصة تبسيط,الأنظمة والتشريعات,شرح,رابط,,,False,1,a187,المادة السابعة والثمانون بعد المائة، المادة ١٨٧ أثر دعوى عدم نفاذ تصرفات المدين في حق دائنيه,الفصل الثالث: ضمانات تنفيذ الالتزام › الفرع الثاني: دعوى عدم نفاذ تصرفات المدين في حق دائنيه
tabseet_ncm_188,نظام المعاملات المدنية: المادة 188 — مدد التقادم في دعوى عدم نفاذ تصرفات المدين في حق دائنيه,منصة تبسيط,,منصة تبسيط,,,,https://saudalbazei.com/tabseet/#a188,منصة تبسيط,الأنظمة والتشريعات,شرح,رابط,,,False,1,a188,المادة الثامنة والثمانون بعد المائة، المادة ١٨٨ مدد التقادم في دعوى عدم نفاذ تصرفات المدين في حق دائنيه,الفصل الثالث: ضمانات تنفيذ الالتزام › الفرع الثاني: دعوى عدم نفاذ تصرفات المدين في حق دائنيه
tabseet_ncm_189,نظام المعاملات المدنية: المادة 189 — دعوى الصورية,منصة تبسيط,,منصة تبسيط,,,,https://saudalbazei.com/tabseet/#a189,منصة تبسيط,الأنظمة والتشريعات,شرح,رابط,,,False,1,a189,المادة التاسعة والثمانون بعد المائة، المادة ١٨٩ دعوى الصورية,الفصل الثالث: ضمانات تنفيذ الالتزام › الفرع الثاني: دعوى عدم نفاذ تصرفات المدين في حق دائنيه
tabseet_ncm_190,نظام المعاملات المدنية: المادة 190 — أثر العقد الصوري في حق المتعاقدين وخلفهما العام,منصة تبسيط,,منصة تبسيط,,,,https://saudalbazei.com/tabseet/#a190,منصة تبسيط,الأنظمة والتشريعات,شرح,رابط,,,False,1,a190,المادة التسعون بعد المائة، المادة ١٩٠ أثر العقد الصوري في حق المتعاقدين وخلفهما العام,الفصل الثالث: ضمانات تنفيذ الالتزام › الفرع الثاني: دعوى عدم نفاذ تصرفات المدين في حق دائنيه
tabseet_ncm_191,نظام المعاملات المدنية: المادة 191 — شرط ثبوت الحق في الحبس,منصة تبسيط,,منصة تبسيط,,,,https://saudalbazei.com/tabseet/#a191,منصة تبسيط,الأنظمة والتشريعات,شرح,رابط,,,False,1,a191,المادة الحادية والتسعون بعد المائة، المادة ١٩١ شرط ثبوت الحق في الحبس,الفصل الثالث: ضمانات تنفيذ الالتزام › الفرع الثالث: حبس المال
tabseet_ncm_192,نظام المعاملات المدنية: المادة 192 — الحق في الحبس لمن أنفق على ملك غيره,منصة تبسيط,,منصة تبسيط,,,,https://saudalbazei.com/tabseet/#a192,منصة تبسيط,الأنظمة والتشريعات,شرح,رابط,,,False,1,a192,المادة الثانية والتسعون بعد المائة، المادة ١٩٢ الحق في الحبس لمن أنفق على ملك غيره,الفصل الثالث: ضمانات تنفيذ الالتزام › الفرع الثالث: حبس المال
tabseet_ncm_193,نظام المعاملات المدنية: المادة 193 — التزامات الحابس,منصة تبسيط,,منصة تبسيط,,,,https://saudalbazei.com/tabseet/#a193,منصة تبسيط,الأنظمة والتشريعات,شرح,رابط,,,False,1,a193,المادة الثالثة والتسعون بعد المائة، المادة ١٩٣ التزامات الحابس,الفصل الثالث: ضمانات تنفيذ الالتزام › الفرع الثالث: حبس المال
tabseet_ncm_194,نظام المعاملات المدنية: المادة 194 — أثر الحبس في أولوية استيفاء الحق,منصة تبسيط,,منصة تبسيط,,,,https://saudalbazei.com/tabseet/#a194,منصة تبسيط,الأنظمة والتشريعات,شرح,رابط,,,False,1,a194,المادة الرابعة والتسعون بعد المائة، المادة ١٩٤ أثر الحبس في أولوية استيفاء الحق,الفصل الثالث: ضمانات تنفيذ الالتزام › الفرع الثالث: حبس المال
tabseet_ncm_195,نظام المعاملات المدنية: المادة 195 — انقضاء الحق في الحبس,منصة تبسيط,,منصة تبسيط,,,,https://saudalbazei.com/tabseet/#a195,منصة تبسيط,الأنظمة والتشريعات,شرح,رابط,,,False,1,a195,المادة الخامسة والتسعون بعد المائة، المادة ١٩٥ انقضاء الحق في الحبس,الفصل الثالث: ضمانات تنفيذ الالتزام › الفرع الثالث: حبس المال
tabseet_ncm_196,نظام المعاملات المدنية: المادة 196 — الإعسار,منصة تبسيط,,منصة تبسيط,,,,https://saudalbazei.com/tabseet/#a196,منصة تبسيط,الأنظمة والتشريعات,شرح,رابط,,,False,1,a196,المادة السادسة والتسعون بعد المائة، المادة ١٩٦ الإعسار,الفصل الثالث: ضمانات تنفيذ الالتزام › الفرع الرابع: الإعسار
tabseet_ncm_197,نظام المعاملات المدنية: المادة 197 — مفهوم الالتزام المعلق على شرط,منصة تبسيط,,منصة تبسيط,,,,https://saudalbazei.com/tabseet/#a197,منصة تبسيط,الأنظمة والتشريعات,شرح,رابط,,,False,1,a197,المادة السابعة والتسعون بعد المائة، المادة ١٩٧ مفهوم الالتزام المعلق على شرط,الفصل الأول: الشرط والأجل › الفرع الأول: الشرط
tabseet_ncm_198,نظام المعاملات المدنية: المادة 198 — التعليق على أمر واقع أو مستحيل,منصة تبسيط,,منصة تبسيط,,,,https://saudalbazei.com/tabseet/#a198,منصة تبسيط,الأنظمة والتشريعات,شرح,رابط,,,False,1,a198,المادة الثامنة والتسعون بعد المائة، المادة ١٩٨ التعليق على أمر واقع أو مستحيل,الفصل الأول: الشرط والأجل › الفرع الأول: الشرط
tabseet_ncm_199,نظام المعاملات المدنية: المادة 199 — التعليق على أمر غير مشروع,منصة تبسيط,,منصة تبسيط,,,,https://saudalbazei.com/tabseet/#a199,منصة تبسيط,الأنظمة والتشريعات,شرح,رابط,,,False,1,a199,المادة التاسعة والتسعون بعد المائة، المادة ١٩٩ التعليق على أمر غير مشروع,الفصل الأول: الشرط والأجل › الفرع الأول: الشرط
tabseet_ncm_200,نظام المعاملات المدنية: المادة 200 — التعليق على محض الإرادة,منصة تبسيط,,منصة تبسيط,,,,https://saudalbazei.com/tabseet/#a200,منصة تبسيط,الأنظمة والتشريعات,شرح,رابط,,,False,1,a200,المادة المائتان، المادة ٢٠٠ التعليق على محض الإرادة,الفصل الأول: الشرط والأجل › الفرع الأول: الشرط
tabseet_ncm_201,نظام المعاملات المدنية: المادة 201 — أثر الشرط الواقف,منصة تبسيط,,منصة تبسيط,,,,https://saudalbazei.com/tabseet/#a201,منصة تبسيط,الأنظمة والتشريعات,شرح,رابط,,,False,1,a201,المادة الأولى بعد المائتين، المادة ٢٠١ أثر الشرط الواقف,الفصل الأول: الشرط والأجل › الفرع الأول: الشرط
tabseet_ncm_202,نظام المعاملات المدنية: المادة 202 — أثر تحقق الشرط الفاسخ,منصة تبسيط,,منصة تبسيط,,,,https://saudalbazei.com/tabseet/#a202,منصة تبسيط,الأنظمة والتشريعات,شرح,رابط,,,False,1,a202,المادة الثانية بعد المائتين، المادة ٢٠٢ أثر تحقق الشرط الفاسخ,الفصل الأول: الشرط والأجل › الفرع الأول: الشرط
tabseet_ncm_203,نظام المعاملات المدنية: المادة 203 — الأثر الرجعي للشرط,منصة تبسيط,,منصة تبسيط,,,,https://saudalbazei.com/tabseet/#a203,منصة تبسيط,الأنظمة والتشريعات,شرح,رابط,,,False,1,a203,المادة الثالثة بعد المائتين، المادة ٢٠٣ الأثر الرجعي للشرط,الفصل الأول: الشرط والأجل › الفرع الأول: الشرط
tabseet_ncm_204,نظام المعاملات المدنية: المادة 204 — مفهوم الالتزام المضاف إلى أجل,منصة تبسيط,,منصة تبسيط,,,,https://saudalbazei.com/tabseet/#a204,منصة تبسيط,الأنظمة والتشريعات,شرح,رابط,,,False,1,a204,المادة الرابعة بعد المائتين، المادة ٢٠٤ مفهوم الالتزام المضاف إلى أجل,الفصل الأول: الشرط والأجل › الفرع الثاني: الأجل
tabseet_ncm_205,نظام المعاملات المدنية: المادة 205 — حالات سقوط حق المدين في الأجل,منصة تبسيط,,منصة تبسيط,,,,https://saudalbazei.com/tabseet/#a205,منصة تبسيط,الأنظمة والتشريعات,شرح,رابط,,,False,1,a205,المادة الخامسة بعد المائتين، المادة ٢٠٥ حالات سقوط حق المدين في الأجل,الفصل الأول: الشرط والأجل › الفرع الثاني: الأجل
tabseet_ncm_206,نظام المعاملات المدنية: المادة 206 — تعجيل الوفاء,منصة تبسيط,,منصة تبسيط,,,,https://saudalbazei.com/tabseet/#a206,منصة تبسيط,الأنظمة والتشريعات,شرح,رابط,,,False,1,a206,المادة السادسة بعد المائتين، المادة ٢٠٦ تعجيل الوفاء,الفصل الأول: الشرط والأجل › الفرع الثاني: الأجل
tabseet_ncm_207,نظام المعاملات المدنية: المادة 207 — أثر موت أحد طرفي الالتزام في الأجل,منصة تبسيط,,منصة تبسيط,,,,https://saudalbazei.com/tabseet/#a207,منصة تبسيط,الأنظمة والتشريعات,شرح,رابط,,,False,1,a207,المادة السابعة بعد المائتين، المادة ٢٠٧ أثر موت أحد طرفي الالتزام في الأجل,الفصل الأول: الشرط والأجل › الفرع الثاني: الأجل
tabseet_ncm_208,نظام المعاملات المدنية: المادة 208 — أثر سقوط الأجل في مقدار الدين,منصة تبسيط,,منصة تبسيط,,,,https://saudalbazei.com/tabseet/#a208,منصة تبسيط,الأنظمة والتشريعات,شرح,رابط,,,False,1,a208,المادة الثامنة بعد المائتين، المادة ٢٠٨ أثر سقوط الأجل في مقدار الدين,الفصل الأول: الشرط والأجل › الفرع الثاني: الأجل
tabseet_ncm_209,نظام المعاملات المدنية: المادة 209 — الاتفاق على الوفاء عند الميسرة,منصة تبسيط,,منصة تبسيط,,,,https://saudalbazei.com/tabseet/#a209,منصة تبسيط,الأنظمة والتشريعات,شرح,رابط,,,False,1,a209,المادة التاسعة بعد المائتين، المادة ٢٠٩ الاتفاق على الوفاء عند الميسرة,الفصل الأول: الشرط والأجل › الفرع الثاني: الأجل
tabseet_ncm_210,نظام المعاملات المدنية: المادة 210 — الالتزام التخييري,منصة تبسيط,,منصة تبسيط,,,,https://saudalbazei.com/tabseet/#a210,منصة تبسيط,الأنظمة والتشريعات,شرح,رابط,,,False,1,a210,المادة العاشرة بعد المائتين، المادة ٢١٠ الالتزام التخييري,الباب الثالث: الأوصاف العارضة على الالتزام › الفصل الثاني: تعدد محل الالتزام
tabseet_ncm_211,نظام المعاملات المدنية: المادة 211 — الالتزام البدلي,منصة تبسيط,,منصة تبسيط,,,,https://saudalbazei.com/tabseet/#a211,منصة تبسيط,الأنظمة والتشريعات,شرح,رابط,,,False,1,a211,المادة الحادية عشرة بعد المائتين، المادة ٢١١ الالتزام البدلي,الباب الثالث: الأوصاف العارضة على الالتزام › الفصل الثاني: تعدد محل الالتزام
tabseet_ncm_212,نظام المعاملات المدنية: المادة 212 — مصدر التضامن بين الدائنين,منصة تبسيط,,منصة تبسيط,,,,https://saudalbazei.com/tabseet/#a212,منصة تبسيط,الأنظمة والتشريعات,شرح,رابط,,,False,1,a212,المادة الثانية عشرة بعد المائتين، المادة ٢١٢ مصدر التضامن بين الدائنين,الفصل الثالث: تعدد طرفي الالتزام › الفرع الأول: تضامن الدائنين
tabseet_ncm_213,نظام المعاملات المدنية: المادة 213 — أثر تضامن الدائنين في حق المطالبة وأوجه الاعتراض,منصة تبسيط,,منصة تبسيط,,,,https://saudalbazei.com/tabseet/#a213,منصة تبسيط,الأنظمة والتشريعات,شرح,رابط,,,False,1,a213,المادة الثالثة عشرة بعد المائتين، المادة ٢١٣ أثر تضامن الدائنين في حق المطالبة وأوجه الاعتراض,الفصل الثالث: تعدد طرفي الالتزام › الفرع الأول: تضامن الدائنين
tabseet_ncm_214,نظام المعاملات المدنية: المادة 214 — أثر تضامن الدائنين فيما يستوفيه بعضهم,منصة تبسيط,,منصة تبسيط,,,,https://saudalbazei.com/tabseet/#a214,منصة تبسيط,الأنظمة والتشريعات,شرح,رابط,,,False,1,a214,المادة الرابعة عشرة بعد المائتين، المادة ٢١٤ أثر تضامن الدائنين فيما يستوفيه بعضهم,الفصل الثالث: تعدد طرفي الالتزام › الفرع الأول: تضامن الدائنين
tabseet_ncm_215,نظام المعاملات المدنية: المادة 215 — أثر تضامن الدائنين في وفاء المدين لأي منهم,منصة تبسيط,,منصة تبسيط,,,,https://saudalbazei.com/tabseet/#a215,منصة تبسيط,الأنظمة والتشريعات,شرح,رابط,,,False,1,a215,المادة الخامسة عشرة بعد المائتين، المادة ٢١٥ أثر تضامن الدائنين في وفاء المدين لأي منهم,الفصل الثالث: تعدد طرفي الالتزام › الفرع الأول: تضامن الدائنين
tabseet_ncm_216,نظام المعاملات المدنية: المادة 216 — أثر براءة ذمة المدين تجاه أحد الدائنين المتضامنين,منصة تبسيط,,منصة تبسيط,,,,https://saudalbazei.com/tabseet/#a216,منصة تبسيط,الأنظمة والتشريعات,شرح,رابط,,,False,1,a216,المادة السادسة عشرة بعد المائتين، المادة ٢١٦ أثر براءة ذمة المدين تجاه أحد الدائنين المتضامنين,الفصل الثالث: تعدد طرفي الالتزام › الفرع الأول: تضامن الدائنين
tabseet_ncm_217,نظام المعاملات المدنية: المادة 217 — عدم نفاذ النيابة بين الدائنين المتضامنين فيما يضر,منصة تبسيط,,منصة تبسيط,,,,https://saudalbazei.com/tabseet/#a217,منصة تبسيط,الأنظمة والتشريعات,شرح,رابط,,,False,1,a217,المادة السابعة عشرة بعد المائتين، المادة ٢١٧ عدم نفاذ النيابة بين الدائنين المتضامنين فيما يضر,الفصل الثالث: تعدد طرفي الالتزام › الفرع الأول: تضامن الدائنين
tabseet_ncm_218,نظام المعاملات المدنية: المادة 218 — أثر موت الدائن المتضامن في انقسام الدين والتضامن,منصة تبسيط,,منصة تبسيط,,,,https://saudalbazei.com/tabseet/#a218,منصة تبسيط,الأنظمة والتشريعات,شرح,رابط,,,False,1,a218,المادة الثامنة عشرة بعد المائتين، المادة ٢١٨ أثر موت الدائن المتضامن في انقسام الدين والتضامن,الفصل الثالث: تعدد طرفي الالتزام › الفرع الأول: تضامن الدائنين
tabseet_ncm_219,نظام المعاملات المدنية: المادة 219 — مفهوم الدين المشترك,منصة تبسيط,,منصة تبسيط,,,,https://saudalbazei.com/tabseet/#a219,منصة تبسيط,الأنظمة والتشريعات,شرح,رابط,,,False,1,a219,المادة التاسعة عشرة بعد المائتين، المادة ٢١٩ مفهوم الدين المشترك,الفصل الثالث: تعدد طرفي الالتزام › الفرع الثاني: الدين المشترك
tabseet_ncm_220,نظام المعاملات المدنية: المادة 220 — مقدار ما للدائن المطالبة به,منصة تبسيط,,منصة تبسيط,,,,https://saudalbazei.com/tabseet/#a220,منصة تبسيط,الأنظمة والتشريعات,شرح,رابط,,,False,1,a220,المادة العشرون بعد المائتين، المادة ٢٢٠ مقدار ما للدائن المطالبة به,الفصل الثالث: تعدد طرفي الالتزام › الفرع الثاني: الدين المشترك
tabseet_ncm_221,نظام المعاملات المدنية: المادة 221 — تصرف الشريك فيما قبضه من الدين المشترك أو هلاكه في يده,منصة تبسيط,,منصة تبسيط,,,,https://saudalbazei.com/tabseet/#a221,منصة تبسيط,الأنظمة والتشريعات,شرح,رابط,,,False,1,a221,المادة الحادية والعشرون بعد المائتين، المادة ٢٢١ تصرف الشريك فيما قبضه من الدين المشترك أو هلاكه في يده,الفصل الثالث: تعدد طرفي الالتزام › الفرع الثاني: الدين المشترك
tabseet_ncm_222,نظام المعاملات المدنية: المادة 222 — مصدر التضامن بين المدينين,منصة تبسيط,,منصة تبسيط,,,,https://saudalbazei.com/tabseet/#a222,منصة تبسيط,الأنظمة والتشريعات,شرح,رابط,,,False,1,a222,المادة الثانية والعشرون بعد المائتين، المادة ٢٢٢ مصدر التضامن بين المدينين,الفصل الثالث: تعدد طرفي الالتزام › الفرع الثالث: تضامن المدينين
tabseet_ncm_223,نظام المعاملات المدنية: المادة 223 — تعدد الروابط بين الدائن والمدينين المتضامنين,منصة تبسيط,,منصة تبسيط,,,,https://saudalbazei.com/tabseet/#a223,منصة تبسيط,الأنظمة والتشريعات,شرح,رابط,,,False,1,a223,المادة الثالثة والعشرون بعد المائتين، المادة ٢٢٣ تعدد الروابط بين الدائن والمدينين المتضامنين,الفصل الثالث: تعدد طرفي الالتزام › الفرع الثالث: تضامن المدينين
tabseet_ncm_224,نظام المعاملات المدنية: المادة 224 — أثر وفاء أحد المدينين المتضامنين,منصة تبسيط,,منصة تبسيط,,,,https://saudalbazei.com/tabseet/#a224,منصة تبسيط,الأنظمة والتشريعات,شرح,رابط,,,False,1,a224,المادة الرابعة والعشرون بعد المائتين، المادة ٢٢٤ أثر وفاء أحد المدينين المتضامنين,الفصل الثالث: تعدد طرفي الالتزام › الفرع الثالث: تضامن المدينين
tabseet_ncm_225,نظام المعاملات المدنية: المادة 225 — أثر تضامن المدينين في حق المطالبة وأوجه الاعتراض,منصة تبسيط,,منصة تبسيط,,,,https://saudalbazei.com/tabseet/#a225,منصة تبسيط,الأنظمة والتشريعات,شرح,رابط,,,False,1,a225,المادة الخامسة والعشرون بعد المائتين، المادة ٢٢٥ أثر تضامن المدينين في حق المطالبة وأوجه الاعتراض,الفصل الثالث: تعدد طرفي الالتزام › الفرع الثالث: تضامن المدينين
tabseet_ncm_226,نظام المعاملات المدنية: المادة 226 — أثر انقضاء دين أحد المدينين المتضامنين بالمقاصة,منصة تبسيط,,منصة تبسيط,,,,https://saudalbazei.com/tabseet/#a226,منصة تبسيط,الأنظمة والتشريعات,شرح,رابط,,,False,1,a226,المادة السادسة والعشرون بعد المائتين، المادة ٢٢٦ أثر انقضاء دين أحد المدينين المتضامنين بالمقاصة,الفصل الثالث: تعدد طرفي الالتزام › الفرع الثالث: تضامن المدينين
tabseet_ncm_227,نظام المعاملات المدنية: المادة 227 — أثر انقضاء دين أحد المدينين المتضامنين باتحاد الذمة,منصة تبسيط,,منصة تبسيط,,,,https://saudalbazei.com/tabseet/#a227,منصة تبسيط,الأنظمة والتشريعات,شرح,رابط,,,False,1,a227,المادة السابعة والعشرون بعد المائتين، المادة ٢٢٧ أثر انقضاء دين أحد المدينين المتضامنين باتحاد الذمة,الفصل الثالث: تعدد طرفي الالتزام › الفرع الثالث: تضامن المدينين
tabseet_ncm_228,نظام المعاملات المدنية: المادة 228 — حالات إبراء أحد المدينين المتضامنين,منصة تبسيط,,منصة تبسيط,,,,https://saudalbazei.com/tabseet/#a228,منصة تبسيط,الأنظمة والتشريعات,شرح,رابط,,,False,1,a228,المادة الثامنة والعشرون بعد المائتين، المادة ٢٢٨ حالات إبراء أحد المدينين المتضامنين,الفصل الثالث: تعدد طرفي الالتزام › الفرع الثالث: تضامن المدينين
tabseet_ncm_229,نظام المعاملات المدنية: المادة 229 — أثر إبراء أحد المدينين المتضامنين في تحمل حصة المعسر,منصة تبسيط,,منصة تبسيط,,,,https://saudalbazei.com/tabseet/#a229,منصة تبسيط,الأنظمة والتشريعات,شرح,رابط,,,False,1,a229,المادة التاسعة والعشرون بعد المائتين، المادة ٢٢٩ أثر إبراء أحد المدينين المتضامنين في تحمل حصة المعسر,الفصل الثالث: تعدد طرفي الالتزام › الفرع الثالث: تضامن المدينين
tabseet_ncm_230,نظام المعاملات المدنية: المادة 230 — أثر تقادم الدعوى بالنسبة إلى أحد المدينين المتضامنين,منصة تبسيط,,منصة تبسيط,,,,https://saudalbazei.com/tabseet/#a230,منصة تبسيط,الأنظمة والتشريعات,شرح,رابط,,,False,1,a230,المادة الثلاثون بعد المائتين، المادة ٢٣٠ أثر تقادم الدعوى بالنسبة إلى أحد المدينين المتضامنين,الفصل الثالث: تعدد طرفي الالتزام › الفرع الثالث: تضامن المدينين
tabseet_ncm_231,نظام المعاملات المدنية: المادة 231 — أثر خطأ المدين المتضامن وإعذاره,منصة تبسيط,,منصة تبسيط,,,,https://saudalbazei.com/tabseet/#a231,منصة تبسيط,الأنظمة والتشريعات,شرح,رابط,,,False,1,a231,المادة الحادية والثلاثون بعد المائتين، المادة ٢٣١ أثر خطأ المدين المتضامن وإعذاره,الفصل الثالث: تعدد طرفي الالتزام › الفرع الثالث: تضامن المدينين
tabseet_ncm_232,نظام المعاملات المدنية: المادة 232 — أثر صلح أحد المدينين المتضامنين,منصة تبسيط,,منصة تبسيط,,,,https://saudalbazei.com/tabseet/#a232,منصة تبسيط,الأنظمة والتشريعات,شرح,رابط,,,False,1,a232,المادة الثانية والثلاثون بعد المائتين، المادة ٢٣٢ أثر صلح أحد المدينين المتضامنين,الفصل الثالث: تعدد طرفي الالتزام › الفرع الثالث: تضامن المدينين
tabseet_ncm_233,نظام المعاملات المدنية: المادة 233 — أثر إقرار أحد المدينين المتضامنين,منصة تبسيط,,منصة تبسيط,,,,https://saudalbazei.com/tabseet/#a233,منصة تبسيط,الأنظمة والتشريعات,شرح,رابط,,,False,1,a233,المادة الثالثة والثلاثون بعد المائتين، المادة ٢٣٣ أثر إقرار أحد المدينين المتضامنين,الفصل الثالث: تعدد طرفي الالتزام › الفرع الثالث: تضامن المدينين
tabseet_ncm_234,نظام المعاملات المدنية: المادة 234 — رجوع المدين المتضامن بما وفى على الباقين,منصة تبسيط,,منصة تبسيط,,,,https://saudalbazei.com/tabseet/#a234,منصة تبسيط,الأنظمة والتشريعات,شرح,رابط,,,False,1,a234,المادة الرابعة والثلاثون بعد المائتين، المادة ٢٣٤ رجوع المدين المتضامن بما وفى على الباقين,الفصل الثالث: تعدد طرفي الالتزام › الفرع الثالث: تضامن المدينين
tabseet_ncm_235,نظام المعاملات المدنية: المادة 235 — حالتا عدم قابلية الالتزام للانقسام,منصة تبسيط,,منصة تبسيط,,,,https://saudalbazei.com/tabseet/#a235,منصة تبسيط,الأنظمة والتشريعات,شرح,رابط,,,False,1,a235,المادة الخامسة والثلاثون بعد المائتين، المادة ٢٣٥ حالتا عدم قابلية الالتزام للانقسام,الفصل الثالث: تعدد طرفي الالتزام › الفرع الرابع: عدم قابلية الالتزام للانقسام
tabseet_ncm_236,نظام المعاملات المدنية: المادة 236 — تعدد المدينين في الالتزام غير القابل للانقسام,منصة تبسيط,,منصة تبسيط,,,,https://saudalbazei.com/tabseet/#a236,منصة تبسيط,الأنظمة والتشريعات,شرح,رابط,,,False,1,a236,المادة السادسة والثلاثون بعد المائتين، المادة ٢٣٦ تعدد المدينين في الالتزام غير القابل للانقسام,الفصل الثالث: تعدد طرفي الالتزام › الفرع الرابع: عدم قابلية الالتزام للانقسام
tabseet_ncm_237,نظام المعاملات المدنية: المادة 237 — تعدد الدائنين في الالتزام غير القابل للانقسام,منصة تبسيط,,منصة تبسيط,,,,https://saudalbazei.com/tabseet/#a237,منصة تبسيط,الأنظمة والتشريعات,شرح,رابط,,,False,1,a237,المادة السابعة والثلاثون بعد المائتين، المادة ٢٣٧ تعدد الدائنين في الالتزام غير القابل للانقسام,الفصل الثالث: تعدد طرفي الالتزام › الفرع الرابع: عدم قابلية الالتزام للانقسام
tabseet_ncm_238,نظام المعاملات المدنية: المادة 238 — حكم حوالة الحق,منصة تبسيط,,منصة تبسيط,,,,https://saudalbazei.com/tabseet/#a238,منصة تبسيط,الأنظمة والتشريعات,شرح,رابط,,,False,1,a238,المادة الثامنة والثلاثون بعد المائتين، المادة ٢٣٨ حكم حوالة الحق,الباب الرابع: انتقال الالتزام › الفصل الأول: حوالة الحق
tabseet_ncm_239,نظام المعاملات المدنية: المادة 239 — اشتراط قابلية الحق للحجز,منصة تبسيط,,منصة تبسيط,,,,https://saudalbazei.com/tabseet/#a239,منصة تبسيط,الأنظمة والتشريعات,شرح,رابط,,,False,1,a239,المادة التاسعة والثلاثون بعد المائتين، المادة ٢٣٩ اشتراط قابلية الحق للحجز,الباب الرابع: انتقال الالتزام › الفصل الأول: حوالة الحق
tabseet_ncm_240,نظام المعاملات المدنية: المادة 240 — نفاذ حوالة الحق تجاه المدين أو الغير,منصة تبسيط,,منصة تبسيط,,,,https://saudalbazei.com/tabseet/#a240,منصة تبسيط,الأنظمة والتشريعات,شرح,رابط,,,False,1,a240,المادة الأربعون بعد المائتين، المادة ٢٤٠ نفاذ حوالة الحق تجاه المدين أو الغير,الباب الرابع: انتقال الالتزام › الفصل الأول: حوالة الحق
tabseet_ncm_241,نظام المعاملات المدنية: المادة 241 — أثر حوالة الحق,منصة تبسيط,,منصة تبسيط,,,,https://saudalbazei.com/tabseet/#a241,منصة تبسيط,الأنظمة والتشريعات,شرح,رابط,,,False,1,a241,المادة الحادية والأربعون بعد المائتين، المادة ٢٤١ أثر حوالة الحق,الباب الرابع: انتقال الالتزام › الفصل الأول: حوالة الحق
tabseet_ncm_242,نظام المعاملات المدنية: المادة 242 — ضمان المحيل وجود الحق المحال به,منصة تبسيط,,منصة تبسيط,,,,https://saudalbazei.com/tabseet/#a242,منصة تبسيط,الأنظمة والتشريعات,شرح,رابط,,,False,1,a242,المادة الثانية والأربعون بعد المائتين، المادة ٢٤٢ ضمان المحيل وجود الحق المحال به,الباب الرابع: انتقال الالتزام › الفصل الأول: حوالة الحق
tabseet_ncm_243,نظام المعاملات المدنية: المادة 243 — ضمان المحيل يسار المدين,منصة تبسيط,,منصة تبسيط,,,,https://saudalbazei.com/tabseet/#a243,منصة تبسيط,الأنظمة والتشريعات,شرح,رابط,,,False,1,a243,المادة الثالثة والأربعون بعد المائتين، المادة ٢٤٣ ضمان المحيل يسار المدين,الباب الرابع: انتقال الالتزام › الفصل الأول: حوالة الحق
tabseet_ncm_244,نظام المعاملات المدنية: المادة 244 — أثر رجوع المحال له بالضمان على المحيل,منصة تبسيط,,منصة تبسيط,,,,https://saudalbazei.com/tabseet/#a244,منصة تبسيط,الأنظمة والتشريعات,شرح,رابط,,,False,1,a244,المادة الرابعة والأربعون بعد المائتين، المادة ٢٤٤ أثر رجوع المحال له بالضمان على المحيل,الباب الرابع: انتقال الالتزام › الفصل الأول: حوالة الحق
tabseet_ncm_245,نظام المعاملات المدنية: المادة 245 — تمسك المدين بالدفوع تجاه المحال له,منصة تبسيط,,منصة تبسيط,,,,https://saudalbazei.com/tabseet/#a245,منصة تبسيط,الأنظمة والتشريعات,شرح,رابط,,,False,1,a245,المادة الخامسة والأربعون بعد المائتين، المادة ٢٤٥ تمسك المدين بالدفوع تجاه المحال له,الباب الرابع: انتقال الالتزام › الفصل الأول: حوالة الحق
tabseet_ncm_246,نظام المعاملات المدنية: المادة 246 — التزاحم بسبب تعدد الحوالة بحق واحد,منصة تبسيط,,منصة تبسيط,,,,https://saudalbazei.com/tabseet/#a246,منصة تبسيط,الأنظمة والتشريعات,شرح,رابط,,,False,1,a246,المادة السادسة والأربعون بعد المائتين، المادة ٢٤٦ التزاحم بسبب تعدد الحوالة بحق واحد,الباب الرابع: انتقال الالتزام › الفصل الأول: حوالة الحق
tabseet_ncm_247,نظام المعاملات المدنية: المادة 247 — تزاحم المحال له مع الدائن الحاجز,منصة تبسيط,,منصة تبسيط,,,,https://saudalbazei.com/tabseet/#a247,منصة تبسيط,الأنظمة والتشريعات,شرح,رابط,,,False,1,a247,المادة السابعة والأربعون بعد المائتين، المادة ٢٤٧ تزاحم المحال له مع الدائن الحاجز,الباب الرابع: انتقال الالتزام › الفصل الأول: حوالة الحق
tabseet_ncm_248,نظام المعاملات المدنية: المادة 248 — مفهوم حوالة الدين,منصة تبسيط,,منصة تبسيط,,,,https://saudalbazei.com/tabseet/#a248,منصة تبسيط,الأنظمة والتشريعات,شرح,رابط,,,False,1,a248,المادة الثامنة والأربعون بعد المائتين، المادة ٢٤٨ مفهوم حوالة الدين,الباب الرابع: انتقال الالتزام › الفصل الثاني: حوالة الدين
tabseet_ncm_249,نظام المعاملات المدنية: المادة 249 — انعقاد حوالة الدين بين المحيل والمحال عليه,منصة تبسيط,,منصة تبسيط,,,,https://saudalbazei.com/tabseet/#a249,منصة تبسيط,الأنظمة والتشريعات,شرح,رابط,,,False,1,a249,المادة التاسعة والأربعون بعد المائتين، المادة ٢٤٩ انعقاد حوالة الدين بين المحيل والمحال عليه,الباب الرابع: انتقال الالتزام › الفصل الثاني: حوالة الدين
tabseet_ncm_250,نظام المعاملات المدنية: المادة 250 — انعقاد حوالة الدين بين المحيل والمحال,منصة تبسيط,,منصة تبسيط,,,,https://saudalbazei.com/tabseet/#a250,منصة تبسيط,الأنظمة والتشريعات,شرح,رابط,,,False,1,a250,المادة الخمسون بعد المائتين، المادة ٢٥٠ انعقاد حوالة الدين بين المحيل والمحال,الباب الرابع: انتقال الالتزام › الفصل الثاني: حوالة الدين
tabseet_ncm_251,نظام المعاملات المدنية: المادة 251 — أثر حوالة الدين في انتقال الدين,منصة تبسيط,,منصة تبسيط,,,,https://saudalbazei.com/tabseet/#a251,منصة تبسيط,الأنظمة والتشريعات,شرح,رابط,,,False,1,a251,المادة الحادية والخمسون بعد المائتين، المادة ٢٥١ أثر حوالة الدين في انتقال الدين,الباب الرابع: انتقال الالتزام › الفصل الثاني: حوالة الدين
tabseet_ncm_252,نظام المعاملات المدنية: المادة 252 — أثر حوالة الدين في ضمانات الدين,منصة تبسيط,,منصة تبسيط,,,,https://saudalbazei.com/tabseet/#a252,منصة تبسيط,الأنظمة والتشريعات,شرح,رابط,,,False,1,a252,المادة الثانية والخمسون بعد المائتين، المادة ٢٥٢ أثر حوالة الدين في ضمانات الدين,الباب الرابع: انتقال الالتزام › الفصل الثاني: حوالة الدين
tabseet_ncm_253,نظام المعاملات المدنية: المادة 253 — أثر حوالة الدين في دفوع الدين,منصة تبسيط,,منصة تبسيط,,,,https://saudalbazei.com/tabseet/#a253,منصة تبسيط,الأنظمة والتشريعات,شرح,رابط,,,False,1,a253,المادة الثالثة والخمسون بعد المائتين، المادة ٢٥٣ أثر حوالة الدين في دفوع الدين,الباب الرابع: انتقال الالتزام › الفصل الثاني: حوالة الدين
tabseet_ncm_254,نظام المعاملات المدنية: المادة 254 — ضمان المحيل يسار المحال عليه,منصة تبسيط,,منصة تبسيط,,,,https://saudalbazei.com/tabseet/#a254,منصة تبسيط,الأنظمة والتشريعات,شرح,رابط,,,False,1,a254,المادة الرابعة والخمسون بعد المائتين، المادة ٢٥٤ ضمان المحيل يسار المحال عليه,الباب الرابع: انتقال الالتزام › الفصل الثاني: حوالة الدين
tabseet_ncm_255,نظام المعاملات المدنية: المادة 255 — الأصل في التنازل عن العقد,منصة تبسيط,,منصة تبسيط,,,,https://saudalbazei.com/tabseet/#a255,منصة تبسيط,الأنظمة والتشريعات,شرح,رابط,,,False,1,a255,المادة الخامسة والخمسون بعد المائتين، المادة ٢٥٥ الأصل في التنازل عن العقد,الباب الرابع: انتقال الالتزام › الفصل الثالث: التنازل عن العقد
tabseet_ncm_256,نظام المعاملات المدنية: المادة 256 — أثر التنازل عن العقد في براءة ذمة المتنازل,منصة تبسيط,,منصة تبسيط,,,,https://saudalbazei.com/tabseet/#a256,منصة تبسيط,الأنظمة والتشريعات,شرح,رابط,,,False,1,a256,المادة السادسة والخمسون بعد المائتين، المادة ٢٥٦ أثر التنازل عن العقد في براءة ذمة المتنازل,الباب الرابع: انتقال الالتزام › الفصل الثالث: التنازل عن العقد
tabseet_ncm_257,نظام المعاملات المدنية: المادة 257 — أثر التنازل عن العقد في دفوع الدين,منصة تبسيط,,منصة تبسيط,,,,https://saudalbazei.com/tabseet/#a257,منصة تبسيط,الأنظمة والتشريعات,شرح,رابط,,,False,1,a257,المادة السابعة والخمسون بعد المائتين، المادة ٢٥٧ أثر التنازل عن العقد في دفوع الدين,الباب الرابع: انتقال الالتزام › الفصل الثالث: التنازل عن العقد
tabseet_ncm_258,نظام المعاملات المدنية: المادة 258 — أثر التنازل عن العقد في الضمانات,منصة تبسيط,,منصة تبسيط,,,,https://saudalbazei.com/tabseet/#a258,منصة تبسيط,الأنظمة والتشريعات,شرح,رابط,,,False,1,a258,المادة الثامنة والخمسون بعد المائتين، المادة ٢٥٨ أثر التنازل عن العقد في الضمانات,الباب الرابع: انتقال الالتزام › الفصل الثالث: التنازل عن العقد
tabseet_ncm_259,نظام المعاملات المدنية: المادة 259 — من يصح الوفاء منه,منصة تبسيط,,منصة تبسيط,,,,https://saudalbazei.com/tabseet/#a259,منصة تبسيط,الأنظمة والتشريعات,شرح,رابط,,,False,1,a259,المادة التاسعة والخمسون بعد المائتين، المادة ٢٥٩ من يصح الوفاء منه,الفصل الأول: انقضاء الالتزام بالوفاء › الفرع الأول: طرفا الوفاء
tabseet_ncm_260,نظام المعاملات المدنية: المادة 260 — شرطا صحة الوفاء,منصة تبسيط,,منصة تبسيط,,,,https://saudalbazei.com/tabseet/#a260,منصة تبسيط,الأنظمة والتشريعات,شرح,رابط,,,False,1,a260,المادة الستون بعد المائتين، المادة ٢٦٠ شرطا صحة الوفاء,الفصل الأول: انقضاء الالتزام بالوفاء › الفرع الأول: طرفا الوفاء
tabseet_ncm_261,نظام المعاملات المدنية: المادة 261 — رجوع الموفي على المدين بالدعوى الشخصية,منصة تبسيط,,منصة تبسيط,,,,https://saudalbazei.com/tabseet/#a261,منصة تبسيط,الأنظمة والتشريعات,شرح,رابط,,,False,1,a261,المادة الحادية والستون بعد المائتين، المادة ٢٦١ رجوع الموفي على المدين بالدعوى الشخصية,الفصل الأول: انقضاء الالتزام بالوفاء › الفرع الأول: طرفا الوفاء
tabseet_ncm_262,نظام المعاملات المدنية: المادة 262 — رجوع الموفي على المدين بدعوى الحلول,منصة تبسيط,,منصة تبسيط,,,,https://saudalbazei.com/tabseet/#a262,منصة تبسيط,الأنظمة والتشريعات,شرح,رابط,,,False,1,a262,المادة الثانية والستون بعد المائتين، المادة ٢٦٢ رجوع الموفي على المدين بدعوى الحلول,الفصل الأول: انقضاء الالتزام بالوفاء › الفرع الأول: طرفا الوفاء
tabseet_ncm_263,نظام المعاملات المدنية: المادة 263 — أثر حلول الموفي محل الدائن,منصة تبسيط,,منصة تبسيط,,,,https://saudalbazei.com/tabseet/#a263,منصة تبسيط,الأنظمة والتشريعات,شرح,رابط,,,False,1,a263,المادة الثالثة والستون بعد المائتين، المادة ٢٦٣ أثر حلول الموفي محل الدائن,الفصل الأول: انقضاء الالتزام بالوفاء › الفرع الأول: طرفا الوفاء
tabseet_ncm_264,نظام المعاملات المدنية: المادة 264 — وفاء المدين في مرض الموت بعض دائنيه,منصة تبسيط,,منصة تبسيط,,,,https://saudalbazei.com/tabseet/#a264,منصة تبسيط,الأنظمة والتشريعات,شرح,رابط,,,False,1,a264,المادة الرابعة والستون بعد المائتين، المادة ٢٦٤ وفاء المدين في مرض الموت بعض دائنيه,الفصل الأول: انقضاء الالتزام بالوفاء › الفرع الأول: طرفا الوفاء
tabseet_ncm_265,نظام المعاملات المدنية: المادة 265 — من يصح الوفاء له,منصة تبسيط,,منصة تبسيط,,,,https://saudalbazei.com/tabseet/#a265,منصة تبسيط,الأنظمة والتشريعات,شرح,رابط,,,False,1,a265,المادة الخامسة والستون بعد المائتين، المادة ٢٦٥ من يصح الوفاء له,الفصل الأول: انقضاء الالتزام بالوفاء › الفرع الأول: طرفا الوفاء
tabseet_ncm_266,نظام المعاملات المدنية: المادة 266 — حالات رفض الوفاء,منصة تبسيط,,منصة تبسيط,,,,https://saudalbazei.com/tabseet/#a266,منصة تبسيط,الأنظمة والتشريعات,شرح,رابط,,,False,1,a266,المادة السادسة والستون بعد المائتين، المادة ٢٦٦ حالات رفض الوفاء,الفصل الأول: انقضاء الالتزام بالوفاء › الفرع الثاني: رفض الوفاء
tabseet_ncm_267,نظام المعاملات المدنية: المادة 267 — آثار إعذار الدائن,منصة تبسيط,,منصة تبسيط,,,,https://saudalbazei.com/tabseet/#a267,منصة تبسيط,الأنظمة والتشريعات,شرح,رابط,,,False,1,a267,المادة السابعة والستون بعد المائتين، المادة ٢٦٧ آثار إعذار الدائن,الفصل الأول: انقضاء الالتزام بالوفاء › الفرع الثاني: رفض الوفاء
tabseet_ncm_268,نظام المعاملات المدنية: المادة 268 — العرض والإيداع,منصة تبسيط,,منصة تبسيط,,,,https://saudalbazei.com/tabseet/#a268,منصة تبسيط,الأنظمة والتشريعات,شرح,رابط,,,False,1,a268,المادة الثامنة والستون بعد المائتين، المادة ٢٦٨ العرض والإيداع,الفصل الأول: انقضاء الالتزام بالوفاء › الفرع الثاني: رفض الوفاء
tabseet_ncm_269,نظام المعاملات المدنية: المادة 269 — إيداع ما يسرع إليه الفساد أو يكلف نفقات باهظة,منصة تبسيط,,منصة تبسيط,,,,https://saudalbazei.com/tabseet/#a269,منصة تبسيط,الأنظمة والتشريعات,شرح,رابط,,,False,1,a269,المادة التاسعة والستون بعد المائتين، المادة ٢٦٩ إيداع ما يسرع إليه الفساد أو يكلف نفقات باهظة,الفصل الأول: انقضاء الالتزام بالوفاء › الفرع الثاني: رفض الوفاء
tabseet_ncm_270,نظام المعاملات المدنية: المادة 270 — حالات الاكتفاء بالإيداع دون العرض,منصة تبسيط,,منصة تبسيط,,,,https://saudalbazei.com/tabseet/#a270,منصة تبسيط,الأنظمة والتشريعات,شرح,رابط,,,False,1,a270,المادة السبعون بعد المائتين، المادة ٢٧٠ حالات الاكتفاء بالإيداع دون العرض,الفصل الأول: انقضاء الالتزام بالوفاء › الفرع الثاني: رفض الوفاء
tabseet_ncm_271,نظام المعاملات المدنية: المادة 271 — آثار العرض والإيداع,منصة تبسيط,,منصة تبسيط,,,,https://saudalbazei.com/tabseet/#a271,منصة تبسيط,الأنظمة والتشريعات,شرح,رابط,,,False,1,a271,المادة الحادية والسبعون بعد المائتين، المادة ٢٧١ آثار العرض والإيداع,الفصل الأول: انقضاء الالتزام بالوفاء › الفرع الثاني: رفض الوفاء
tabseet_ncm_272,نظام المعاملات المدنية: المادة 272 — الوفاء بالشيء المستحق,منصة تبسيط,,منصة تبسيط,,,,https://saudalbazei.com/tabseet/#a272,منصة تبسيط,الأنظمة والتشريعات,شرح,رابط,,,False,1,a272,المادة الثانية والسبعون بعد المائتين، المادة ٢٧٢ الوفاء بالشيء المستحق,الفصل الأول: انقضاء الالتزام بالوفاء › الفرع الثالث: محل الوفاء وزمانه ومكانه ونفقاته
tabseet_ncm_273,نظام المعاملات المدنية: المادة 273 — الوفاء الجزئي للدين,منصة تبسيط,,منصة تبسيط,,,,https://saudalbazei.com/tabseet/#a273,منصة تبسيط,الأنظمة والتشريعات,شرح,رابط,,,False,1,a273,المادة الثالثة والسبعون بعد المائتين، المادة ٢٧٣ الوفاء الجزئي للدين,الفصل الأول: انقضاء الالتزام بالوفاء › الفرع الثالث: محل الوفاء وزمانه ومكانه ونفقاته
tabseet_ncm_274,نظام المعاملات المدنية: المادة 274 — تعيين محل الوفاء عند تعدد الديون,منصة تبسيط,,منصة تبسيط,,,,https://saudalbazei.com/tabseet/#a274,منصة تبسيط,الأنظمة والتشريعات,شرح,رابط,,,False,1,a274,المادة الرابعة والسبعون بعد المائتين، المادة ٢٧٤ تعيين محل الوفاء عند تعدد الديون,الفصل الأول: انقضاء الالتزام بالوفاء › الفرع الثالث: محل الوفاء وزمانه ومكانه ونفقاته
tabseet_ncm_275,نظام المعاملات المدنية: المادة 275 — زمان الوفاء,منصة تبسيط,,منصة تبسيط,,,,https://saudalbazei.com/tabseet/#a275,منصة تبسيط,الأنظمة والتشريعات,شرح,رابط,,,False,1,a275,المادة الخامسة والسبعون بعد المائتين، المادة ٢٧٥ زمان الوفاء,الفصل الأول: انقضاء الالتزام بالوفاء › الفرع الثالث: محل الوفاء وزمانه ومكانه ونفقاته
tabseet_ncm_276,نظام المعاملات المدنية: المادة 276 — تحديد أجل الوفاء,منصة تبسيط,,منصة تبسيط,,,,https://saudalbazei.com/tabseet/#a276,منصة تبسيط,الأنظمة والتشريعات,شرح,رابط,,,False,1,a276,المادة السادسة والسبعون بعد المائتين، المادة ٢٧٦ تحديد أجل الوفاء,الفصل الأول: انقضاء الالتزام بالوفاء › الفرع الثالث: محل الوفاء وزمانه ومكانه ونفقاته
tabseet_ncm_277,نظام المعاملات المدنية: المادة 277 — مكان الوفاء,منصة تبسيط,,منصة تبسيط,,,,https://saudalbazei.com/tabseet/#a277,منصة تبسيط,الأنظمة والتشريعات,شرح,رابط,,,False,1,a277,المادة السابعة والسبعون بعد المائتين، المادة ٢٧٧ مكان الوفاء,الفصل الأول: انقضاء الالتزام بالوفاء › الفرع الثالث: محل الوفاء وزمانه ومكانه ونفقاته
tabseet_ncm_278,نظام المعاملات المدنية: المادة 278 — نفقات الوفاء,منصة تبسيط,,منصة تبسيط,,,,https://saudalbazei.com/tabseet/#a278,منصة تبسيط,الأنظمة والتشريعات,شرح,رابط,,,False,1,a278,المادة الثامنة والسبعون بعد المائتين، المادة ٢٧٨ نفقات الوفاء,الفصل الأول: انقضاء الالتزام بالوفاء › الفرع الثالث: محل الوفاء وزمانه ومكانه ونفقاته
tabseet_ncm_279,نظام المعاملات المدنية: المادة 279 — حق الموفي في طلب سند الوفاء,منصة تبسيط,,منصة تبسيط,,,,https://saudalbazei.com/tabseet/#a279,منصة تبسيط,الأنظمة والتشريعات,شرح,رابط,,,False,1,a279,المادة التاسعة والسبعون بعد المائتين، المادة ٢٧٩ حق الموفي في طلب سند الوفاء,الفصل الأول: انقضاء الالتزام بالوفاء › الفرع الثالث: محل الوفاء وزمانه ومكانه ونفقاته
tabseet_ncm_280,نظام المعاملات المدنية: المادة 280 — الوفاء البديل,منصة تبسيط,,منصة تبسيط,,,,https://saudalbazei.com/tabseet/#a280,منصة تبسيط,الأنظمة والتشريعات,شرح,رابط,,,False,1,a280,المادة الثمانون بعد المائتين، المادة ٢٨٠ الوفاء البديل,الفصل الثاني: انقضاء الالتزام بما يعادل الوفاء › الفرع الأول: الوفاء البديل
tabseet_ncm_281,نظام المعاملات المدنية: المادة 281 — شروط المقاصة,منصة تبسيط,,منصة تبسيط,,,,https://saudalbazei.com/tabseet/#a281,منصة تبسيط,الأنظمة والتشريعات,شرح,رابط,,,False,1,a281,المادة الحادية والثمانون بعد المائتين، المادة ٢٨١ شروط المقاصة,الفصل الثاني: انقضاء الالتزام بما يعادل الوفاء › الفرع الثاني: المقاصة
tabseet_ncm_282,نظام المعاملات المدنية: المادة 282 — التمسك بالمقاصة والنزول عنها,منصة تبسيط,,منصة تبسيط,,,,https://saudalbazei.com/tabseet/#a282,منصة تبسيط,الأنظمة والتشريعات,شرح,رابط,,,False,1,a282,المادة الثانية والثمانون بعد المائتين، المادة ٢٨٢ التمسك بالمقاصة والنزول عنها,الفصل الثاني: انقضاء الالتزام بما يعادل الوفاء › الفرع الثاني: المقاصة
tabseet_ncm_283,نظام المعاملات المدنية: المادة 283 — التمسك بالمقاصة مع اختلاف مكان الدينين,منصة تبسيط,,منصة تبسيط,,,,https://saudalbazei.com/tabseet/#a283,منصة تبسيط,الأنظمة والتشريعات,شرح,رابط,,,False,1,a283,المادة الثالثة والثمانون بعد المائتين، المادة ٢٨٣ التمسك بالمقاصة مع اختلاف مكان الدينين,الفصل الثاني: انقضاء الالتزام بما يعادل الوفاء › الفرع الثاني: المقاصة
tabseet_ncm_284,نظام المعاملات المدنية: المادة 284 — أثر المقاصة,منصة تبسيط,,منصة تبسيط,,,,https://saudalbazei.com/tabseet/#a284,منصة تبسيط,الأنظمة والتشريعات,شرح,رابط,,,False,1,a284,المادة الرابعة والثمانون بعد المائتين، المادة ٢٨٤ أثر المقاصة,الفصل الثاني: انقضاء الالتزام بما يعادل الوفاء › الفرع الثاني: المقاصة
tabseet_ncm_285,نظام المعاملات المدنية: المادة 285 — المقاصة الاتفاقية,منصة تبسيط,,منصة تبسيط,,,,https://saudalbazei.com/tabseet/#a285,منصة تبسيط,الأنظمة والتشريعات,شرح,رابط,,,False,1,a285,المادة الخامسة والثمانون بعد المائتين، المادة ٢٨٥ المقاصة الاتفاقية,الفصل الثاني: انقضاء الالتزام بما يعادل الوفاء › الفرع الثاني: المقاصة
tabseet_ncm_286,نظام المعاملات المدنية: المادة 286 — إضرار المقاصة بالغير,منصة تبسيط,,منصة تبسيط,,,,https://saudalbazei.com/tabseet/#a286,منصة تبسيط,الأنظمة والتشريعات,شرح,رابط,,,False,1,a286,المادة السادسة والثمانون بعد المائتين، المادة ٢٨٦ إضرار المقاصة بالغير,الفصل الثاني: انقضاء الالتزام بما يعادل الوفاء › الفرع الثاني: المقاصة
tabseet_ncm_287,نظام المعاملات المدنية: المادة 287 — المقاصة بين الدين والوديعة أو الشيء المعار,منصة تبسيط,,منصة تبسيط,,,,https://saudalbazei.com/tabseet/#a287,منصة تبسيط,الأنظمة والتشريعات,شرح,رابط,,,False,1,a287,المادة السابعة والثمانون بعد المائتين، المادة ٢٨٧ المقاصة بين الدين والوديعة أو الشيء المعار,الفصل الثاني: انقضاء الالتزام بما يعادل الوفاء › الفرع الثاني: المقاصة
tabseet_ncm_288,نظام المعاملات المدنية: المادة 288 — تقادم الدين عند التمسك بالمقاصة,منصة تبسيط,,منصة تبسيط,,,,https://saudalbazei.com/tabseet/#a288,منصة تبسيط,الأنظمة والتشريعات,شرح,رابط,,,False,1,a288,المادة الثامنة والثمانون بعد المائتين، المادة ٢٨٨ تقادم الدين عند التمسك بالمقاصة,الفصل الثاني: انقضاء الالتزام بما يعادل الوفاء › الفرع الثاني: المقاصة
tabseet_ncm_289,نظام المعاملات المدنية: المادة 289 — أداء دين انقضى بالمقاصة,منصة تبسيط,,منصة تبسيط,,,,https://saudalbazei.com/tabseet/#a289,منصة تبسيط,الأنظمة والتشريعات,شرح,رابط,,,False,1,a289,المادة التاسعة والثمانون بعد المائتين، المادة ٢٨٩ أداء دين انقضى بالمقاصة,الفصل الثاني: انقضاء الالتزام بما يعادل الوفاء › الفرع الثاني: المقاصة
tabseet_ncm_290,نظام المعاملات المدنية: المادة 290 — مفهوم اتحاد الذمة وأثره,منصة تبسيط,,منصة تبسيط,,,,https://saudalbazei.com/tabseet/#a290,منصة تبسيط,الأنظمة والتشريعات,شرح,رابط,,,False,1,a290,المادة التسعون بعد المائتين، المادة ٢٩٠ مفهوم اتحاد الذمة وأثره,الفصل الثاني: انقضاء الالتزام بما يعادل الوفاء › الفرع الثالث: اتحاد الذمة
tabseet_ncm_291,نظام المعاملات المدنية: المادة 291 — زوال سبب اجتماع صفتي الدائن والمدين,منصة تبسيط,,منصة تبسيط,,,,https://saudalbazei.com/tabseet/#a291,منصة تبسيط,الأنظمة والتشريعات,شرح,رابط,,,False,1,a291,المادة الحادية والتسعون بعد المائتين، المادة ٢٩١ زوال سبب اجتماع صفتي الدائن والمدين,الفصل الثاني: انقضاء الالتزام بما يعادل الوفاء › الفرع الثالث: اتحاد الذمة
tabseet_ncm_292,نظام المعاملات المدنية: المادة 292 — أثر الإبراء وشرط صحته,منصة تبسيط,,منصة تبسيط,,,,https://saudalbazei.com/tabseet/#a292,منصة تبسيط,الأنظمة والتشريعات,شرح,رابط,,,False,1,a292,المادة الثانية والتسعون بعد المائتين، المادة ٢٩٢ أثر الإبراء وشرط صحته,الفصل الثالث: انقضاء الالتزام دون الوفاء به › الفرع الأول: الإبراء
tabseet_ncm_293,نظام المعاملات المدنية: المادة 293 — الأحكام الموضوعية للإبراء,منصة تبسيط,,منصة تبسيط,,,,https://saudalbazei.com/tabseet/#a293,منصة تبسيط,الأنظمة والتشريعات,شرح,رابط,,,False,1,a293,المادة الثالثة والتسعون بعد المائتين، المادة ٢٩٣ الأحكام الموضوعية للإبراء,الفصل الثالث: انقضاء الالتزام دون الوفاء به › الفرع الأول: الإبراء
tabseet_ncm_294,نظام المعاملات المدنية: المادة 294 — استحالة التنفيذ,منصة تبسيط,,منصة تبسيط,,,,https://saudalbazei.com/tabseet/#a294,منصة تبسيط,الأنظمة والتشريعات,شرح,رابط,,,False,1,a294,المادة الرابعة والتسعون بعد المائتين، المادة ٢٩٤ استحالة التنفيذ,الفصل الثالث: انقضاء الالتزام دون الوفاء به › الفرع الثاني: استحالة التنفيذ
tabseet_ncm_295,نظام المعاملات المدنية: المادة 295 — الأصل في التقادم,منصة تبسيط,,منصة تبسيط,,,,https://saudalbazei.com/tabseet/#a295,منصة تبسيط,الأنظمة والتشريعات,شرح,رابط,,,False,1,a295,المادة الخامسة والتسعون بعد المائتين، المادة ٢٩٥ الأصل في التقادم,الفصل الثالث: انقضاء الالتزام دون الوفاء به › الفرع الثالث: عدم سماع الدعوى بمرور الزمن (التقادم المانع من سماع الدعوى)
tabseet_ncm_296,نظام المعاملات المدنية: المادة 296 — التقادم الخمسي,منصة تبسيط,,منصة تبسيط,,,,https://saudalbazei.com/tabseet/#a296,منصة تبسيط,الأنظمة والتشريعات,شرح,رابط,,,False,1,a296,المادة السادسة والتسعون بعد المائتين، المادة ٢٩٦ التقادم الخمسي,الفصل الثالث: انقضاء الالتزام دون الوفاء به › الفرع الثالث: عدم سماع الدعوى بمرور الزمن (التقادم المانع من سماع الدعوى)
tabseet_ncm_297,نظام المعاملات المدنية: المادة 297 — التقادم الحولي,منصة تبسيط,,منصة تبسيط,,,,https://saudalbazei.com/tabseet/#a297,منصة تبسيط,الأنظمة والتشريعات,شرح,رابط,,,False,1,a297,المادة السابعة والتسعون بعد المائتين، المادة ٢٩٧ التقادم الحولي,الفصل الثالث: انقضاء الالتزام دون الوفاء به › الفرع الثالث: عدم سماع الدعوى بمرور الزمن (التقادم المانع من سماع الدعوى)
tabseet_ncm_298,نظام المعاملات المدنية: المادة 298 — أثر استمرار التعامل على مدد التقادم,منصة تبسيط,,منصة تبسيط,,,,https://saudalbazei.com/tabseet/#a298,منصة تبسيط,الأنظمة والتشريعات,شرح,رابط,,,False,1,a298,المادة الثامنة والتسعون بعد المائتين، المادة ٢٩٨ أثر استمرار التعامل على مدد التقادم,الفصل الثالث: انقضاء الالتزام دون الوفاء به › الفرع الثالث: عدم سماع الدعوى بمرور الزمن (التقادم المانع من سماع الدعوى)
tabseet_ncm_299,نظام المعاملات المدنية: المادة 299 — بدء سريان مدة التقادم,منصة تبسيط,,منصة تبسيط,,,,https://saudalbazei.com/tabseet/#a299,منصة تبسيط,الأنظمة والتشريعات,شرح,رابط,,,False,1,a299,المادة التاسعة والتسعون بعد المائتين، المادة ٢٩٩ بدء سريان مدة التقادم,الفصل الثالث: انقضاء الالتزام دون الوفاء به › الفرع الثالث: عدم سماع الدعوى بمرور الزمن (التقادم المانع من سماع الدعوى)
tabseet_ncm_300,نظام المعاملات المدنية: المادة 300 — وقف سريان مدة التقادم,منصة تبسيط,,منصة تبسيط,,,,https://saudalbazei.com/tabseet/#a300,منصة تبسيط,الأنظمة والتشريعات,شرح,رابط,,,False,1,a300,المادة الثلاثمائة، المادة ٣٠٠ وقف سريان مدة التقادم,الفصل الثالث: انقضاء الالتزام دون الوفاء به › الفرع الثالث: عدم سماع الدعوى بمرور الزمن (التقادم المانع من سماع الدعوى)
tabseet_ncm_301,نظام المعاملات المدنية: المادة 301 — أثر تعدد الدائنين في مدة التقادم,منصة تبسيط,,منصة تبسيط,,,,https://saudalbazei.com/tabseet/#a301,منصة تبسيط,الأنظمة والتشريعات,شرح,رابط,,,False,1,a301,المادة الأولى بعد الثلاثمائة، المادة ٣٠١ أثر تعدد الدائنين في مدة التقادم,الفصل الثالث: انقضاء الالتزام دون الوفاء به › الفرع الثالث: عدم سماع الدعوى بمرور الزمن (التقادم المانع من سماع الدعوى)
tabseet_ncm_302,نظام المعاملات المدنية: المادة 302 — انقطاع مدة التقادم,منصة تبسيط,,منصة تبسيط,,,,https://saudalbazei.com/tabseet/#a302,منصة تبسيط,الأنظمة والتشريعات,شرح,رابط,,,False,1,a302,المادة الثانية بعد الثلاثمائة، المادة ٣٠٢ انقطاع مدة التقادم,الفصل الثالث: انقضاء الالتزام دون الوفاء به › الفرع الثالث: عدم سماع الدعوى بمرور الزمن (التقادم المانع من سماع الدعوى)
tabseet_ncm_303,نظام المعاملات المدنية: المادة 303 — أثر انتقال الحق في مدة التقادم,منصة تبسيط,,منصة تبسيط,,,,https://saudalbazei.com/tabseet/#a303,منصة تبسيط,الأنظمة والتشريعات,شرح,رابط,,,False,1,a303,المادة الثالثة بعد الثلاثمائة، المادة ٣٠٣ أثر انتقال الحق في مدة التقادم,الفصل الثالث: انقضاء الالتزام دون الوفاء به › الفرع الثالث: عدم سماع الدعوى بمرور الزمن (التقادم المانع من سماع الدعوى)
tabseet_ncm_304,نظام المعاملات المدنية: المادة 304 — أثر انقطاع مدة التقادم,منصة تبسيط,,منصة تبسيط,,,,https://saudalbazei.com/tabseet/#a304,منصة تبسيط,الأنظمة والتشريعات,شرح,رابط,,,False,1,a304,المادة الرابعة بعد الثلاثمائة، المادة ٣٠٤ أثر انقطاع مدة التقادم,الفصل الثالث: انقضاء الالتزام دون الوفاء به › الفرع الثالث: عدم سماع الدعوى بمرور الزمن (التقادم المانع من سماع الدعوى)
tabseet_ncm_305,نظام المعاملات المدنية: المادة 305 — الاتفاق على تغيير مدة التقادم والنزول عنه,منصة تبسيط,,منصة تبسيط,,,,https://saudalbazei.com/tabseet/#a305,منصة تبسيط,الأنظمة والتشريعات,شرح,رابط,,,False,1,a305,المادة الخامسة بعد الثلاثمائة، المادة ٣٠٥ الاتفاق على تغيير مدة التقادم والنزول عنه,الفصل الثالث: انقضاء الالتزام دون الوفاء به › الفرع الثالث: عدم سماع الدعوى بمرور الزمن (التقادم المانع من سماع الدعوى)
tabseet_ncm_306,نظام المعاملات المدنية: المادة 306 — وجوب التمسك بالتقادم,منصة تبسيط,,منصة تبسيط,,,,https://saudalbazei.com/tabseet/#a306,منصة تبسيط,الأنظمة والتشريعات,شرح,رابط,,,False,1,a306,المادة السادسة بعد الثلاثمائة، المادة ٣٠٦ وجوب التمسك بالتقادم,الفصل الثالث: انقضاء الالتزام دون الوفاء به › الفرع الثالث: عدم سماع الدعوى بمرور الزمن (التقادم المانع من سماع الدعوى)
tabseet_ncm_307,نظام المعاملات المدنية: المادة 307 — مفهوم البيع,منصة تبسيط,,منصة تبسيط,,,,https://saudalbazei.com/tabseet/#a307,منصة تبسيط,الأنظمة والتشريعات,شرح,رابط,,,False,1,a307,المادة السابعة بعد الثلاثمائة، المادة ٣٠٧ مفهوم البيع,الباب الأول: العقود الواردة على الملكية › الفصل الأول: عقد البيع
tabseet_ncm_308,نظام المعاملات المدنية: المادة 308 — العلم بالمبيع,منصة تبسيط,,منصة تبسيط,,,,https://saudalbazei.com/tabseet/#a308,منصة تبسيط,الأنظمة والتشريعات,شرح,رابط,,,False,1,a308,المادة الثامنة بعد الثلاثمائة، المادة ٣٠٨ العلم بالمبيع,الفصل الأول: عقد البيع › الفرع الأول: المبيع والثمن
tabseet_ncm_309,نظام المعاملات المدنية: المادة 309 — البيع بالعيّنة,منصة تبسيط,,منصة تبسيط,,,,https://saudalbazei.com/tabseet/#a309,منصة تبسيط,الأنظمة والتشريعات,شرح,رابط,,,False,1,a309,المادة التاسعة بعد الثلاثمائة، المادة ٣٠٩ البيع بالعيّنة,الفصل الأول: عقد البيع › الفرع الأول: المبيع والثمن
tabseet_ncm_310,نظام المعاملات المدنية: المادة 310 — البيع بشرط التجربة,منصة تبسيط,,منصة تبسيط,,,,https://saudalbazei.com/tabseet/#a310,منصة تبسيط,الأنظمة والتشريعات,شرح,رابط,,,False,1,a310,المادة العاشرة بعد الثلاثمائة، المادة ٣١٠ البيع بشرط التجربة,الفصل الأول: عقد البيع › الفرع الأول: المبيع والثمن
tabseet_ncm_311,نظام المعاملات المدنية: المادة 311 — لزوم البيع بشرط التجربة,منصة تبسيط,,منصة تبسيط,,,,https://saudalbazei.com/tabseet/#a311,منصة تبسيط,الأنظمة والتشريعات,شرح,رابط,,,False,1,a311,المادة الحادية عشرة بعد الثلاثمائة، المادة ٣١١ لزوم البيع بشرط التجربة,الفصل الأول: عقد البيع › الفرع الأول: المبيع والثمن
tabseet_ncm_312,نظام المعاملات المدنية: المادة 312 — تعليق البيع بشرط التجربة,منصة تبسيط,,منصة تبسيط,,,,https://saudalbazei.com/tabseet/#a312,منصة تبسيط,الأنظمة والتشريعات,شرح,رابط,,,False,1,a312,المادة الثانية عشرة بعد الثلاثمائة، المادة ٣١٢ تعليق البيع بشرط التجربة,الفصل الأول: عقد البيع › الفرع الأول: المبيع والثمن
tabseet_ncm_313,نظام المعاملات المدنية: المادة 313 — تعيين مقدار الثمن,منصة تبسيط,,منصة تبسيط,,,,https://saudalbazei.com/tabseet/#a313,منصة تبسيط,الأنظمة والتشريعات,شرح,رابط,,,False,1,a313,المادة الثالثة عشرة بعد الثلاثمائة، المادة ٣١٣ تعيين مقدار الثمن,الفصل الأول: عقد البيع › الفرع الأول: المبيع والثمن
tabseet_ncm_314,نظام المعاملات المدنية: المادة 314 — تحديد الثمن بسعر السوق,منصة تبسيط,,منصة تبسيط,,,,https://saudalbazei.com/tabseet/#a314,منصة تبسيط,الأنظمة والتشريعات,شرح,رابط,,,False,1,a314,المادة الرابعة عشرة بعد الثلاثمائة، المادة ٣١٤ تحديد الثمن بسعر السوق,الفصل الأول: عقد البيع › الفرع الأول: المبيع والثمن
tabseet_ncm_315,نظام المعاملات المدنية: المادة 315 — التحديد الضمني للثمن,منصة تبسيط,,منصة تبسيط,,,,https://saudalbazei.com/tabseet/#a315,منصة تبسيط,الأنظمة والتشريعات,شرح,رابط,,,False,1,a315,المادة الخامسة عشرة بعد الثلاثمائة، المادة ٣١٥ التحديد الضمني للثمن,الفصل الأول: عقد البيع › الفرع الأول: المبيع والثمن
tabseet_ncm_316,نظام المعاملات المدنية: المادة 316 — تحديد الثمن بناء على رأس مال البائع,منصة تبسيط,,منصة تبسيط,,,,https://saudalbazei.com/tabseet/#a316,منصة تبسيط,الأنظمة والتشريعات,شرح,رابط,,,False,1,a316,المادة السادسة عشرة بعد الثلاثمائة، المادة ٣١٦ تحديد الثمن بناء على رأس مال البائع,الفصل الأول: عقد البيع › الفرع الأول: المبيع والثمن
tabseet_ncm_317,نظام المعاملات المدنية: المادة 317 — وقت استحقاق الثمن,منصة تبسيط,,منصة تبسيط,,,,https://saudalbazei.com/tabseet/#a317,منصة تبسيط,الأنظمة والتشريعات,شرح,رابط,,,False,1,a317,المادة السابعة عشرة بعد الثلاثمائة، المادة ٣١٧ وقت استحقاق الثمن,الفصل الأول: عقد البيع › الفرع الأول: المبيع والثمن
tabseet_ncm_318,نظام المعاملات المدنية: المادة 318 — وقت انتقال الملكية,منصة تبسيط,,منصة تبسيط,,,,https://saudalbazei.com/tabseet/#a318,منصة تبسيط,الأنظمة والتشريعات,شرح,رابط,,,False,1,a318,المادة الثامنة عشرة بعد الثلاثمائة، المادة ٣١٨ وقت انتقال الملكية,أولاً: التزامات البائع › الالتزام الأول: نقل ملكية المبيع
tabseet_ncm_319,نظام المعاملات المدنية: المادة 319 — التزام البائع بنقل الملكية,منصة تبسيط,,منصة تبسيط,,,,https://saudalbazei.com/tabseet/#a319,منصة تبسيط,الأنظمة والتشريعات,شرح,رابط,,,False,1,a319,المادة التاسعة عشرة بعد الثلاثمائة، المادة ٣١٩ التزام البائع بنقل الملكية,أولاً: التزامات البائع › الالتزام الأول: نقل ملكية المبيع
tabseet_ncm_320,نظام المعاملات المدنية: المادة 320 — تعليق نقل الملكية,منصة تبسيط,,منصة تبسيط,,,,https://saudalbazei.com/tabseet/#a320,منصة تبسيط,الأنظمة والتشريعات,شرح,رابط,,,False,1,a320,المادة العشرون بعد الثلاثمائة، المادة ٣٢٠ تعليق نقل الملكية,أولاً: التزامات البائع › الالتزام الأول: نقل ملكية المبيع
tabseet_ncm_321,نظام المعاملات المدنية: المادة 321 — التزام البائع بالتسليم,منصة تبسيط,,منصة تبسيط,,,,https://saudalbazei.com/tabseet/#a321,منصة تبسيط,الأنظمة والتشريعات,شرح,رابط,,,False,1,a321,المادة الحادية والعشرون بعد الثلاثمائة، المادة ٣٢١ التزام البائع بالتسليم,أولاً: التزامات البائع › الالتزام الثاني: تسليم المبيع
tabseet_ncm_322,نظام المعاملات المدنية: المادة 322 — ملحقات المبيع,منصة تبسيط,,منصة تبسيط,,,,https://saudalbazei.com/tabseet/#a322,منصة تبسيط,الأنظمة والتشريعات,شرح,رابط,,,False,1,a322,المادة الثانية والعشرون بعد الثلاثمائة، المادة ٣٢٢ ملحقات المبيع,أولاً: التزامات البائع › الالتزام الثاني: تسليم المبيع
tabseet_ncm_323,نظام المعاملات المدنية: المادة 323 — النقص أو الزيادة في مقدار المبيع,منصة تبسيط,,منصة تبسيط,,,,https://saudalbazei.com/tabseet/#a323,منصة تبسيط,الأنظمة والتشريعات,شرح,رابط,,,False,1,a323,المادة الثالثة والعشرون بعد الثلاثمائة، المادة ٣٢٣ النقص أو الزيادة في مقدار المبيع,أولاً: التزامات البائع › الالتزام الثاني: تسليم المبيع
tabseet_ncm_324,نظام المعاملات المدنية: المادة 324 — التسليم الفعلي,منصة تبسيط,,منصة تبسيط,,,,https://saudalbazei.com/tabseet/#a324,منصة تبسيط,الأنظمة والتشريعات,شرح,رابط,,,False,1,a324,المادة الرابعة والعشرون بعد الثلاثمائة، المادة ٣٢٤ التسليم الفعلي,أولاً: التزامات البائع › الالتزام الثاني: تسليم المبيع
tabseet_ncm_325,نظام المعاملات المدنية: المادة 325 — التسليم الحكمي بانعقاد البيع,منصة تبسيط,,منصة تبسيط,,,,https://saudalbazei.com/tabseet/#a325,منصة تبسيط,الأنظمة والتشريعات,شرح,رابط,,,False,1,a325,المادة الخامسة والعشرون بعد الثلاثمائة، المادة ٣٢٥ التسليم الحكمي بانعقاد البيع,أولاً: التزامات البائع › الالتزام الثاني: تسليم المبيع
tabseet_ncm_326,نظام المعاملات المدنية: المادة 326 — التسليم الحكمي بالاتفاق أو بنص النظام,منصة تبسيط,,منصة تبسيط,,,,https://saudalbazei.com/tabseet/#a326,منصة تبسيط,الأنظمة والتشريعات,شرح,رابط,,,False,1,a326,المادة السادسة والعشرون بعد الثلاثمائة، المادة ٣٢٦ التسليم الحكمي بالاتفاق أو بنص النظام,أولاً: التزامات البائع › الالتزام الثاني: تسليم المبيع
tabseet_ncm_327,نظام المعاملات المدنية: المادة 327 — هلاك المبيع قبل التسليم بفعل المشتري,منصة تبسيط,,منصة تبسيط,,,,https://saudalbazei.com/tabseet/#a327,منصة تبسيط,الأنظمة والتشريعات,شرح,رابط,,,False,1,a327,المادة السابعة والعشرون بعد الثلاثمائة، المادة ٣٢٧ هلاك المبيع قبل التسليم بفعل المشتري,أولاً: التزامات البائع › الالتزام الثاني: تسليم المبيع
tabseet_ncm_328,نظام المعاملات المدنية: المادة 328 — هلاك المبيع قبل التسليم بفعل البائع أو الغير,منصة تبسيط,,منصة تبسيط,,,,https://saudalbazei.com/tabseet/#a328,منصة تبسيط,الأنظمة والتشريعات,شرح,رابط,,,False,1,a328,المادة الثامنة والعشرون بعد الثلاثمائة، المادة ٣٢٨ هلاك المبيع قبل التسليم بفعل البائع أو الغير,أولاً: التزامات البائع › الالتزام الثاني: تسليم المبيع
tabseet_ncm_329,نظام المعاملات المدنية: المادة 329 — هلاك المبيع قبل التسليم بقوة قاهرة,منصة تبسيط,,منصة تبسيط,,,,https://saudalbazei.com/tabseet/#a329,منصة تبسيط,الأنظمة والتشريعات,شرح,رابط,,,False,1,a329,المادة التاسعة والعشرون بعد الثلاثمائة، المادة ٣٢٩ هلاك المبيع قبل التسليم بقوة قاهرة,أولاً: التزامات البائع › الالتزام الثاني: تسليم المبيع
tabseet_ncm_330,نظام المعاملات المدنية: المادة 330 — ضمان البائع للتعرض والاستحقاق,منصة تبسيط,,منصة تبسيط,,,,https://saudalbazei.com/tabseet/#a330,منصة تبسيط,الأنظمة والتشريعات,شرح,رابط,,,False,1,a330,المادة الثلاثون بعد الثلاثمائة، المادة ٣٣٠ ضمان البائع للتعرض والاستحقاق,أولاً: التزامات البائع › الالتزام الثالث: ضمان التعرض والاستحقاق
tabseet_ncm_331,نظام المعاملات المدنية: المادة 331 — تدخل البائع في دعوى الاستحقاق,منصة تبسيط,,منصة تبسيط,,,,https://saudalbazei.com/tabseet/#a331,منصة تبسيط,الأنظمة والتشريعات,شرح,رابط,,,False,1,a331,المادة الحادية والثلاثون بعد الثلاثمائة، المادة ٣٣١ تدخل البائع في دعوى الاستحقاق,أولاً: التزامات البائع › الالتزام الثالث: ضمان التعرض والاستحقاق
tabseet_ncm_332,نظام المعاملات المدنية: المادة 332 — ضمان الاستحقاق حال إقرار المشتري أو تصالحه مع الغير,منصة تبسيط,,منصة تبسيط,,,,https://saudalbazei.com/tabseet/#a332,منصة تبسيط,الأنظمة والتشريعات,شرح,رابط,,,False,1,a332,المادة الثانية والثلاثون بعد الثلاثمائة، المادة ٣٣٢ ضمان الاستحقاق حال إقرار المشتري أو تصالحه مع الغير,أولاً: التزامات البائع › الالتزام الثالث: ضمان التعرض والاستحقاق
tabseet_ncm_333,نظام المعاملات المدنية: المادة 333 — تخلص البائع من ضمان الاستحقاق,منصة تبسيط,,منصة تبسيط,,,,https://saudalbazei.com/tabseet/#a333,منصة تبسيط,الأنظمة والتشريعات,شرح,رابط,,,False,1,a333,المادة الثالثة والثلاثون بعد الثلاثمائة، المادة ٣٣٣ تخلص البائع من ضمان الاستحقاق,أولاً: التزامات البائع › الالتزام الثالث: ضمان التعرض والاستحقاق
tabseet_ncm_334,نظام المعاملات المدنية: المادة 334 — إجازة المستحق للبيع في الاستحقاق الكلي,منصة تبسيط,,منصة تبسيط,,,,https://saudalbazei.com/tabseet/#a334,منصة تبسيط,الأنظمة والتشريعات,شرح,رابط,,,False,1,a334,المادة الرابعة والثلاثون بعد الثلاثمائة، المادة ٣٣٤ إجازة المستحق للبيع في الاستحقاق الكلي,أولاً: التزامات البائع › الالتزام الثالث: ضمان التعرض والاستحقاق
tabseet_ncm_335,نظام المعاملات المدنية: المادة 335 — ضمان الاستحقاق الكلي,منصة تبسيط,,منصة تبسيط,,,,https://saudalbazei.com/tabseet/#a335,منصة تبسيط,الأنظمة والتشريعات,شرح,رابط,,,False,1,a335,المادة الخامسة والثلاثون بعد الثلاثمائة، المادة ٣٣٥ ضمان الاستحقاق الكلي,أولاً: التزامات البائع › الالتزام الثالث: ضمان التعرض والاستحقاق
tabseet_ncm_336,نظام المعاملات المدنية: المادة 336 — ضمان الاستحقاق الجزئي,منصة تبسيط,,منصة تبسيط,,,,https://saudalbazei.com/tabseet/#a336,منصة تبسيط,الأنظمة والتشريعات,شرح,رابط,,,False,1,a336,المادة السادسة والثلاثون بعد الثلاثمائة، المادة ٣٣٦ ضمان الاستحقاق الجزئي,أولاً: التزامات البائع › الالتزام الثالث: ضمان التعرض والاستحقاق
tabseet_ncm_337,نظام المعاملات المدنية: المادة 337 — الاتفاق على تعديل ضمان الاستحقاق,منصة تبسيط,,منصة تبسيط,,,,https://saudalbazei.com/tabseet/#a337,منصة تبسيط,الأنظمة والتشريعات,شرح,رابط,,,False,1,a337,المادة السابعة والثلاثون بعد الثلاثمائة، المادة ٣٣٧ الاتفاق على تعديل ضمان الاستحقاق,أولاً: التزامات البائع › الالتزام الثالث: ضمان التعرض والاستحقاق
tabseet_ncm_338,نظام المعاملات المدنية: المادة 338 — ضمان العيب المؤثر,منصة تبسيط,,منصة تبسيط,,,,https://saudalbazei.com/tabseet/#a338,منصة تبسيط,الأنظمة والتشريعات,شرح,رابط,,,False,1,a338,المادة الثامنة والثلاثون بعد الثلاثمائة، المادة ٣٣٨ ضمان العيب المؤثر,أولاً: التزامات البائع › الالتزام الرابع: ضمان العيوب الخفية
tabseet_ncm_339,نظام المعاملات المدنية: المادة 339 — حالات عدم ضمان العيب,منصة تبسيط,,منصة تبسيط,,,,https://saudalbazei.com/tabseet/#a339,منصة تبسيط,الأنظمة والتشريعات,شرح,رابط,,,False,1,a339,المادة التاسعة والثلاثون بعد الثلاثمائة، المادة ٣٣٩ حالات عدم ضمان العيب,أولاً: التزامات البائع › الالتزام الرابع: ضمان العيوب الخفية
tabseet_ncm_340,نظام المعاملات المدنية: المادة 340 — مدة التحقق من المبيع والإعلام بالعيب,منصة تبسيط,,منصة تبسيط,,,,https://saudalbazei.com/tabseet/#a340,منصة تبسيط,الأنظمة والتشريعات,شرح,رابط,,,False,1,a340,المادة الأربعون بعد الثلاثمائة، المادة ٣٤٠ مدة التحقق من المبيع والإعلام بالعيب,أولاً: التزامات البائع › الالتزام الرابع: ضمان العيوب الخفية
tabseet_ncm_341,نظام المعاملات المدنية: المادة 341 — مسقطات ضمان العيب وحق الفسخ,منصة تبسيط,,منصة تبسيط,,,,https://saudalbazei.com/tabseet/#a341,منصة تبسيط,الأنظمة والتشريعات,شرح,رابط,,,False,1,a341,المادة الحادية والأربعون بعد الثلاثمائة، المادة ٣٤١ مسقطات ضمان العيب وحق الفسخ,أولاً: التزامات البائع › الالتزام الرابع: ضمان العيوب الخفية
tabseet_ncm_342,نظام المعاملات المدنية: المادة 342 — العيب في بعض المبيع,منصة تبسيط,,منصة تبسيط,,,,https://saudalbazei.com/tabseet/#a342,منصة تبسيط,الأنظمة والتشريعات,شرح,رابط,,,False,1,a342,المادة الثانية والأربعون بعد الثلاثمائة، المادة ٣٤٢ العيب في بعض المبيع,أولاً: التزامات البائع › الالتزام الرابع: ضمان العيوب الخفية
tabseet_ncm_343,نظام المعاملات المدنية: المادة 343 — الاتفاق على تعديل ضمان العيب,منصة تبسيط,,منصة تبسيط,,,,https://saudalbazei.com/tabseet/#a343,منصة تبسيط,الأنظمة والتشريعات,شرح,رابط,,,False,1,a343,المادة الثالثة والأربعون بعد الثلاثمائة، المادة ٣٤٣ الاتفاق على تعديل ضمان العيب,أولاً: التزامات البائع › الالتزام الرابع: ضمان العيوب الخفية
tabseet_ncm_344,نظام المعاملات المدنية: المادة 344 — مدة التقادم في ضمان العيب,منصة تبسيط,,منصة تبسيط,,,,https://saudalbazei.com/tabseet/#a344,منصة تبسيط,الأنظمة والتشريعات,شرح,رابط,,,False,1,a344,المادة الرابعة والأربعون بعد الثلاثمائة، المادة ٣٤٤ مدة التقادم في ضمان العيب,أولاً: التزامات البائع › الالتزام الرابع: ضمان العيوب الخفية
tabseet_ncm_345,نظام المعاملات المدنية: المادة 345 — وقت وجوب أداء الثمن,منصة تبسيط,,منصة تبسيط,,,,https://saudalbazei.com/tabseet/#a345,منصة تبسيط,الأنظمة والتشريعات,شرح,رابط,,,False,1,a345,المادة الخامسة والأربعون بعد الثلاثمائة، المادة ٣٤٥ وقت وجوب أداء الثمن,ثانيًا: التزامات المشتري › الالتزام الأول: أداء الثمن
tabseet_ncm_346,نظام المعاملات المدنية: المادة 346 — حبس المبيع بثمنه,منصة تبسيط,,منصة تبسيط,,,,https://saudalbazei.com/tabseet/#a346,منصة تبسيط,الأنظمة والتشريعات,شرح,رابط,,,False,1,a346,المادة السادسة والأربعون بعد الثلاثمائة، المادة ٣٤٦ حبس المبيع بثمنه,ثانيًا: التزامات المشتري › الالتزام الأول: أداء الثمن
tabseet_ncm_347,نظام المعاملات المدنية: المادة 347 — تسلم المبيع قبل أداء الثمن,منصة تبسيط,,منصة تبسيط,,,,https://saudalbazei.com/tabseet/#a347,منصة تبسيط,الأنظمة والتشريعات,شرح,رابط,,,False,1,a347,المادة السابعة والأربعون بعد الثلاثمائة، المادة ٣٤٧ تسلم المبيع قبل أداء الثمن,ثانيًا: التزامات المشتري › الالتزام الأول: أداء الثمن
tabseet_ncm_348,نظام المعاملات المدنية: المادة 348 — مكان أداء الثمن,منصة تبسيط,,منصة تبسيط,,,,https://saudalbazei.com/tabseet/#a348,منصة تبسيط,الأنظمة والتشريعات,شرح,رابط,,,False,1,a348,المادة الثامنة والأربعون بعد الثلاثمائة، المادة ٣٤٨ مكان أداء الثمن,ثانيًا: التزامات المشتري › الالتزام الأول: أداء الثمن
tabseet_ncm_349,نظام المعاملات المدنية: المادة 349 — حبس الثمن في ضمان الاستحقاق أو العيب,منصة تبسيط,,منصة تبسيط,,,,https://saudalbazei.com/tabseet/#a349,منصة تبسيط,الأنظمة والتشريعات,شرح,رابط,,,False,1,a349,المادة التاسعة والأربعون بعد الثلاثمائة، المادة ٣٤٩ حبس الثمن في ضمان الاستحقاق أو العيب,ثانيًا: التزامات المشتري › الالتزام الأول: أداء الثمن
tabseet_ncm_350,نظام المعاملات المدنية: المادة 350 — الفسخ الاتفاقي لعدم أداء الثمن,منصة تبسيط,,منصة تبسيط,,,,https://saudalbazei.com/tabseet/#a350,منصة تبسيط,الأنظمة والتشريعات,شرح,رابط,,,False,1,a350,المادة الخمسون بعد الثلاثمائة، المادة ٣٥٠ الفسخ الاتفاقي لعدم أداء الثمن,ثانيًا: التزامات المشتري › الالتزام الأول: أداء الثمن
tabseet_ncm_351,نظام المعاملات المدنية: المادة 351 — تسلم المبيع,منصة تبسيط,,منصة تبسيط,,,,https://saudalbazei.com/tabseet/#a351,منصة تبسيط,الأنظمة والتشريعات,شرح,رابط,,,False,1,a351,المادة الحادية والخمسون بعد الثلاثمائة، المادة ٣٥١ تسلم المبيع,ثانيًا: التزامات المشتري › الالتزام الثاني: تسلم المبيع
tabseet_ncm_352,نظام المعاملات المدنية: المادة 352 — تحمل نفقات الوفاء بالثمن وتسلم المبيع وعقد البيع,منصة تبسيط,,منصة تبسيط,,,,https://saudalbazei.com/tabseet/#a352,منصة تبسيط,الأنظمة والتشريعات,شرح,رابط,,,False,1,a352,المادة الثانية والخمسون بعد الثلاثمائة، المادة ٣٥٢ تحمل نفقات الوفاء بالثمن وتسلم المبيع وعقد البيع,ثانيًا: التزامات المشتري › الالتزام الثالث: تحمل نفقات الوفاء بالثمن وتسلم المبيع وعقد البيع
tabseet_ncm_353,نظام المعاملات المدنية: المادة 353 — المقصود بمرض الموت,منصة تبسيط,,منصة تبسيط,,,,https://saudalbazei.com/tabseet/#a353,منصة تبسيط,الأنظمة والتشريعات,شرح,رابط,,,False,1,a353,المادة الثالثة والخمسون بعد الثلاثمائة، المادة ٣٥٣ المقصود بمرض الموت,الفصل الأول: عقد البيع › الفرع الثالث: البيع في مرض الموت
tabseet_ncm_354,نظام المعاملات المدنية: المادة 354 — البيع في مرض الموت,منصة تبسيط,,منصة تبسيط,,,,https://saudalbazei.com/tabseet/#a354,منصة تبسيط,الأنظمة والتشريعات,شرح,رابط,,,False,1,a354,المادة الرابعة والخمسون بعد الثلاثمائة، المادة ٣٥٤ البيع في مرض الموت,الفصل الأول: عقد البيع › الفرع الثالث: البيع في مرض الموت
tabseet_ncm_355,نظام المعاملات المدنية: المادة 355 — أثر عدم نفاذ بيع المريض في الغير,منصة تبسيط,,منصة تبسيط,,,,https://saudalbazei.com/tabseet/#a355,منصة تبسيط,الأنظمة والتشريعات,شرح,رابط,,,False,1,a355,المادة الخامسة والخمسون بعد الثلاثمائة، المادة ٣٥٥ أثر عدم نفاذ بيع المريض في الغير,الفصل الأول: عقد البيع › الفرع الثالث: البيع في مرض الموت
tabseet_ncm_356,نظام المعاملات المدنية: المادة 356 — بيع النائب ومن في حكمه لنفسه,منصة تبسيط,,منصة تبسيط,,,,https://saudalbazei.com/tabseet/#a356,منصة تبسيط,الأنظمة والتشريعات,شرح,رابط,,,False,1,a356,المادة السادسة والخمسون بعد الثلاثمائة، المادة ٣٥٦ بيع النائب ومن في حكمه لنفسه,الفصل الأول: عقد البيع › الفرع الرابع: بيع النائب لنفسه
tabseet_ncm_357,نظام المعاملات المدنية: المادة 357 — أثر بيع النائب لنفسه,منصة تبسيط,,منصة تبسيط,,,,https://saudalbazei.com/tabseet/#a357,منصة تبسيط,الأنظمة والتشريعات,شرح,رابط,,,False,1,a357,المادة السابعة والخمسون بعد الثلاثمائة، المادة ٣٥٧ أثر بيع النائب لنفسه,الفصل الأول: عقد البيع › الفرع الرابع: بيع النائب لنفسه
tabseet_ncm_358,نظام المعاملات المدنية: المادة 358 — بيع الحقوق المتنازع فيها,منصة تبسيط,,منصة تبسيط,,,,https://saudalbazei.com/tabseet/#a358,منصة تبسيط,الأنظمة والتشريعات,شرح,رابط,,,False,1,a358,المادة الثامنة والخمسون بعد الثلاثمائة، المادة ٣٥٨ بيع الحقوق المتنازع فيها,الفصل الأول: عقد البيع › الفرع الخامس: بيع الحقوق المتنازع فيها
tabseet_ncm_359,نظام المعاملات المدنية: المادة 359 — بيع الشخص ما لا يملك,منصة تبسيط,,منصة تبسيط,,,,https://saudalbazei.com/tabseet/#a359,منصة تبسيط,الأنظمة والتشريعات,شرح,رابط,,,False,1,a359,المادة التاسعة والخمسون بعد الثلاثمائة، المادة ٣٥٩ بيع الشخص ما لا يملك,الفصل الأول: عقد البيع › الفرع السادس: بيع ملك الغير
tabseet_ncm_360,نظام المعاملات المدنية: المادة 360 — أثر جهل المشتري أن المبيع غير مملوك للبائع,منصة تبسيط,,منصة تبسيط,,,,https://saudalbazei.com/tabseet/#a360,منصة تبسيط,الأنظمة والتشريعات,شرح,رابط,,,False,1,a360,المادة الستون بعد الثلاثمائة، المادة ٣٦٠ أثر جهل المشتري أن المبيع غير مملوك للبائع,الفصل الأول: عقد البيع › الفرع السادس: بيع ملك الغير
tabseet_ncm_361,نظام المعاملات المدنية: المادة 361 — مفهوم المقايضة,منصة تبسيط,,منصة تبسيط,,,,https://saudalbazei.com/tabseet/#a361,منصة تبسيط,الأنظمة والتشريعات,شرح,رابط,,,False,1,a361,المادة الحادية والستون بعد الثلاثمائة، المادة ٣٦١ مفهوم المقايضة,الباب الأول: العقود الواردة على الملكية › الفصل الثاني: عقد المقايضة
tabseet_ncm_362,نظام المعاملات المدنية: المادة 362 — اعتبار المتقايض بائعًا ومشتريًا,منصة تبسيط,,منصة تبسيط,,,,https://saudalbazei.com/tabseet/#a362,منصة تبسيط,الأنظمة والتشريعات,شرح,رابط,,,False,1,a362,المادة الثانية والستون بعد الثلاثمائة، المادة ٣٦٢ اعتبار المتقايض بائعًا ومشتريًا,الباب الأول: العقود الواردة على الملكية › الفصل الثاني: عقد المقايضة
tabseet_ncm_363,نظام المعاملات المدنية: المادة 363 — المقايضة بمعدل نقدي,منصة تبسيط,,منصة تبسيط,,,,https://saudalbazei.com/tabseet/#a363,منصة تبسيط,الأنظمة والتشريعات,شرح,رابط,,,False,1,a363,المادة الثالثة والستون بعد الثلاثمائة، المادة ٣٦٣ المقايضة بمعدل نقدي,الباب الأول: العقود الواردة على الملكية › الفصل الثاني: عقد المقايضة
tabseet_ncm_364,نظام المعاملات المدنية: المادة 364 — نفقات عقد المقايضة,منصة تبسيط,,منصة تبسيط,,,,https://saudalbazei.com/tabseet/#a364,منصة تبسيط,الأنظمة والتشريعات,شرح,رابط,,,False,1,a364,المادة الرابعة والستون بعد الثلاثمائة، المادة ٣٦٤ نفقات عقد المقايضة,الباب الأول: العقود الواردة على الملكية › الفصل الثاني: عقد المقايضة
tabseet_ncm_365,نظام المعاملات المدنية: المادة 365 — سريان أحكام البيع على المقايضة,منصة تبسيط,,منصة تبسيط,,,,https://saudalbazei.com/tabseet/#a365,منصة تبسيط,الأنظمة والتشريعات,شرح,رابط,,,False,1,a365,المادة الخامسة والستون بعد الثلاثمائة، المادة ٣٦٥ سريان أحكام البيع على المقايضة,الباب الأول: العقود الواردة على الملكية › الفصل الثاني: عقد المقايضة
tabseet_ncm_366,نظام المعاملات المدنية: المادة 366 — مفهوم الهبة,منصة تبسيط,,منصة تبسيط,,,,https://saudalbazei.com/tabseet/#a366,منصة تبسيط,الأنظمة والتشريعات,شرح,رابط,,,False,1,a366,المادة السادسة والستون بعد الثلاثمائة، المادة ٣٦٦ مفهوم الهبة,الفصل الثالث: عقد الهبة › الفرع الأول: إنشاء عقد الهبة
tabseet_ncm_367,نظام المعاملات المدنية: المادة 367 — الهبة المشروطة,منصة تبسيط,,منصة تبسيط,,,,https://saudalbazei.com/tabseet/#a367,منصة تبسيط,الأنظمة والتشريعات,شرح,رابط,,,False,1,a367,المادة السابعة والستون بعد الثلاثمائة، المادة ٣٦٧ الهبة المشروطة,الفصل الثالث: عقد الهبة › الفرع الأول: إنشاء عقد الهبة
tabseet_ncm_368,نظام المعاملات المدنية: المادة 368 — شكل الهبة,منصة تبسيط,,منصة تبسيط,,,,https://saudalbazei.com/tabseet/#a368,منصة تبسيط,الأنظمة والتشريعات,شرح,رابط,,,False,1,a368,المادة الثامنة والستون بعد الثلاثمائة، المادة ٣٦٨ شكل الهبة,الفصل الثالث: عقد الهبة › الفرع الأول: إنشاء عقد الهبة
tabseet_ncm_369,نظام المعاملات المدنية: المادة 369 — هبة ملك الغير,منصة تبسيط,,منصة تبسيط,,,,https://saudalbazei.com/tabseet/#a369,منصة تبسيط,الأنظمة والتشريعات,شرح,رابط,,,False,1,a369,المادة التاسعة والستون بعد الثلاثمائة، المادة ٣٦٩ هبة ملك الغير,الفصل الثالث: عقد الهبة › الفرع الأول: إنشاء عقد الهبة
tabseet_ncm_370,نظام المعاملات المدنية: المادة 370 — هبة الدين للمدين,منصة تبسيط,,منصة تبسيط,,,,https://saudalbazei.com/tabseet/#a370,منصة تبسيط,الأنظمة والتشريعات,شرح,رابط,,,False,1,a370,المادة السبعون بعد الثلاثمائة، المادة ٣٧٠ هبة الدين للمدين,الفصل الثالث: عقد الهبة › الفرع الأول: إنشاء عقد الهبة
tabseet_ncm_371,نظام المعاملات المدنية: المادة 371 — هبة المال الشائع,منصة تبسيط,,منصة تبسيط,,,,https://saudalbazei.com/tabseet/#a371,منصة تبسيط,الأنظمة والتشريعات,شرح,رابط,,,False,1,a371,المادة الحادية والسبعون بعد الثلاثمائة، المادة ٣٧١ هبة المال الشائع,الفصل الثالث: عقد الهبة › الفرع الأول: إنشاء عقد الهبة
tabseet_ncm_372,نظام المعاملات المدنية: المادة 372 — ضمان الاستحقاق والعيب,منصة تبسيط,,منصة تبسيط,,,,https://saudalbazei.com/tabseet/#a372,منصة تبسيط,الأنظمة والتشريعات,شرح,رابط,,,False,1,a372,المادة الثانية والسبعون بعد الثلاثمائة، المادة ٣٧٢ ضمان الاستحقاق والعيب,الفصل الثالث: عقد الهبة › الفرع الثاني: آثار عقد الهبة
tabseet_ncm_373,نظام المعاملات المدنية: المادة 373 — أداء الالتزام في الهبة المشروطة,منصة تبسيط,,منصة تبسيط,,,,https://saudalbazei.com/tabseet/#a373,منصة تبسيط,الأنظمة والتشريعات,شرح,رابط,,,False,1,a373,المادة الثالثة والسبعون بعد الثلاثمائة، المادة ٣٧٣ أداء الالتزام في الهبة المشروطة,الفصل الثالث: عقد الهبة › الفرع الثاني: آثار عقد الهبة
tabseet_ncm_374,نظام المعاملات المدنية: المادة 374 — الهبة المشروطة بوفاء الدين,منصة تبسيط,,منصة تبسيط,,,,https://saudalbazei.com/tabseet/#a374,منصة تبسيط,الأنظمة والتشريعات,شرح,رابط,,,False,1,a374,المادة الرابعة والسبعون بعد الثلاثمائة، المادة ٣٧٤ الهبة المشروطة بوفاء الدين,الفصل الثالث: عقد الهبة › الفرع الثاني: آثار عقد الهبة
tabseet_ncm_375,نظام المعاملات المدنية: المادة 375 — نفقات العقد والتسليم,منصة تبسيط,,منصة تبسيط,,,,https://saudalbazei.com/tabseet/#a375,منصة تبسيط,الأنظمة والتشريعات,شرح,رابط,,,False,1,a375,المادة الخامسة والسبعون بعد الثلاثمائة، المادة ٣٧٥ نفقات العقد والتسليم,الفصل الثالث: عقد الهبة › الفرع الثاني: آثار عقد الهبة
tabseet_ncm_376,نظام المعاملات المدنية: المادة 376 — حالات جواز الرجوع في الهبة,منصة تبسيط,,منصة تبسيط,,,,https://saudalbazei.com/tabseet/#a376,منصة تبسيط,الأنظمة والتشريعات,شرح,رابط,,,False,1,a376,المادة السادسة والسبعون بعد الثلاثمائة، المادة ٣٧٦ حالات جواز الرجوع في الهبة,الفصل الثالث: عقد الهبة › الفرع الثالث: الرجوع في الهبة
tabseet_ncm_377,نظام المعاملات المدنية: المادة 377 — سقوط حق الرجوع في الهبة,منصة تبسيط,,منصة تبسيط,,,,https://saudalbazei.com/tabseet/#a377,منصة تبسيط,الأنظمة والتشريعات,شرح,رابط,,,False,1,a377,المادة السابعة والسبعون بعد الثلاثمائة، المادة ٣٧٧ سقوط حق الرجوع في الهبة,الفصل الثالث: عقد الهبة › الفرع الثالث: الرجوع في الهبة
tabseet_ncm_378,نظام المعاملات المدنية: المادة 378 — آثار الرجوع في الهبة,منصة تبسيط,,منصة تبسيط,,,,https://saudalbazei.com/tabseet/#a378,منصة تبسيط,الأنظمة والتشريعات,شرح,رابط,,,False,1,a378,المادة الثامنة والسبعون بعد الثلاثمائة، المادة ٣٧٨ آثار الرجوع في الهبة,الفصل الثالث: عقد الهبة › الفرع الثالث: الرجوع في الهبة
tabseet_ncm_379,نظام المعاملات المدنية: المادة 379 — سقوط حق استرداد عين الموهوب عند الرجوع,منصة تبسيط,,منصة تبسيط,,,,https://saudalbazei.com/tabseet/#a379,منصة تبسيط,الأنظمة والتشريعات,شرح,رابط,,,False,1,a379,المادة التاسعة والسبعون بعد الثلاثمائة، المادة ٣٧٩ سقوط حق استرداد عين الموهوب عند الرجوع,الفصل الثالث: عقد الهبة › الفرع الثالث: الرجوع في الهبة
tabseet_ncm_380,نظام المعاملات المدنية: المادة 380 — التعويض عند سقوط حق الاسترداد,منصة تبسيط,,منصة تبسيط,,,,https://saudalbazei.com/tabseet/#a380,منصة تبسيط,الأنظمة والتشريعات,شرح,رابط,,,False,1,a380,المادة الثمانون بعد الثلاثمائة، المادة ٣٨٠ التعويض عند سقوط حق الاسترداد,الفصل الثالث: عقد الهبة › الفرع الثالث: الرجوع في الهبة
tabseet_ncm_381,نظام المعاملات المدنية: المادة 381 — هلاك الموهوب عند الرجوع,منصة تبسيط,,منصة تبسيط,,,,https://saudalbazei.com/tabseet/#a381,منصة تبسيط,الأنظمة والتشريعات,شرح,رابط,,,False,1,a381,المادة الحادية والثمانون بعد الثلاثمائة، المادة ٣٨١ هلاك الموهوب عند الرجوع,الفصل الثالث: عقد الهبة › الفرع الثالث: الرجوع في الهبة
tabseet_ncm_382,نظام المعاملات المدنية: المادة 382 — مفهوم القرض,منصة تبسيط,,منصة تبسيط,,,,https://saudalbazei.com/tabseet/#a382,منصة تبسيط,الأنظمة والتشريعات,شرح,رابط,,,False,1,a382,المادة الثانية والثمانون بعد الثلاثمائة، المادة ٣٨٢ مفهوم القرض,الباب الأول: العقود الواردة على الملكية › الفصل الرابع: عقد القرض
tabseet_ncm_383,نظام المعاملات المدنية: المادة 383 — شرط القبض لانعقاد القرض,منصة تبسيط,,منصة تبسيط,,,,https://saudalbazei.com/tabseet/#a383,منصة تبسيط,الأنظمة والتشريعات,شرح,رابط,,,False,1,a383,المادة الثالثة والثمانون بعد الثلاثمائة، المادة ٣٨٣ شرط القبض لانعقاد القرض,الباب الأول: العقود الواردة على الملكية › الفصل الرابع: عقد القرض
tabseet_ncm_384,نظام المعاملات المدنية: المادة 384 — أهلية المقرض,منصة تبسيط,,منصة تبسيط,,,,https://saudalbazei.com/tabseet/#a384,منصة تبسيط,الأنظمة والتشريعات,شرح,رابط,,,False,1,a384,المادة الرابعة والثمانون بعد الثلاثمائة، المادة ٣٨٤ أهلية المقرض,الباب الأول: العقود الواردة على الملكية › الفصل الرابع: عقد القرض
tabseet_ncm_385,نظام المعاملات المدنية: المادة 385 — اشتراط الزيادة في رد القرض,منصة تبسيط,,منصة تبسيط,,,,https://saudalbazei.com/tabseet/#a385,منصة تبسيط,الأنظمة والتشريعات,شرح,رابط,,,False,1,a385,المادة الخامسة والثمانون بعد الثلاثمائة، المادة ٣٨٥ اشتراط الزيادة في رد القرض,الباب الأول: العقود الواردة على الملكية › الفصل الرابع: عقد القرض
tabseet_ncm_386,نظام المعاملات المدنية: المادة 386 — ضمان الاستحقاق والعيب,منصة تبسيط,,منصة تبسيط,,,,https://saudalbazei.com/tabseet/#a386,منصة تبسيط,الأنظمة والتشريعات,شرح,رابط,,,False,1,a386,المادة السادسة والثمانون بعد الثلاثمائة، المادة ٣٨٦ ضمان الاستحقاق والعيب,الباب الأول: العقود الواردة على الملكية › الفصل الرابع: عقد القرض
tabseet_ncm_387,نظام المعاملات المدنية: المادة 387 — أجل الوفاء بالقرض,منصة تبسيط,,منصة تبسيط,,,,https://saudalbazei.com/tabseet/#a387,منصة تبسيط,الأنظمة والتشريعات,شرح,رابط,,,False,1,a387,المادة السابعة والثمانون بعد الثلاثمائة، المادة ٣٨٧ أجل الوفاء بالقرض,الباب الأول: العقود الواردة على الملكية › الفصل الرابع: عقد القرض
tabseet_ncm_388,نظام المعاملات المدنية: المادة 388 — ما يحصل به وفاء القرض,منصة تبسيط,,منصة تبسيط,,,,https://saudalbazei.com/tabseet/#a388,منصة تبسيط,الأنظمة والتشريعات,شرح,رابط,,,False,1,a388,المادة الثامنة والثمانون بعد الثلاثمائة، المادة ٣٨٨ ما يحصل به وفاء القرض,الباب الأول: العقود الواردة على الملكية › الفصل الرابع: عقد القرض
tabseet_ncm_389,نظام المعاملات المدنية: المادة 389 — مكان الوفاء بالقرض,منصة تبسيط,,منصة تبسيط,,,,https://saudalbazei.com/tabseet/#a389,منصة تبسيط,الأنظمة والتشريعات,شرح,رابط,,,False,1,a389,المادة التاسعة والثمانون بعد الثلاثمائة، المادة ٣٨٩ مكان الوفاء بالقرض,الباب الأول: العقود الواردة على الملكية › الفصل الرابع: عقد القرض
tabseet_ncm_390,نظام المعاملات المدنية: المادة 390 — نفقات القرض والوفاء به,منصة تبسيط,,منصة تبسيط,,,,https://saudalbazei.com/tabseet/#a390,منصة تبسيط,الأنظمة والتشريعات,شرح,رابط,,,False,1,a390,المادة التسعون بعد الثلاثمائة، المادة ٣٩٠ نفقات القرض والوفاء به,الباب الأول: العقود الواردة على الملكية › الفصل الرابع: عقد القرض
tabseet_ncm_391,نظام المعاملات المدنية: المادة 391 — مفهوم الصلح,منصة تبسيط,,منصة تبسيط,,,,https://saudalbazei.com/tabseet/#a391,منصة تبسيط,الأنظمة والتشريعات,شرح,رابط,,,False,1,a391,المادة الحادية والتسعون بعد الثلاثمائة، المادة ٣٩١ مفهوم الصلح,الباب الأول: العقود الواردة على الملكية › الفصل الخامس: عقد الصلح
tabseet_ncm_392,نظام المعاملات المدنية: المادة 392 — أهلية المتصالح,منصة تبسيط,,منصة تبسيط,,,,https://saudalbazei.com/tabseet/#a392,منصة تبسيط,الأنظمة والتشريعات,شرح,رابط,,,False,1,a392,المادة الثانية والتسعون بعد الثلاثمائة، المادة ٣٩٢ أهلية المتصالح,الباب الأول: العقود الواردة على الملكية › الفصل الخامس: عقد الصلح
tabseet_ncm_393,نظام المعاملات المدنية: المادة 393 — صلح الصغير المميز المأذون له,منصة تبسيط,,منصة تبسيط,,,,https://saudalbazei.com/tabseet/#a393,منصة تبسيط,الأنظمة والتشريعات,شرح,رابط,,,False,1,a393,المادة الثالثة والتسعون بعد الثلاثمائة، المادة ٣٩٣ صلح الصغير المميز المأذون له,الباب الأول: العقود الواردة على الملكية › الفصل الخامس: عقد الصلح
tabseet_ncm_394,نظام المعاملات المدنية: المادة 394 — ما يشترط في المتصالح عنه,منصة تبسيط,,منصة تبسيط,,,,https://saudalbazei.com/tabseet/#a394,منصة تبسيط,الأنظمة والتشريعات,شرح,رابط,,,False,1,a394,المادة الرابعة والتسعون بعد الثلاثمائة، المادة ٣٩٤ ما يشترط في المتصالح عنه,الباب الأول: العقود الواردة على الملكية › الفصل الخامس: عقد الصلح
tabseet_ncm_395,نظام المعاملات المدنية: المادة 395 — الصلح عن الحق المجهول,منصة تبسيط,,منصة تبسيط,,,,https://saudalbazei.com/tabseet/#a395,منصة تبسيط,الأنظمة والتشريعات,شرح,رابط,,,False,1,a395,المادة الخامسة والتسعون بعد الثلاثمائة، المادة ٣٩٥ الصلح عن الحق المجهول,الباب الأول: العقود الواردة على الملكية › الفصل الخامس: عقد الصلح
tabseet_ncm_396,نظام المعاملات المدنية: المادة 396 — نوعا الصلح,منصة تبسيط,,منصة تبسيط,,,,https://saudalbazei.com/tabseet/#a396,منصة تبسيط,الأنظمة والتشريعات,شرح,رابط,,,False,1,a396,المادة السادسة والتسعون بعد الثلاثمائة، المادة ٣٩٦ نوعا الصلح,الباب الأول: العقود الواردة على الملكية › الفصل الخامس: عقد الصلح
tabseet_ncm_397,نظام المعاملات المدنية: المادة 397 — الصلح على بعض الحق وعلى التأجيل أو التعجيل,منصة تبسيط,,منصة تبسيط,,,,https://saudalbazei.com/tabseet/#a397,منصة تبسيط,الأنظمة والتشريعات,شرح,رابط,,,False,1,a397,المادة السابعة والتسعون بعد الثلاثمائة، المادة ٣٩٧ الصلح على بعض الحق وعلى التأجيل أو التعجيل,الباب الأول: العقود الواردة على الملكية › الفصل الخامس: عقد الصلح
tabseet_ncm_398,نظام المعاملات المدنية: المادة 398 — الصلح على الحقوق المتبادلة دون تسليم,منصة تبسيط,,منصة تبسيط,,,,https://saudalbazei.com/tabseet/#a398,منصة تبسيط,الأنظمة والتشريعات,شرح,رابط,,,False,1,a398,المادة الثامنة والتسعون بعد الثلاثمائة، المادة ٣٩٨ الصلح على الحقوق المتبادلة دون تسليم,الباب الأول: العقود الواردة على الملكية › الفصل الخامس: عقد الصلح
tabseet_ncm_399,نظام المعاملات المدنية: المادة 399 — الأثر الكاشف للصلح,منصة تبسيط,,منصة تبسيط,,,,https://saudalbazei.com/tabseet/#a399,منصة تبسيط,الأنظمة والتشريعات,شرح,رابط,,,False,1,a399,المادة التاسعة والتسعون بعد الثلاثمائة، المادة ٣٩٩ الأثر الكاشف للصلح,الباب الأول: العقود الواردة على الملكية › الفصل الخامس: عقد الصلح
tabseet_ncm_400,نظام المعاملات المدنية: المادة 400 — التفسير الضيق لعبارات التنازل,منصة تبسيط,,منصة تبسيط,,,,https://saudalbazei.com/tabseet/#a400,منصة تبسيط,الأنظمة والتشريعات,شرح,رابط,,,False,1,a400,المادة الأربعمائة، المادة ٤٠٠ التفسير الضيق لعبارات التنازل,الباب الأول: العقود الواردة على الملكية › الفصل الخامس: عقد الصلح
tabseet_ncm_401,نظام المعاملات المدنية: المادة 401 — أثر الصلح في انقضاء الحق المدعى به,منصة تبسيط,,منصة تبسيط,,,,https://saudalbazei.com/tabseet/#a401,منصة تبسيط,الأنظمة والتشريعات,شرح,رابط,,,False,1,a401,المادة الأولى بعد الأربعمائة، المادة ٤٠١ أثر الصلح في انقضاء الحق المدعى به,الباب الأول: العقود الواردة على الملكية › الفصل الخامس: عقد الصلح
tabseet_ncm_402,نظام المعاملات المدنية: المادة 402 — الأثر النسبي للصلح,منصة تبسيط,,منصة تبسيط,,,,https://saudalbazei.com/tabseet/#a402,منصة تبسيط,الأنظمة والتشريعات,شرح,رابط,,,False,1,a402,المادة الثانية بعد الأربعمائة، المادة ٤٠٢ الأثر النسبي للصلح,الباب الأول: العقود الواردة على الملكية › الفصل الخامس: عقد الصلح
tabseet_ncm_403,نظام المعاملات المدنية: المادة 403 — مفهوم المسابقة,منصة تبسيط,,منصة تبسيط,,,,https://saudalbazei.com/tabseet/#a403,منصة تبسيط,الأنظمة والتشريعات,شرح,رابط,,,False,1,a403,المادة الثالثة بعد الأربعمائة، المادة ٤٠٣ مفهوم المسابقة,الباب الأول: العقود الواردة على الملكية › الفصل السادس: عقد المسابقة
tabseet_ncm_404,نظام المعاملات المدنية: المادة 404 — الملتزم بالجعل,منصة تبسيط,,منصة تبسيط,,,,https://saudalbazei.com/tabseet/#a404,منصة تبسيط,الأنظمة والتشريعات,شرح,رابط,,,False,1,a404,المادة الرابعة بعد الأربعمائة، المادة ٤٠٤ الملتزم بالجعل,الباب الأول: العقود الواردة على الملكية › الفصل السادس: عقد المسابقة
tabseet_ncm_405,نظام المعاملات المدنية: المادة 405 — المسابقة بين فريقين,منصة تبسيط,,منصة تبسيط,,,,https://saudalbazei.com/tabseet/#a405,منصة تبسيط,الأنظمة والتشريعات,شرح,رابط,,,False,1,a405,المادة الخامسة بعد الأربعمائة، المادة ٤٠٥ المسابقة بين فريقين,الباب الأول: العقود الواردة على الملكية › الفصل السادس: عقد المسابقة
tabseet_ncm_406,نظام المعاملات المدنية: المادة 406 — الاتفاق على قمار,منصة تبسيط,,منصة تبسيط,,,,https://saudalbazei.com/tabseet/#a406,منصة تبسيط,الأنظمة والتشريعات,شرح,رابط,,,False,1,a406,المادة السادسة بعد الأربعمائة، المادة ٤٠٦ الاتفاق على قمار,الباب الأول: العقود الواردة على الملكية › الفصل السادس: عقد المسابقة
tabseet_ncm_407,نظام المعاملات المدنية: المادة 407 — مفهوم الإيجار,منصة تبسيط,,منصة تبسيط,,,,https://saudalbazei.com/tabseet/#a407,منصة تبسيط,الأنظمة والتشريعات,شرح,رابط,,,False,1,a407,المادة السابعة بعد الأربعمائة، المادة ٤٠٧ مفهوم الإيجار,الفصل الأول: عقد الإيجار › الفرع الأول: إنشاء عقد الإيجار
tabseet_ncm_408,نظام المعاملات المدنية: المادة 408 — أنواع المأجور,منصة تبسيط,,منصة تبسيط,,,,https://saudalbazei.com/tabseet/#a408,منصة تبسيط,الأنظمة والتشريعات,شرح,رابط,,,False,1,a408,المادة الثامنة بعد الأربعمائة، المادة ٤٠٨ أنواع المأجور,الفصل الأول: عقد الإيجار › الفرع الأول: إنشاء عقد الإيجار
tabseet_ncm_409,نظام المعاملات المدنية: المادة 409 — تعيين مقدار الأجرة,منصة تبسيط,,منصة تبسيط,,,,https://saudalbazei.com/tabseet/#a409,منصة تبسيط,الأنظمة والتشريعات,شرح,رابط,,,False,1,a409,المادة التاسعة بعد الأربعمائة، المادة ٤٠٩ تعيين مقدار الأجرة,الفصل الأول: عقد الإيجار › الفرع الأول: إنشاء عقد الإيجار
tabseet_ncm_410,نظام المعاملات المدنية: المادة 410 — تعجيل الأجرة وتأجيلها وتقسيطها,منصة تبسيط,,منصة تبسيط,,,,https://saudalbazei.com/tabseet/#a410,منصة تبسيط,الأنظمة والتشريعات,شرح,رابط,,,False,1,a410,المادة العاشرة بعد الأربعمائة، المادة ٤١٠ تعجيل الأجرة وتأجيلها وتقسيطها,الفصل الأول: عقد الإيجار › الفرع الأول: إنشاء عقد الإيجار
tabseet_ncm_411,نظام المعاملات المدنية: المادة 411 — اختلاف عدد الوحدات الإيجارية عن المحدد في العقد,منصة تبسيط,,منصة تبسيط,,,,https://saudalbazei.com/tabseet/#a411,منصة تبسيط,الأنظمة والتشريعات,شرح,رابط,,,False,1,a411,المادة الحادية عشرة بعد الأربعمائة، المادة ٤١١ اختلاف عدد الوحدات الإيجارية عن المحدد في العقد,الفصل الأول: عقد الإيجار › الفرع الأول: إنشاء عقد الإيجار
tabseet_ncm_412,نظام المعاملات المدنية: المادة 412 — بداية مدة الإيجار,منصة تبسيط,,منصة تبسيط,,,,https://saudalbazei.com/tabseet/#a412,منصة تبسيط,الأنظمة والتشريعات,شرح,رابط,,,False,1,a412,المادة الثانية عشرة بعد الأربعمائة، المادة ٤١٢ بداية مدة الإيجار,الفصل الأول: عقد الإيجار › الفرع الأول: إنشاء عقد الإيجار
tabseet_ncm_413,نظام المعاملات المدنية: المادة 413 — عدم تعيين مدة الإيجار,منصة تبسيط,,منصة تبسيط,,,,https://saudalbazei.com/tabseet/#a413,منصة تبسيط,الأنظمة والتشريعات,شرح,رابط,,,False,1,a413,المادة الثالثة عشرة بعد الأربعمائة، المادة ٤١٣ عدم تعيين مدة الإيجار,الفصل الأول: عقد الإيجار › الفرع الأول: إنشاء عقد الإيجار
tabseet_ncm_414,نظام المعاملات المدنية: المادة 414 — عقد الإيجار المضاف إلى أجل,منصة تبسيط,,منصة تبسيط,,,,https://saudalbazei.com/tabseet/#a414,منصة تبسيط,الأنظمة والتشريعات,شرح,رابط,,,False,1,a414,المادة الرابعة عشرة بعد الأربعمائة، المادة ٤١٤ عقد الإيجار المضاف إلى أجل,الفصل الأول: عقد الإيجار › الفرع الأول: إنشاء عقد الإيجار
tabseet_ncm_415,نظام المعاملات المدنية: المادة 415 — امتداد مدة الإيجار,منصة تبسيط,,منصة تبسيط,,,,https://saudalbazei.com/tabseet/#a415,منصة تبسيط,الأنظمة والتشريعات,شرح,رابط,,,False,1,a415,المادة الخامسة عشرة بعد الأربعمائة، المادة ٤١٥ امتداد مدة الإيجار,الفصل الأول: عقد الإيجار › الفرع الأول: إنشاء عقد الإيجار
tabseet_ncm_416,نظام المعاملات المدنية: المادة 416 — التزام المؤجر بالتسليم,منصة تبسيط,,منصة تبسيط,,,,https://saudalbazei.com/tabseet/#a416,منصة تبسيط,الأنظمة والتشريعات,شرح,رابط,,,False,1,a416,المادة السادسة عشرة بعد الأربعمائة، المادة ٤١٦ التزام المؤجر بالتسليم,الفرع الثاني: التزامات المؤجر › الالتزام الأول: تسليم المأجور
tabseet_ncm_417,نظام المعاملات المدنية: المادة 417 — حق المؤجر في الامتناع عن التسليم,منصة تبسيط,,منصة تبسيط,,,,https://saudalbazei.com/tabseet/#a417,منصة تبسيط,الأنظمة والتشريعات,شرح,رابط,,,False,1,a417,المادة السابعة عشرة بعد الأربعمائة، المادة ٤١٧ حق المؤجر في الامتناع عن التسليم,الفرع الثاني: التزامات المؤجر › الالتزام الأول: تسليم المأجور
tabseet_ncm_418,نظام المعاملات المدنية: المادة 418 — سريان أحكام تسليم المبيع على تسليم المأجور,منصة تبسيط,,منصة تبسيط,,,,https://saudalbazei.com/tabseet/#a418,منصة تبسيط,الأنظمة والتشريعات,شرح,رابط,,,False,1,a418,المادة الثامنة عشرة بعد الأربعمائة، المادة ٤١٨ سريان أحكام تسليم المبيع على تسليم المأجور,الفرع الثاني: التزامات المؤجر › الالتزام الأول: تسليم المأجور
tabseet_ncm_419,نظام المعاملات المدنية: المادة 419 — التزام المؤجر بالإصلاحات الضرورية,منصة تبسيط,,منصة تبسيط,,,,https://saudalbazei.com/tabseet/#a419,منصة تبسيط,الأنظمة والتشريعات,شرح,رابط,,,False,1,a419,المادة التاسعة عشرة بعد الأربعمائة، المادة ٤١٩ التزام المؤجر بالإصلاحات الضرورية,الفرع الثاني: التزامات المؤجر › الالتزام الثاني: الإصلاحات الضرورية للمأجور
tabseet_ncm_420,نظام المعاملات المدنية: المادة 420 — الهلاك الكلي للمأجور,منصة تبسيط,,منصة تبسيط,,,,https://saudalbazei.com/tabseet/#a420,منصة تبسيط,الأنظمة والتشريعات,شرح,رابط,,,False,1,a420,المادة العشرون بعد الأربعمائة، المادة ٤٢٠ الهلاك الكلي للمأجور,الفرع الثاني: التزامات المؤجر › الالتزام الثاني: الإصلاحات الضرورية للمأجور
tabseet_ncm_421,نظام المعاملات المدنية: المادة 421 — الهلاك الجزئي للمأجور,منصة تبسيط,,منصة تبسيط,,,,https://saudalbazei.com/tabseet/#a421,منصة تبسيط,الأنظمة والتشريعات,شرح,رابط,,,False,1,a421,المادة الحادية والعشرون بعد الأربعمائة، المادة ٤٢١ الهلاك الجزئي للمأجور,الفرع الثاني: التزامات المؤجر › الالتزام الثاني: الإصلاحات الضرورية للمأجور
tabseet_ncm_422,نظام المعاملات المدنية: المادة 422 — النفقات غير الضرورية على المأجور,منصة تبسيط,,منصة تبسيط,,,,https://saudalbazei.com/tabseet/#a422,منصة تبسيط,الأنظمة والتشريعات,شرح,رابط,,,False,1,a422,المادة الثانية والعشرون بعد الأربعمائة، المادة ٤٢٢ النفقات غير الضرورية على المأجور,الفرع الثاني: التزامات المؤجر › الالتزام الثاني: الإصلاحات الضرورية للمأجور
tabseet_ncm_423,نظام المعاملات المدنية: المادة 423 — ضمان المؤجر للتعرض,منصة تبسيط,,منصة تبسيط,,,,https://saudalbazei.com/tabseet/#a423,منصة تبسيط,الأنظمة والتشريعات,شرح,رابط,,,False,1,a423,المادة الثالثة والعشرون بعد الأربعمائة، المادة ٤٢٣ ضمان المؤجر للتعرض,الفرع الثاني: التزامات المؤجر › الالتزام الثالث: ضمان التعرض
tabseet_ncm_424,نظام المعاملات المدنية: المادة 424 — التعرض المادي من الغير أو من جهة عامة,منصة تبسيط,,منصة تبسيط,,,,https://saudalbazei.com/tabseet/#a424,منصة تبسيط,الأنظمة والتشريعات,شرح,رابط,,,False,1,a424,المادة الرابعة والعشرون بعد الأربعمائة، المادة ٤٢٤ التعرض المادي من الغير أو من جهة عامة,الفرع الثاني: التزامات المؤجر › الالتزام الثالث: ضمان التعرض
tabseet_ncm_425,نظام المعاملات المدنية: المادة 425 — ضمان المؤجر للعيوب,منصة تبسيط,,منصة تبسيط,,,,https://saudalbazei.com/tabseet/#a425,منصة تبسيط,الأنظمة والتشريعات,شرح,رابط,,,False,1,a425,المادة الخامسة والعشرون بعد الأربعمائة، المادة ٤٢٥ ضمان المؤجر للعيوب,الفرع الثاني: التزامات المؤجر › الالتزام الرابع: ضمان العيوب الخفية
tabseet_ncm_426,نظام المعاملات المدنية: المادة 426 — أثر ضمان المؤجر للعيوب,منصة تبسيط,,منصة تبسيط,,,,https://saudalbazei.com/tabseet/#a426,منصة تبسيط,الأنظمة والتشريعات,شرح,رابط,,,False,1,a426,المادة السادسة والعشرون بعد الأربعمائة، المادة ٤٢٦ أثر ضمان المؤجر للعيوب,الفرع الثاني: التزامات المؤجر › الالتزام الرابع: ضمان العيوب الخفية
tabseet_ncm_427,نظام المعاملات المدنية: المادة 427 — الاتفاق على تعديل ضمان التعرض أو العيب,منصة تبسيط,,منصة تبسيط,,,,https://saudalbazei.com/tabseet/#a427,منصة تبسيط,الأنظمة والتشريعات,شرح,رابط,,,False,1,a427,المادة السابعة والعشرون بعد الأربعمائة، المادة ٤٢٧ الاتفاق على تعديل ضمان التعرض أو العيب,الفرع الثاني: التزامات المؤجر › الالتزام الرابع: ضمان العيوب الخفية
tabseet_ncm_428,نظام المعاملات المدنية: المادة 428 — بيع المأجور,منصة تبسيط,,منصة تبسيط,,,,https://saudalbazei.com/tabseet/#a428,منصة تبسيط,الأنظمة والتشريعات,شرح,رابط,,,False,1,a428,المادة الثامنة والعشرون بعد الأربعمائة، المادة ٤٢٨ بيع المأجور,الفرع الثاني: التزامات المؤجر › الالتزام الرابع: ضمان العيوب الخفية
tabseet_ncm_429,نظام المعاملات المدنية: المادة 429 — أداء الأجرة,منصة تبسيط,,منصة تبسيط,,,,https://saudalbazei.com/tabseet/#a429,منصة تبسيط,الأنظمة والتشريعات,شرح,رابط,,,False,1,a429,المادة التاسعة والعشرون بعد الأربعمائة، المادة ٤٢٩ أداء الأجرة,الفرع الثالث: التزامات المستأجر › الالتزام الأول: أداء الأجرة
tabseet_ncm_430,نظام المعاملات المدنية: المادة 430 — المحافظة على المأجور,منصة تبسيط,,منصة تبسيط,,,,https://saudalbazei.com/tabseet/#a430,منصة تبسيط,الأنظمة والتشريعات,شرح,رابط,,,False,1,a430,المادة الثلاثون بعد الأربعمائة، المادة ٤٣٠ المحافظة على المأجور,الفرع الثالث: التزامات المستأجر › الالتزام الثاني: المحافظة على المأجور
tabseet_ncm_431,نظام المعاملات المدنية: المادة 431 — كيفية استعمال المأجور,منصة تبسيط,,منصة تبسيط,,,,https://saudalbazei.com/tabseet/#a431,منصة تبسيط,الأنظمة والتشريعات,شرح,رابط,,,False,1,a431,المادة الحادية والثلاثون بعد الأربعمائة، المادة ٤٣١ كيفية استعمال المأجور,الفرع الثالث: التزامات المستأجر › الالتزام الثالث: استعمال المأجور وفق المتفق عليه أو بحسب ما أعد له
tabseet_ncm_432,نظام المعاملات المدنية: المادة 432 — إحداث تغيير في المأجور,منصة تبسيط,,منصة تبسيط,,,,https://saudalbazei.com/tabseet/#a432,منصة تبسيط,الأنظمة والتشريعات,شرح,رابط,,,False,1,a432,المادة الثانية والثلاثون بعد الأربعمائة، المادة ٤٣٢ إحداث تغيير في المأجور,الفرع الثالث: التزامات المستأجر › الالتزام الثالث: استعمال المأجور وفق المتفق عليه أو بحسب ما أعد له
tabseet_ncm_433,نظام المعاملات المدنية: المادة 433 — صيانة المأجور,منصة تبسيط,,منصة تبسيط,,,,https://saudalbazei.com/tabseet/#a433,منصة تبسيط,الأنظمة والتشريعات,شرح,رابط,,,False,1,a433,المادة الثالثة والثلاثون بعد الأربعمائة، المادة ٤٣٣ صيانة المأجور,الفرع الثالث: التزامات المستأجر › الالتزام الثالث: استعمال المأجور وفق المتفق عليه أو بحسب ما أعد له
tabseet_ncm_434,نظام المعاملات المدنية: المادة 434 — قيام المؤجر بالإصلاحات الضرورية,منصة تبسيط,,منصة تبسيط,,,,https://saudalbazei.com/tabseet/#a434,منصة تبسيط,الأنظمة والتشريعات,شرح,رابط,,,False,1,a434,المادة الرابعة والثلاثون بعد الأربعمائة، المادة ٤٣٤ قيام المؤجر بالإصلاحات الضرورية,الفرع الثالث: التزامات المستأجر › الالتزام الثالث: استعمال المأجور وفق المتفق عليه أو بحسب ما أعد له
tabseet_ncm_435,نظام المعاملات المدنية: المادة 435 — رد المأجور بحاله عند تسلمه,منصة تبسيط,,منصة تبسيط,,,,https://saudalbazei.com/tabseet/#a435,منصة تبسيط,الأنظمة والتشريعات,شرح,رابط,,,False,1,a435,المادة الخامسة والثلاثون بعد الأربعمائة، المادة ٤٣٥ رد المأجور بحاله عند تسلمه,الفرع الثالث: التزامات المستأجر › الالتزام الرابع: رد المأجور
tabseet_ncm_436,نظام المعاملات المدنية: المادة 436 — إحداث بناء أو غراس في المأجور,منصة تبسيط,,منصة تبسيط,,,,https://saudalbazei.com/tabseet/#a436,منصة تبسيط,الأنظمة والتشريعات,شرح,رابط,,,False,1,a436,المادة السادسة والثلاثون بعد الأربعمائة، المادة ٤٣٦ إحداث بناء أو غراس في المأجور,الفرع الثالث: التزامات المستأجر › الالتزام الرابع: رد المأجور
tabseet_ncm_437,نظام المعاملات المدنية: المادة 437 — الإيجار من الباطن أو التنازل عن العقد,منصة تبسيط,,منصة تبسيط,,,,https://saudalbazei.com/tabseet/#a437,منصة تبسيط,الأنظمة والتشريعات,شرح,رابط,,,False,1,a437,المادة السابعة والثلاثون بعد الأربعمائة، المادة ٤٣٧ الإيجار من الباطن أو التنازل عن العقد,الفرع الثالث: التزامات المستأجر › الالتزام الرابع: رد المأجور
tabseet_ncm_438,نظام المعاملات المدنية: المادة 438 — قيود الإيجار من الباطن أو التنازل عن العقد,منصة تبسيط,,منصة تبسيط,,,,https://saudalbazei.com/tabseet/#a438,منصة تبسيط,الأنظمة والتشريعات,شرح,رابط,,,False,1,a438,المادة الثامنة والثلاثون بعد الأربعمائة، المادة ٤٣٨ قيود الإيجار من الباطن أو التنازل عن العقد,الفرع الثالث: التزامات المستأجر › الالتزام الرابع: رد المأجور
tabseet_ncm_439,نظام المعاملات المدنية: المادة 439 — أثر التنازل عن العقد,منصة تبسيط,,منصة تبسيط,,,,https://saudalbazei.com/tabseet/#a439,منصة تبسيط,الأنظمة والتشريعات,شرح,رابط,,,False,1,a439,المادة التاسعة والثلاثون بعد الأربعمائة، المادة ٤٣٩ أثر التنازل عن العقد,الفرع الثالث: التزامات المستأجر › الالتزام الرابع: رد المأجور
tabseet_ncm_440,نظام المعاملات المدنية: المادة 440 — انتهاء عقد الإيجار بانقضاء مدته,منصة تبسيط,,منصة تبسيط,,,,https://saudalbazei.com/tabseet/#a440,منصة تبسيط,الأنظمة والتشريعات,شرح,رابط,,,False,1,a440,المادة الأربعون بعد الأربعمائة، المادة ٤٤٠ انتهاء عقد الإيجار بانقضاء مدته,الفصل الأول: عقد الإيجار › الفرع الرابع: انتهاء عقد الإيجار
tabseet_ncm_441,نظام المعاملات المدنية: المادة 441 — أثر موت المتعاقد في عقد الإيجار,منصة تبسيط,,منصة تبسيط,,,,https://saudalbazei.com/tabseet/#a441,منصة تبسيط,الأنظمة والتشريعات,شرح,رابط,,,False,1,a441,المادة الحادية والأربعون بعد الأربعمائة، المادة ٤٤١ أثر موت المتعاقد في عقد الإيجار,الفصل الأول: عقد الإيجار › الفرع الرابع: انتهاء عقد الإيجار
tabseet_ncm_442,نظام المعاملات المدنية: المادة 442 — فسخ عقد الإيجار للعذر الطارئ,منصة تبسيط,,منصة تبسيط,,,,https://saudalbazei.com/tabseet/#a442,منصة تبسيط,الأنظمة والتشريعات,شرح,رابط,,,False,1,a442,المادة الثانية والأربعون بعد الأربعمائة، المادة ٤٤٢ فسخ عقد الإيجار للعذر الطارئ,الفصل الأول: عقد الإيجار › الفرع الرابع: انتهاء عقد الإيجار
tabseet_ncm_443,نظام المعاملات المدنية: المادة 443 — صحة إيجار الأرض للزراعة,منصة تبسيط,,منصة تبسيط,,,,https://saudalbazei.com/tabseet/#a443,منصة تبسيط,الأنظمة والتشريعات,شرح,رابط,,,False,1,a443,المادة الثالثة والأربعون بعد الأربعمائة، المادة ٤٤٣ صحة إيجار الأرض للزراعة,الفصل الأول: عقد الإيجار › الفرع الخامس: إيجار الأرض للزراعة
tabseet_ncm_444,نظام المعاملات المدنية: المادة 444 — الإيجار المنجز للأرض المشغولة,منصة تبسيط,,منصة تبسيط,,,,https://saudalbazei.com/tabseet/#a444,منصة تبسيط,الأنظمة والتشريعات,شرح,رابط,,,False,1,a444,المادة الرابعة والأربعون بعد الأربعمائة، المادة ٤٤٤ الإيجار المنجز للأرض المشغولة,الفصل الأول: عقد الإيجار › الفرع الخامس: إيجار الأرض للزراعة
tabseet_ncm_445,نظام المعاملات المدنية: المادة 445 — الإيجار المؤجل للأرض المشغولة,منصة تبسيط,,منصة تبسيط,,,,https://saudalbazei.com/tabseet/#a445,منصة تبسيط,الأنظمة والتشريعات,شرح,رابط,,,False,1,a445,المادة الخامسة والأربعون بعد الأربعمائة، المادة ٤٤٥ الإيجار المؤجل للأرض المشغولة,الفصل الأول: عقد الإيجار › الفرع الخامس: إيجار الأرض للزراعة
tabseet_ncm_446,نظام المعاملات المدنية: المادة 446 — ما يشمله إيجار الأرض للزراعة,منصة تبسيط,,منصة تبسيط,,,,https://saudalbazei.com/tabseet/#a446,منصة تبسيط,الأنظمة والتشريعات,شرح,رابط,,,False,1,a446,المادة السادسة والأربعون بعد الأربعمائة، المادة ٤٤٦ ما يشمله إيجار الأرض للزراعة,الفصل الأول: عقد الإيجار › الفرع الخامس: إيجار الأرض للزراعة
tabseet_ncm_447,نظام المعاملات المدنية: المادة 447 — حق مستأجر الأرض في زراعتها,منصة تبسيط,,منصة تبسيط,,,,https://saudalbazei.com/tabseet/#a447,منصة تبسيط,الأنظمة والتشريعات,شرح,رابط,,,False,1,a447,المادة السابعة والأربعون بعد الأربعمائة، المادة ٤٤٧ حق مستأجر الأرض في زراعتها,الفصل الأول: عقد الإيجار › الفرع الخامس: إيجار الأرض للزراعة
tabseet_ncm_448,نظام المعاملات المدنية: المادة 448 — بقاء الزرع بعد انقضاء مدة الإيجار,منصة تبسيط,,منصة تبسيط,,,,https://saudalbazei.com/tabseet/#a448,منصة تبسيط,الأنظمة والتشريعات,شرح,رابط,,,False,1,a448,المادة الثامنة والأربعون بعد الأربعمائة، المادة ٤٤٨ بقاء الزرع بعد انقضاء مدة الإيجار,الفصل الأول: عقد الإيجار › الفرع الخامس: إيجار الأرض للزراعة
tabseet_ncm_449,نظام المعاملات المدنية: المادة 449 — الالتزام بالإصلاحات والصيانة,منصة تبسيط,,منصة تبسيط,,,,https://saudalbazei.com/tabseet/#a449,منصة تبسيط,الأنظمة والتشريعات,شرح,رابط,,,False,1,a449,المادة التاسعة والأربعون بعد الأربعمائة، المادة ٤٤٩ الالتزام بالإصلاحات والصيانة,الفصل الأول: عقد الإيجار › الفرع الخامس: إيجار الأرض للزراعة
tabseet_ncm_450,نظام المعاملات المدنية: المادة 450 — هلاك الزرع قبل حصاده,منصة تبسيط,,منصة تبسيط,,,,https://saudalbazei.com/tabseet/#a450,منصة تبسيط,الأنظمة والتشريعات,شرح,رابط,,,False,1,a450,المادة الخمسون بعد الأربعمائة، المادة ٤٥٠ هلاك الزرع قبل حصاده,الفصل الأول: عقد الإيجار › الفرع الخامس: إيجار الأرض للزراعة
tabseet_ncm_451,نظام المعاملات المدنية: المادة 451 — مفهوم الإعارة,منصة تبسيط,,منصة تبسيط,,,,https://saudalbazei.com/tabseet/#a451,منصة تبسيط,الأنظمة والتشريعات,شرح,رابط,,,False,1,a451,المادة الحادية والخمسون بعد الأربعمائة، المادة ٤٥١ مفهوم الإعارة,الفصل الثاني: عقد الإعارة › الفرع الأول: إنشاء عقد الإعارة
tabseet_ncm_452,نظام المعاملات المدنية: المادة 452 — شرط القبض لانعقاد الإعارة,منصة تبسيط,,منصة تبسيط,,,,https://saudalbazei.com/tabseet/#a452,منصة تبسيط,الأنظمة والتشريعات,شرح,رابط,,,False,1,a452,المادة الثانية والخمسون بعد الأربعمائة، المادة ٤٥٢ شرط القبض لانعقاد الإعارة,الفصل الثاني: عقد الإعارة › الفرع الأول: إنشاء عقد الإعارة
tabseet_ncm_453,نظام المعاملات المدنية: المادة 453 — أجل الوفاء في الإعارة,منصة تبسيط,,منصة تبسيط,,,,https://saudalbazei.com/tabseet/#a453,منصة تبسيط,الأنظمة والتشريعات,شرح,رابط,,,False,1,a453,المادة الثالثة والخمسون بعد الأربعمائة، المادة ٤٥٣ أجل الوفاء في الإعارة,الفصل الثاني: عقد الإعارة › الفرع الأول: إنشاء عقد الإعارة
tabseet_ncm_454,نظام المعاملات المدنية: المادة 454 — التزامات المعير ضمان الاستحقاق والعيب,منصة تبسيط,,منصة تبسيط,,,,https://saudalbazei.com/tabseet/#a454,منصة تبسيط,الأنظمة والتشريعات,شرح,رابط,,,False,1,a454,المادة الرابعة والخمسون بعد الأربعمائة، المادة ٤٥٤ التزامات المعير ضمان الاستحقاق والعيب,الفصل الثاني: عقد الإعارة › الفرع الثاني: آثار عقد الإعارة
tabseet_ncm_455,نظام المعاملات المدنية: المادة 455 — التزامات المستعير حفظ الشيء المعار,منصة تبسيط,,منصة تبسيط,,,,https://saudalbazei.com/tabseet/#a455,منصة تبسيط,الأنظمة والتشريعات,شرح,رابط,,,False,1,a455,المادة الخامسة والخمسون بعد الأربعمائة، المادة ٤٥٥ التزامات المستعير حفظ الشيء المعار,الفصل الثاني: عقد الإعارة › الفرع الثاني: آثار عقد الإعارة
tabseet_ncm_456,نظام المعاملات المدنية: المادة 456 — نفقات الشيء المعار,منصة تبسيط,,منصة تبسيط,,,,https://saudalbazei.com/tabseet/#a456,منصة تبسيط,الأنظمة والتشريعات,شرح,رابط,,,False,1,a456,المادة السادسة والخمسون بعد الأربعمائة، المادة ٤٥٦ نفقات الشيء المعار,الفصل الثاني: عقد الإعارة › الفرع الثاني: آثار عقد الإعارة
tabseet_ncm_457,نظام المعاملات المدنية: المادة 457 — الانتفاع بالشيء المعار,منصة تبسيط,,منصة تبسيط,,,,https://saudalbazei.com/tabseet/#a457,منصة تبسيط,الأنظمة والتشريعات,شرح,رابط,,,False,1,a457,المادة السابعة والخمسون بعد الأربعمائة، المادة ٤٥٧ الانتفاع بالشيء المعار,الفصل الثاني: عقد الإعارة › الفرع الثاني: آثار عقد الإعارة
tabseet_ncm_458,نظام المعاملات المدنية: المادة 458 — عدم التصرف في الشيء المعار,منصة تبسيط,,منصة تبسيط,,,,https://saudalbazei.com/tabseet/#a458,منصة تبسيط,الأنظمة والتشريعات,شرح,رابط,,,False,1,a458,المادة الثامنة والخمسون بعد الأربعمائة، المادة ٤٥٨ عدم التصرف في الشيء المعار,الفصل الثاني: عقد الإعارة › الفرع الثاني: آثار عقد الإعارة
tabseet_ncm_459,نظام المعاملات المدنية: المادة 459 — انتهاء عقد الإعارة بالموت,منصة تبسيط,,منصة تبسيط,,,,https://saudalbazei.com/tabseet/#a459,منصة تبسيط,الأنظمة والتشريعات,شرح,رابط,,,False,1,a459,المادة التاسعة والخمسون بعد الأربعمائة، المادة ٤٥٩ انتهاء عقد الإعارة بالموت,الفصل الثاني: عقد الإعارة › الفرع الثالث: انتهاء عقد الإعارة
tabseet_ncm_460,نظام المعاملات المدنية: المادة 460 — انتهاء عقد الإعارة بانقضاء الأجل,منصة تبسيط,,منصة تبسيط,,,,https://saudalbazei.com/tabseet/#a460,منصة تبسيط,الأنظمة والتشريعات,شرح,رابط,,,False,1,a460,المادة الستون بعد الأربعمائة، المادة ٤٦٠ انتهاء عقد الإعارة بانقضاء الأجل,الفصل الثاني: عقد الإعارة › الفرع الثالث: انتهاء عقد الإعارة
tabseet_ncm_461,نظام المعاملات المدنية: المادة 461 — مفهوم المقاولة,منصة تبسيط,,منصة تبسيط,,,,https://saudalbazei.com/tabseet/#a461,منصة تبسيط,الأنظمة والتشريعات,شرح,رابط,,,False,1,a461,المادة الحادية والستون بعد الأربعمائة، المادة ٤٦١ مفهوم المقاولة,الفصل الأول: عقد المقاولة › الفرع الأول: إنشاء عقد المقاولة
tabseet_ncm_462,نظام المعاملات المدنية: المادة 462 — نوعا عقد المقاولة,منصة تبسيط,,منصة تبسيط,,,,https://saudalbazei.com/tabseet/#a462,منصة تبسيط,الأنظمة والتشريعات,شرح,رابط,,,False,1,a462,المادة الثانية والستون بعد الأربعمائة، المادة ٤٦٢ نوعا عقد المقاولة,الفصل الأول: عقد المقاولة › الفرع الأول: إنشاء عقد المقاولة
tabseet_ncm_463,نظام المعاملات المدنية: المادة 463 — المقدمة في العمل,منصة تبسيط,,منصة تبسيط,,,,https://saudalbazei.com/tabseet/#a463,منصة تبسيط,الأنظمة والتشريعات,شرح,رابط,,,False,1,a463,المادة الثالثة والستون بعد الأربعمائة، المادة ٤٦٣ المقدمة في العمل,الفرع الثاني: التزامات المقاول › الالتزام الأول: فيما يتعلق بالمواد
tabseet_ncm_464,نظام المعاملات المدنية: المادة 464 — نفقات إنجاز العمل,منصة تبسيط,,منصة تبسيط,,,,https://saudalbazei.com/tabseet/#a464,منصة تبسيط,الأنظمة والتشريعات,شرح,رابط,,,False,1,a464,المادة الرابعة والستون بعد الأربعمائة، المادة ٤٦٤ نفقات إنجاز العمل,الفرع الثاني: التزامات المقاول › الالتزام الثاني: فيما يتعلق بإنجاز العمل
tabseet_ncm_465,نظام المعاملات المدنية: المادة 465 — إنجاز العمل وفق الشروط والمدة المحددة,منصة تبسيط,,منصة تبسيط,,,,https://saudalbazei.com/tabseet/#a465,منصة تبسيط,الأنظمة والتشريعات,شرح,رابط,,,False,1,a465,المادة الخامسة والستون بعد الأربعمائة، المادة ٤٦٥ إنجاز العمل وفق الشروط والمدة المحددة,الفرع الثاني: التزامات المقاول › الالتزام الثاني: فيما يتعلق بإنجاز العمل
tabseet_ncm_466,نظام المعاملات المدنية: المادة 466 — أثر إخلال المقاول بشروط العقد أثناء سير العمل,منصة تبسيط,,منصة تبسيط,,,,https://saudalbazei.com/tabseet/#a466,منصة تبسيط,الأنظمة والتشريعات,شرح,رابط,,,False,1,a466,المادة السادسة والستون بعد الأربعمائة، المادة ٤٦٦ أثر إخلال المقاول بشروط العقد أثناء سير العمل,الفرع الثاني: التزامات المقاول › الالتزام الثاني: فيما يتعلق بإنجاز العمل
tabseet_ncm_467,نظام المعاملات المدنية: المادة 467 — تبعة الهلاك أو التلف,منصة تبسيط,,منصة تبسيط,,,,https://saudalbazei.com/tabseet/#a467,منصة تبسيط,الأنظمة والتشريعات,شرح,رابط,,,False,1,a467,المادة السابعة والستون بعد الأربعمائة، المادة ٤٦٧ تبعة الهلاك أو التلف,الفرع الثاني: التزامات المقاول › الالتزام الثالث: فيما يتعلق بتسليم العمل
tabseet_ncm_468,نظام المعاملات المدنية: المادة 468 — تسلم العمل,منصة تبسيط,,منصة تبسيط,,,,https://saudalbazei.com/tabseet/#a468,منصة تبسيط,الأنظمة والتشريعات,شرح,رابط,,,False,1,a468,المادة الثامنة والستون بعد الأربعمائة، المادة ٤٦٨ تسلم العمل,الفرع الثالث: التزامات صاحب العمل › الالتزام الأول: تسلم العمل
tabseet_ncm_469,نظام المعاملات المدنية: المادة 469 — الوفاء بالأجر عند تسلم العمل,منصة تبسيط,,منصة تبسيط,,,,https://saudalbazei.com/tabseet/#a469,منصة تبسيط,الأنظمة والتشريعات,شرح,رابط,,,False,1,a469,المادة التاسعة والستون بعد الأربعمائة، المادة ٤٦٩ الوفاء بالأجر عند تسلم العمل,الفرع الثالث: التزامات صاحب العمل › الالتزام الثاني: الوفاء بالأجر
tabseet_ncm_470,نظام المعاملات المدنية: المادة 470 — تعديل الأجر في العقد المبرم على أساس وحدة مقايسة,منصة تبسيط,,منصة تبسيط,,,,https://saudalbazei.com/tabseet/#a470,منصة تبسيط,الأنظمة والتشريعات,شرح,رابط,,,False,1,a470,المادة السبعون بعد الأربعمائة، المادة ٤٧٠ تعديل الأجر في العقد المبرم على أساس وحدة مقايسة,الفرع الثالث: التزامات صاحب العمل › الالتزام الثاني: الوفاء بالأجر
tabseet_ncm_471,نظام المعاملات المدنية: المادة 471 — تعديل الأجر في العقد المبرم بأجر إجمالي وأثر الظروف الاستثنائية العامة,منصة تبسيط,,منصة تبسيط,,,,https://saudalbazei.com/tabseet/#a471,منصة تبسيط,الأنظمة والتشريعات,شرح,رابط,,,False,1,a471,المادة الحادية والسبعون بعد الأربعمائة، المادة ٤٧١ تعديل الأجر في العقد المبرم بأجر إجمالي وأثر الظروف الاستثنائية العامة,الفرع الثالث: التزامات صاحب العمل › الالتزام الثاني: الوفاء بالأجر
tabseet_ncm_472,نظام المعاملات المدنية: المادة 472 — عدم تعيين الأجر في العقد,منصة تبسيط,,منصة تبسيط,,,,https://saudalbazei.com/tabseet/#a472,منصة تبسيط,الأنظمة والتشريعات,شرح,رابط,,,False,1,a472,المادة الثانية والسبعون بعد الأربعمائة، المادة ٤٧٢ عدم تعيين الأجر في العقد,الفرع الثالث: التزامات صاحب العمل › الالتزام الثاني: الوفاء بالأجر
tabseet_ncm_473,نظام المعاملات المدنية: المادة 473 — حق المقاول في المقاولة من الباطن,منصة تبسيط,,منصة تبسيط,,,,https://saudalbazei.com/tabseet/#a473,منصة تبسيط,الأنظمة والتشريعات,شرح,رابط,,,False,1,a473,المادة الثالثة والسبعون بعد الأربعمائة، المادة ٤٧٣ حق المقاول في المقاولة من الباطن,الفصل الأول: عقد المقاولة › الفرع الرابع: المقاولة من الباطن
tabseet_ncm_474,نظام المعاملات المدنية: المادة 474 — مطالبة المقاول من الباطن صاحب العمل,منصة تبسيط,,منصة تبسيط,,,,https://saudalbazei.com/tabseet/#a474,منصة تبسيط,الأنظمة والتشريعات,شرح,رابط,,,False,1,a474,المادة الرابعة والسبعون بعد الأربعمائة، المادة ٤٧٤ مطالبة المقاول من الباطن صاحب العمل,الفصل الأول: عقد المقاولة › الفرع الرابع: المقاولة من الباطن
tabseet_ncm_475,نظام المعاملات المدنية: المادة 475 — انتهاء عقد المقاولة بإنجاز العمل,منصة تبسيط,,منصة تبسيط,,,,https://saudalbazei.com/tabseet/#a475,منصة تبسيط,الأنظمة والتشريعات,شرح,رابط,,,False,1,a475,المادة الخامسة والسبعون بعد الأربعمائة، المادة ٤٧٥ انتهاء عقد المقاولة بإنجاز العمل,الفصل الأول: عقد المقاولة › الفرع الخامس: انتهاء عقد المقاولة
tabseet_ncm_476,نظام المعاملات المدنية: المادة 476 — انتهاء عقد المقاولة بالعذر الطارئ,منصة تبسيط,,منصة تبسيط,,,,https://saudalbazei.com/tabseet/#a476,منصة تبسيط,الأنظمة والتشريعات,شرح,رابط,,,False,1,a476,المادة السادسة والسبعون بعد الأربعمائة، المادة ٤٧٦ انتهاء عقد المقاولة بالعذر الطارئ,الفصل الأول: عقد المقاولة › الفرع الخامس: انتهاء عقد المقاولة
tabseet_ncm_477,نظام المعاملات المدنية: المادة 477 — انتهاء عقد المقاولة بعجز المقاول عن التنفيذ,منصة تبسيط,,منصة تبسيط,,,,https://saudalbazei.com/tabseet/#a477,منصة تبسيط,الأنظمة والتشريعات,شرح,رابط,,,False,1,a477,المادة السابعة والسبعون بعد الأربعمائة، المادة ٤٧٧ انتهاء عقد المقاولة بعجز المقاول عن التنفيذ,الفصل الأول: عقد المقاولة › الفرع الخامس: انتهاء عقد المقاولة
tabseet_ncm_478,نظام المعاملات المدنية: المادة 478 — انتهاء عقد المقاولة بموت المقاول,منصة تبسيط,,منصة تبسيط,,,,https://saudalbazei.com/tabseet/#a478,منصة تبسيط,الأنظمة والتشريعات,شرح,رابط,,,False,1,a478,المادة الثامنة والسبعون بعد الأربعمائة، المادة ٤٧٨ انتهاء عقد المقاولة بموت المقاول,الفصل الأول: عقد المقاولة › الفرع الخامس: انتهاء عقد المقاولة
tabseet_ncm_479,نظام المعاملات المدنية: المادة 479 — عقد العمل,منصة تبسيط,,منصة تبسيط,,,,https://saudalbazei.com/tabseet/#a479,منصة تبسيط,الأنظمة والتشريعات,شرح,رابط,,,False,1,a479,المادة التاسعة والسبعون بعد الأربعمائة، المادة ٤٧٩ عقد العمل,الباب الثالث: العقود الواردة على العمل › الفصل الثاني: عقد العمل
tabseet_ncm_480,نظام المعاملات المدنية: المادة 480 — مفهوم الوكالة,منصة تبسيط,,منصة تبسيط,,,,https://saudalbazei.com/tabseet/#a480,منصة تبسيط,الأنظمة والتشريعات,شرح,رابط,,,False,1,a480,المادة الثمانون بعد الأربعمائة، المادة ٤٨٠ مفهوم الوكالة,الفصل الثالث: عقد الوكالة › الفرع الأول: إنشاء عقد الوكالة
tabseet_ncm_481,نظام المعاملات المدنية: المادة 481 — صور الوكالة,منصة تبسيط,,منصة تبسيط,,,,https://saudalbazei.com/tabseet/#a481,منصة تبسيط,الأنظمة والتشريعات,شرح,رابط,,,False,1,a481,المادة الحادية والثمانون بعد الأربعمائة، المادة ٤٨١ صور الوكالة,الفصل الثالث: عقد الوكالة › الفرع الأول: إنشاء عقد الوكالة
tabseet_ncm_482,نظام المعاملات المدنية: المادة 482 — الوكالة العامة,منصة تبسيط,,منصة تبسيط,,,,https://saudalbazei.com/tabseet/#a482,منصة تبسيط,الأنظمة والتشريعات,شرح,رابط,,,False,1,a482,المادة الثانية والثمانون بعد الأربعمائة، المادة ٤٨٢ الوكالة العامة,الفصل الثالث: عقد الوكالة › الفرع الأول: إنشاء عقد الوكالة
tabseet_ncm_483,نظام المعاملات المدنية: المادة 483 — الوكالة الخاصة,منصة تبسيط,,منصة تبسيط,,,,https://saudalbazei.com/tabseet/#a483,منصة تبسيط,الأنظمة والتشريعات,شرح,رابط,,,False,1,a483,المادة الثالثة والثمانون بعد الأربعمائة، المادة ٤٨٣ الوكالة الخاصة,الفصل الثالث: عقد الوكالة › الفرع الأول: إنشاء عقد الوكالة
tabseet_ncm_484,نظام المعاملات المدنية: المادة 484 — نطاق الوكالة في التصرفات النظامية,منصة تبسيط,,منصة تبسيط,,,,https://saudalbazei.com/tabseet/#a484,منصة تبسيط,الأنظمة والتشريعات,شرح,رابط,,,False,1,a484,المادة الرابعة والثمانون بعد الأربعمائة، المادة ٤٨٤ نطاق الوكالة في التصرفات النظامية,الفصل الثالث: عقد الوكالة › الفرع الأول: إنشاء عقد الوكالة
tabseet_ncm_485,نظام المعاملات المدنية: المادة 485 — الإجازة اللاحقة وكالة سابقة,منصة تبسيط,,منصة تبسيط,,,,https://saudalbazei.com/tabseet/#a485,منصة تبسيط,الأنظمة والتشريعات,شرح,رابط,,,False,1,a485,المادة الخامسة والثمانون بعد الأربعمائة، المادة ٤٨٥ الإجازة اللاحقة وكالة سابقة,الفصل الثالث: عقد الوكالة › الفرع الأول: إنشاء عقد الوكالة
tabseet_ncm_486,نظام المعاملات المدنية: المادة 486 — عدم تجاوز حدود الوكالة,منصة تبسيط,,منصة تبسيط,,,,https://saudalbazei.com/tabseet/#a486,منصة تبسيط,الأنظمة والتشريعات,شرح,رابط,,,False,1,a486,المادة السادسة والثمانون بعد الأربعمائة، المادة ٤٨٦ عدم تجاوز حدود الوكالة,الفرع الثاني: التزامات الوكيل › الالتزام الأول: عدم تجاوز حدود الوكالة
tabseet_ncm_487,نظام المعاملات المدنية: المادة 487 — بذل العناية في تنفيذ الوكالة,منصة تبسيط,,منصة تبسيط,,,,https://saudalbazei.com/tabseet/#a487,منصة تبسيط,الأنظمة والتشريعات,شرح,رابط,,,False,1,a487,المادة السابعة والثمانون بعد الأربعمائة، المادة ٤٨٧ بذل العناية في تنفيذ الوكالة,الفرع الثاني: التزامات الوكيل › الالتزام الثاني: بذل العناية في تنفيذ الوكالة
tabseet_ncm_488,نظام المعاملات المدنية: المادة 488 — تعدد الوكلاء وحدود مسؤوليتهم,منصة تبسيط,,منصة تبسيط,,,,https://saudalbazei.com/tabseet/#a488,منصة تبسيط,الأنظمة والتشريعات,شرح,رابط,,,False,1,a488,المادة الثامنة والثمانون بعد الأربعمائة، المادة ٤٨٨ تعدد الوكلاء وحدود مسؤوليتهم,الفرع الثاني: التزامات الوكيل › الالتزام الثاني: بذل العناية في تنفيذ الوكالة
tabseet_ncm_489,نظام المعاملات المدنية: المادة 489 — توكيل الوكيل غيره,منصة تبسيط,,منصة تبسيط,,,,https://saudalbazei.com/tabseet/#a489,منصة تبسيط,الأنظمة والتشريعات,شرح,رابط,,,False,1,a489,المادة التاسعة والثمانون بعد الأربعمائة، المادة ٤٨٩ توكيل الوكيل غيره,الفرع الثاني: التزامات الوكيل › الالتزام الثاني: بذل العناية في تنفيذ الوكالة
tabseet_ncm_490,نظام المعاملات المدنية: المادة 490 — التوكيل في الشراء دون بيان الثمن,منصة تبسيط,,منصة تبسيط,,,,https://saudalbazei.com/tabseet/#a490,منصة تبسيط,الأنظمة والتشريعات,شرح,رابط,,,False,1,a490,المادة التسعون بعد الأربعمائة، المادة ٤٩٠ التوكيل في الشراء دون بيان الثمن,الفرع الثاني: التزامات الوكيل › الالتزام الثاني: بذل العناية في تنفيذ الوكالة
tabseet_ncm_491,نظام المعاملات المدنية: المادة 491 — شراء الوكيل لنفسه أو ممن تلحقه فيه تهمة,منصة تبسيط,,منصة تبسيط,,,,https://saudalbazei.com/tabseet/#a491,منصة تبسيط,الأنظمة والتشريعات,شرح,رابط,,,False,1,a491,المادة الحادية والتسعون بعد الأربعمائة، المادة ٤٩١ شراء الوكيل لنفسه أو ممن تلحقه فيه تهمة,الفرع الثاني: التزامات الوكيل › الالتزام الثاني: بذل العناية في تنفيذ الوكالة
tabseet_ncm_492,نظام المعاملات المدنية: المادة 492 — أثر تجاوز الوكيل في الشراء أو شرائه لنفسه,منصة تبسيط,,منصة تبسيط,,,,https://saudalbazei.com/tabseet/#a492,منصة تبسيط,الأنظمة والتشريعات,شرح,رابط,,,False,1,a492,المادة الثانية والتسعون بعد الأربعمائة، المادة ٤٩٢ أثر تجاوز الوكيل في الشراء أو شرائه لنفسه,الفرع الثاني: التزامات الوكيل › الالتزام الثاني: بذل العناية في تنفيذ الوكالة
tabseet_ncm_493,نظام المعاملات المدنية: المادة 493 — رجوع الوكيل في الشراء بالثمن والنفقات,منصة تبسيط,,منصة تبسيط,,,,https://saudalbazei.com/tabseet/#a493,منصة تبسيط,الأنظمة والتشريعات,شرح,رابط,,,False,1,a493,المادة الثالثة والتسعون بعد الأربعمائة، المادة ٤٩٣ رجوع الوكيل في الشراء بالثمن والنفقات,الفرع الثاني: التزامات الوكيل › الالتزام الثاني: بذل العناية في تنفيذ الوكالة
tabseet_ncm_494,نظام المعاملات المدنية: المادة 494 — بيع الوكيل بنقص,منصة تبسيط,,منصة تبسيط,,,,https://saudalbazei.com/tabseet/#a494,منصة تبسيط,الأنظمة والتشريعات,شرح,رابط,,,False,1,a494,المادة الرابعة والتسعون بعد الأربعمائة، المادة ٤٩٤ بيع الوكيل بنقص,الفرع الثاني: التزامات الوكيل › الالتزام الثاني: بذل العناية في تنفيذ الوكالة
tabseet_ncm_495,نظام المعاملات المدنية: المادة 495 — بيع الوكيل لنفسه أو من تلحقه فيه تهمة,منصة تبسيط,,منصة تبسيط,,,,https://saudalbazei.com/tabseet/#a495,منصة تبسيط,الأنظمة والتشريعات,شرح,رابط,,,False,1,a495,المادة الخامسة والتسعون بعد الأربعمائة، المادة ٤٩٥ بيع الوكيل لنفسه أو من تلحقه فيه تهمة,الفرع الثاني: التزامات الوكيل › الالتزام الثاني: بذل العناية في تنفيذ الوكالة
tabseet_ncm_496,نظام المعاملات المدنية: المادة 496 — بيع الوكيل بثمن مؤجل,منصة تبسيط,,منصة تبسيط,,,,https://saudalbazei.com/tabseet/#a496,منصة تبسيط,الأنظمة والتشريعات,شرح,رابط,,,False,1,a496,المادة السادسة والتسعون بعد الأربعمائة، المادة ٤٩٦ بيع الوكيل بثمن مؤجل,الفرع الثاني: التزامات الوكيل › الالتزام الثاني: بذل العناية في تنفيذ الوكالة
tabseet_ncm_497,نظام المعاملات المدنية: المادة 497 — تزويد الموكل بالمعلومات وبالحساب عن الوكالة,منصة تبسيط,,منصة تبسيط,,,,https://saudalbazei.com/tabseet/#a497,منصة تبسيط,الأنظمة والتشريعات,شرح,رابط,,,False,1,a497,المادة السابعة والتسعون بعد الأربعمائة، المادة ٤٩٧ تزويد الموكل بالمعلومات وبالحساب عن الوكالة,الفرع الثاني: التزامات الوكيل › الالتزام الثالث: تزويد الموكل بالمعلومات وبالحساب عن الوكالة
tabseet_ncm_498,نظام المعاملات المدنية: المادة 498 — أداء الأجر,منصة تبسيط,,منصة تبسيط,,,,https://saudalbazei.com/tabseet/#a498,منصة تبسيط,الأنظمة والتشريعات,شرح,رابط,,,False,1,a498,المادة الثامنة والتسعون بعد الأربعمائة، المادة ٤٩٨ أداء الأجر,الفرع الثالث: التزامات الموكل › الالتزام الأول: أداء الأجر
tabseet_ncm_499,نظام المعاملات المدنية: المادة 499 — رد النفقات,منصة تبسيط,,منصة تبسيط,,,,https://saudalbazei.com/tabseet/#a499,منصة تبسيط,الأنظمة والتشريعات,شرح,رابط,,,False,1,a499,المادة التاسعة والتسعون بعد الأربعمائة، المادة ٤٩٩ رد النفقات,الفرع الثالث: التزامات الموكل › الالتزام الثاني: رد النفقات
tabseet_ncm_500,نظام المعاملات المدنية: المادة 500 — ما ترتب في ذمة الوكيل وما أصابه من ضرر,منصة تبسيط,,منصة تبسيط,,,,https://saudalbazei.com/tabseet/#a500,منصة تبسيط,الأنظمة والتشريعات,شرح,رابط,,,False,1,a500,المادة الخمسمائة، المادة ٥٠٠ ما ترتب في ذمة الوكيل وما أصابه من ضرر,الفرع الثالث: التزامات الموكل › الالتزام الثالث: ما ترتب في ذمة الوكيل وما أصابه من ضرر
tabseet_ncm_501,نظام المعاملات المدنية: المادة 501 — سريان أحكام النيابة في التعاقد على علاقة الموكل والوكيل بالغير,منصة تبسيط,,منصة تبسيط,,,,https://saudalbazei.com/tabseet/#a501,منصة تبسيط,الأنظمة والتشريعات,شرح,رابط,,,False,1,a501,المادة الأولى بعد الخمسمائة، المادة ٥٠١ سريان أحكام النيابة في التعاقد على علاقة الموكل والوكيل بالغير,الفرع الثالث: التزامات الموكل › الالتزام الثالث: ما ترتب في ذمة الوكيل وما أصابه من ضرر
tabseet_ncm_502,نظام المعاملات المدنية: المادة 502 — أسباب انتهاء عقد الوكالة,منصة تبسيط,,منصة تبسيط,,,,https://saudalbazei.com/tabseet/#a502,منصة تبسيط,الأنظمة والتشريعات,شرح,رابط,,,False,1,a502,المادة الثانية بعد الخمسمائة، المادة ٥٠٢ أسباب انتهاء عقد الوكالة,الفصل الثالث: عقد الوكالة › الفرع الرابع: انتهاء عقد الوكالة
tabseet_ncm_503,نظام المعاملات المدنية: المادة 503 — انتهاء عقد الوكالة بعزل الوكيل,منصة تبسيط,,منصة تبسيط,,,,https://saudalbazei.com/tabseet/#a503,منصة تبسيط,الأنظمة والتشريعات,شرح,رابط,,,False,1,a503,المادة الثالثة بعد الخمسمائة، المادة ٥٠٣ انتهاء عقد الوكالة بعزل الوكيل,الفصل الثالث: عقد الوكالة › الفرع الرابع: انتهاء عقد الوكالة
tabseet_ncm_504,نظام المعاملات المدنية: المادة 504 — أثر عزل الوكيل في الوكالة بأجر,منصة تبسيط,,منصة تبسيط,,,,https://saudalbazei.com/tabseet/#a504,منصة تبسيط,الأنظمة والتشريعات,شرح,رابط,,,False,1,a504,المادة الرابعة بعد الخمسمائة، المادة ٥٠٤ أثر عزل الوكيل في الوكالة بأجر,الفصل الثالث: عقد الوكالة › الفرع الرابع: انتهاء عقد الوكالة
tabseet_ncm_505,نظام المعاملات المدنية: المادة 505 — انتهاء عقد الوكالة بتخلي الوكيل عنها,منصة تبسيط,,منصة تبسيط,,,,https://saudalbazei.com/tabseet/#a505,منصة تبسيط,الأنظمة والتشريعات,شرح,رابط,,,False,1,a505,المادة الخامسة بعد الخمسمائة، المادة ٥٠٥ انتهاء عقد الوكالة بتخلي الوكيل عنها,الفصل الثالث: عقد الوكالة › الفرع الرابع: انتهاء عقد الوكالة
tabseet_ncm_506,نظام المعاملات المدنية: المادة 506 — مفهوم الإيداع,منصة تبسيط,,منصة تبسيط,,,,https://saudalbazei.com/tabseet/#a506,منصة تبسيط,الأنظمة والتشريعات,شرح,رابط,,,False,1,a506,المادة السادسة بعد الخمسمائة، المادة ٥٠٦ مفهوم الإيداع,الفصل الرابع: عقد الإيداع › الفرع الأول: إنشاء عقد الإيداع
tabseet_ncm_507,نظام المعاملات المدنية: المادة 507 — عقد الإيداع من عقود التبرع,منصة تبسيط,,منصة تبسيط,,,,https://saudalbazei.com/tabseet/#a507,منصة تبسيط,الأنظمة والتشريعات,شرح,رابط,,,False,1,a507,المادة السابعة بعد الخمسمائة، المادة ٥٠٧ عقد الإيداع من عقود التبرع,الفصل الرابع: عقد الإيداع › الفرع الأول: إنشاء عقد الإيداع
tabseet_ncm_508,نظام المعاملات المدنية: المادة 508 — شرط القبض لانعقاد الإيداع,منصة تبسيط,,منصة تبسيط,,,,https://saudalbazei.com/tabseet/#a508,منصة تبسيط,الأنظمة والتشريعات,شرح,رابط,,,False,1,a508,المادة الثامنة بعد الخمسمائة، المادة ٥٠٨ شرط القبض لانعقاد الإيداع,الفصل الرابع: عقد الإيداع › الفرع الأول: إنشاء عقد الإيداع
tabseet_ncm_509,نظام المعاملات المدنية: المادة 509 — بذل العناية في حفظ الوديعة,منصة تبسيط,,منصة تبسيط,,,,https://saudalbazei.com/tabseet/#a509,منصة تبسيط,الأنظمة والتشريعات,شرح,رابط,,,False,1,a509,المادة التاسعة بعد الخمسمائة، المادة ٥٠٩ بذل العناية في حفظ الوديعة,الفرع الثاني: التزامات المودع لديه › الالتزام الأول: بذل العناية في حفظ الوديعة
tabseet_ncm_510,نظام المعاملات المدنية: المادة 510 — عدم إيداع الوديعة لدى الغير,منصة تبسيط,,منصة تبسيط,,,,https://saudalbazei.com/tabseet/#a510,منصة تبسيط,الأنظمة والتشريعات,شرح,رابط,,,False,1,a510,المادة العاشرة بعد الخمسمائة، المادة ٥١٠ عدم إيداع الوديعة لدى الغير,الفرع الثاني: التزامات المودع لديه › الالتزام الثاني: عدم إيداع الوديعة لدى الغير
tabseet_ncm_511,نظام المعاملات المدنية: المادة 511 — عدم استعمال الوديعة أو ترتيب حقٍّ عليها,منصة تبسيط,,منصة تبسيط,,,,https://saudalbazei.com/tabseet/#a511,منصة تبسيط,الأنظمة والتشريعات,شرح,رابط,,,False,1,a511,المادة الحادية عشرة بعد الخمسمائة، المادة ٥١١ عدم استعمال الوديعة أو ترتيب حقٍّ عليها,الفرع الثاني: التزامات المودع لديه › الالتزام الثالث: عدم استعمال الوديعة أو ترتيب حقٍّ عليها
tabseet_ncm_512,نظام المعاملات المدنية: المادة 512 — أداء الأجر,منصة تبسيط,,منصة تبسيط,,,,https://saudalbazei.com/tabseet/#a512,منصة تبسيط,الأنظمة والتشريعات,شرح,رابط,,,False,1,a512,المادة الثانية عشرة بعد الخمسمائة، المادة ٥١٢ أداء الأجر,الفرع الثالث: التزامات المودع › الالتزام الأول: أداء الأجر
tabseet_ncm_513,نظام المعاملات المدنية: المادة 513 — أداء نفقات حفظ الوديعة,منصة تبسيط,,منصة تبسيط,,,,https://saudalbazei.com/tabseet/#a513,منصة تبسيط,الأنظمة والتشريعات,شرح,رابط,,,False,1,a513,المادة الثالثة عشرة بعد الخمسمائة، المادة ٥١٣ أداء نفقات حفظ الوديعة,الفرع الثالث: التزامات المودع › الالتزام الثاني: أداء نفقات حفظ الوديعة
tabseet_ncm_514,نظام المعاملات المدنية: المادة 514 — دفع نفقات رد الوديعة والتعويض عن الضرر,منصة تبسيط,,منصة تبسيط,,,,https://saudalbazei.com/tabseet/#a514,منصة تبسيط,الأنظمة والتشريعات,شرح,رابط,,,False,1,a514,المادة الرابعة عشرة بعد الخمسمائة، المادة ٥١٤ دفع نفقات رد الوديعة والتعويض عن الضرر,الفرع الثالث: التزامات المودع › الالتزام الثالث: دفع نفقات رد الوديعة والتعويض عن الضرر
tabseet_ncm_515,نظام المعاملات المدنية: المادة 515 — انتهاء عقد الإيداع برد الوديعة واستردادها,منصة تبسيط,,منصة تبسيط,,,,https://saudalbazei.com/tabseet/#a515,منصة تبسيط,الأنظمة والتشريعات,شرح,رابط,,,False,1,a515,المادة الخامسة عشرة بعد الخمسمائة، المادة ٥١٥ انتهاء عقد الإيداع برد الوديعة واستردادها,الفصل الرابع: عقد الإيداع › الفرع الرابع: انتهاء عقد الإيداع
tabseet_ncm_516,نظام المعاملات المدنية: المادة 516 — أسباب انتهاء عقد الإيداع,منصة تبسيط,,منصة تبسيط,,,,https://saudalbazei.com/tabseet/#a516,منصة تبسيط,الأنظمة والتشريعات,شرح,رابط,,,False,1,a516,المادة السادسة عشرة بعد الخمسمائة، المادة ٥١٦ أسباب انتهاء عقد الإيداع,الفصل الرابع: عقد الإيداع › الفرع الرابع: انتهاء عقد الإيداع
tabseet_ncm_517,نظام المعاملات المدنية: المادة 517 — مفهوم الحراسة,منصة تبسيط,,منصة تبسيط,,,,https://saudalbazei.com/tabseet/#a517,منصة تبسيط,الأنظمة والتشريعات,شرح,رابط,,,False,1,a517,المادة السابعة عشرة بعد الخمسمائة، المادة ٥١٧ مفهوم الحراسة,الباب الثالث: العقود الواردة على العمل › الفصل الخامس: عقد الحراسة
tabseet_ncm_518,نظام المعاملات المدنية: المادة 518 — نوعا الحراسة,منصة تبسيط,,منصة تبسيط,,,,https://saudalbazei.com/tabseet/#a518,منصة تبسيط,الأنظمة والتشريعات,شرح,رابط,,,False,1,a518,المادة الثامنة عشرة بعد الخمسمائة، المادة ٥١٨ نوعا الحراسة,الباب الثالث: العقود الواردة على العمل › الفصل الخامس: عقد الحراسة
tabseet_ncm_519,نظام المعاملات المدنية: المادة 519 — تعدد الحراس,منصة تبسيط,,منصة تبسيط,,,,https://saudalbazei.com/tabseet/#a519,منصة تبسيط,الأنظمة والتشريعات,شرح,رابط,,,False,1,a519,المادة التاسعة عشرة بعد الخمسمائة، المادة ٥١٩ تعدد الحراس,الباب الثالث: العقود الواردة على العمل › الفصل الخامس: عقد الحراسة
tabseet_ncm_520,نظام المعاملات المدنية: المادة 520 — التزامات الحارس وحقوقه,منصة تبسيط,,منصة تبسيط,,,,https://saudalbazei.com/tabseet/#a520,منصة تبسيط,الأنظمة والتشريعات,شرح,رابط,,,False,1,a520,المادة العشرون بعد الخمسمائة، المادة ٥٢٠ التزامات الحارس وحقوقه,الباب الثالث: العقود الواردة على العمل › الفصل الخامس: عقد الحراسة
tabseet_ncm_521,نظام المعاملات المدنية: المادة 521 — بذل الحارس العناية في الحفظ والإدارة,منصة تبسيط,,منصة تبسيط,,,,https://saudalbazei.com/tabseet/#a521,منصة تبسيط,الأنظمة والتشريعات,شرح,رابط,,,False,1,a521,المادة الحادية والعشرون بعد الخمسمائة، المادة ٥٢١ بذل الحارس العناية في الحفظ والإدارة,الباب الثالث: العقود الواردة على العمل › الفصل الخامس: عقد الحراسة
tabseet_ncm_522,نظام المعاملات المدنية: المادة 522 — نطاق تصرفات الحارس,منصة تبسيط,,منصة تبسيط,,,,https://saudalbazei.com/tabseet/#a522,منصة تبسيط,الأنظمة والتشريعات,شرح,رابط,,,False,1,a522,المادة الثانية والعشرون بعد الخمسمائة، المادة ٥٢٢ نطاق تصرفات الحارس,الباب الثالث: العقود الواردة على العمل › الفصل الخامس: عقد الحراسة
tabseet_ncm_523,نظام المعاملات المدنية: المادة 523 — تقديم الحارس المعلومات والحساب,منصة تبسيط,,منصة تبسيط,,,,https://saudalbazei.com/tabseet/#a523,منصة تبسيط,الأنظمة والتشريعات,شرح,رابط,,,False,1,a523,المادة الثالثة والعشرون بعد الخمسمائة، المادة ٥٢٣ تقديم الحارس المعلومات والحساب,الباب الثالث: العقود الواردة على العمل › الفصل الخامس: عقد الحراسة
tabseet_ncm_524,نظام المعاملات المدنية: المادة 524 — استرداد الحارس النفقات,منصة تبسيط,,منصة تبسيط,,,,https://saudalbazei.com/tabseet/#a524,منصة تبسيط,الأنظمة والتشريعات,شرح,رابط,,,False,1,a524,المادة الرابعة والعشرون بعد الخمسمائة، المادة ٥٢٤ استرداد الحارس النفقات,الباب الثالث: العقود الواردة على العمل › الفصل الخامس: عقد الحراسة
tabseet_ncm_525,نظام المعاملات المدنية: المادة 525 — أجر الحارس,منصة تبسيط,,منصة تبسيط,,,,https://saudalbazei.com/tabseet/#a525,منصة تبسيط,الأنظمة والتشريعات,شرح,رابط,,,False,1,a525,المادة الخامسة والعشرون بعد الخمسمائة، المادة ٥٢٥ أجر الحارس,الباب الثالث: العقود الواردة على العمل › الفصل الخامس: عقد الحراسة
tabseet_ncm_526,نظام المعاملات المدنية: المادة 526 — تخلي الحارس عن الحراسة,منصة تبسيط,,منصة تبسيط,,,,https://saudalbazei.com/tabseet/#a526,منصة تبسيط,الأنظمة والتشريعات,شرح,رابط,,,False,1,a526,المادة السادسة والعشرون بعد الخمسمائة، المادة ٥٢٦ تخلي الحارس عن الحراسة,الباب الثالث: العقود الواردة على العمل › الفصل الخامس: عقد الحراسة
tabseet_ncm_527,نظام المعاملات المدنية: المادة 527 — انتهاء الحراسة,منصة تبسيط,,منصة تبسيط,,,,https://saudalbazei.com/tabseet/#a527,منصة تبسيط,الأنظمة والتشريعات,شرح,رابط,,,False,1,a527,المادة السابعة والعشرون بعد الخمسمائة، المادة ٥٢٧ انتهاء الحراسة,الباب الثالث: العقود الواردة على العمل › الفصل الخامس: عقد الحراسة
tabseet_ncm_528,نظام المعاملات المدنية: المادة 528 — عقود المشاركة,منصة تبسيط,,منصة تبسيط,,,,https://saudalbazei.com/tabseet/#a528,منصة تبسيط,الأنظمة والتشريعات,شرح,رابط,,,False,1,a528,المادة الثامنة والعشرون بعد الخمسمائة، المادة ٥٢٨ عقود المشاركة,القسم الثاني: العقود المسماة › الباب الرابع: عقود المشاركة
tabseet_ncm_529,نظام المعاملات المدنية: المادة 529 — مفهوم الشركة,منصة تبسيط,,منصة تبسيط,,,,https://saudalbazei.com/tabseet/#a529,منصة تبسيط,الأنظمة والتشريعات,شرح,رابط,,,False,1,a529,المادة التاسعة والعشرون بعد الخمسمائة، المادة ٥٢٩ مفهوم الشركة,الفصل الأول: عقد الشركة › الفرع الأول: إنشاء عقد الشركة
tabseet_ncm_530,نظام المعاملات المدنية: المادة 530 — الحصص المقدمة من الشركاء,منصة تبسيط,,منصة تبسيط,,,,https://saudalbazei.com/tabseet/#a530,منصة تبسيط,الأنظمة والتشريعات,شرح,رابط,,,False,1,a530,المادة الثلاثون بعد الخمسمائة، المادة ٥٣٠ الحصص المقدمة من الشركاء,الفصل الأول: عقد الشركة › الفرع الأول: إنشاء عقد الشركة
tabseet_ncm_531,نظام المعاملات المدنية: المادة 531 — تقدير حصة الشريك بالالتزام في ذمته,منصة تبسيط,,منصة تبسيط,,,,https://saudalbazei.com/tabseet/#a531,منصة تبسيط,الأنظمة والتشريعات,شرح,رابط,,,False,1,a531,المادة الحادية والثلاثون بعد الخمسمائة، المادة ٥٣١ تقدير حصة الشريك بالالتزام في ذمته,الفصل الأول: عقد الشركة › الفرع الأول: إنشاء عقد الشركة
tabseet_ncm_532,نظام المعاملات المدنية: المادة 532 — تحديد حصة الشريك في الشركة,منصة تبسيط,,منصة تبسيط,,,,https://saudalbazei.com/tabseet/#a532,منصة تبسيط,الأنظمة والتشريعات,شرح,رابط,,,False,1,a532,المادة الثانية والثلاثون بعد الخمسمائة، المادة ٥٣٢ تحديد حصة الشريك في الشركة,الفصل الأول: عقد الشركة › الفرع الأول: إنشاء عقد الشركة
tabseet_ncm_533,نظام المعاملات المدنية: المادة 533 — سريان أحكام البيع والإيجار على الحصص غير النقدية,منصة تبسيط,,منصة تبسيط,,,,https://saudalbazei.com/tabseet/#a533,منصة تبسيط,الأنظمة والتشريعات,شرح,رابط,,,False,1,a533,المادة الثالثة والثلاثون بعد الخمسمائة، المادة ٥٣٣ سريان أحكام البيع والإيجار على الحصص غير النقدية,الفصل الأول: عقد الشركة › الفرع الأول: إنشاء عقد الشركة
tabseet_ncm_534,نظام المعاملات المدنية: المادة 534 — قسمة الأرباح والخسائر,منصة تبسيط,,منصة تبسيط,,,,https://saudalbazei.com/tabseet/#a534,منصة تبسيط,الأنظمة والتشريعات,شرح,رابط,,,False,1,a534,المادة الرابعة والثلاثون بعد الخمسمائة، المادة ٥٣٤ قسمة الأرباح والخسائر,الفصل الأول: عقد الشركة › الفرع الثاني: آثار عقد الشركة
tabseet_ncm_535,نظام المعاملات المدنية: المادة 535 — ما لا يصح اشتراطه في الربح والخسارة,منصة تبسيط,,منصة تبسيط,,,,https://saudalbazei.com/tabseet/#a535,منصة تبسيط,الأنظمة والتشريعات,شرح,رابط,,,False,1,a535,المادة الخامسة والثلاثون بعد الخمسمائة، المادة ٥٣٥ ما لا يصح اشتراطه في الربح والخسارة,الفصل الأول: عقد الشركة › الفرع الثاني: آثار عقد الشركة
tabseet_ncm_536,نظام المعاملات المدنية: المادة 536 — طريقة توزيع الأرباح,منصة تبسيط,,منصة تبسيط,,,,https://saudalbazei.com/tabseet/#a536,منصة تبسيط,الأنظمة والتشريعات,شرح,رابط,,,False,1,a536,المادة السادسة والثلاثون بعد الخمسمائة، المادة ٥٣٦ طريقة توزيع الأرباح,الفصل الأول: عقد الشركة › الفرع الثاني: آثار عقد الشركة
tabseet_ncm_537,نظام المعاملات المدنية: المادة 537 — الإنابة في إدارة أموال الشركة,منصة تبسيط,,منصة تبسيط,,,,https://saudalbazei.com/tabseet/#a537,منصة تبسيط,الأنظمة والتشريعات,شرح,رابط,,,False,1,a537,المادة السابعة والثلاثون بعد الخمسمائة، المادة ٥٣٧ الإنابة في إدارة أموال الشركة,الفصل الأول: عقد الشركة › الفرع الثاني: آثار عقد الشركة
tabseet_ncm_538,نظام المعاملات المدنية: المادة 538 — الاطلاع على دفاتر الشركة ومستنداتها,منصة تبسيط,,منصة تبسيط,,,,https://saudalbazei.com/tabseet/#a538,منصة تبسيط,الأنظمة والتشريعات,شرح,رابط,,,False,1,a538,المادة الثامنة والثلاثون بعد الخمسمائة، المادة ٥٣٨ الاطلاع على دفاتر الشركة ومستنداتها,الفصل الأول: عقد الشركة › الفرع الثاني: آثار عقد الشركة
tabseet_ncm_539,نظام المعاملات المدنية: المادة 539 — التزام مدير الشركة ببذل العناية,منصة تبسيط,,منصة تبسيط,,,,https://saudalbazei.com/tabseet/#a539,منصة تبسيط,الأنظمة والتشريعات,شرح,رابط,,,False,1,a539,المادة التاسعة والثلاثون بعد الخمسمائة، المادة ٥٣٩ التزام مدير الشركة ببذل العناية,الفصل الأول: عقد الشركة › الفرع الثاني: آثار عقد الشركة
tabseet_ncm_540,نظام المعاملات المدنية: المادة 540 — هبة مال الشركة أو إقراضه,منصة تبسيط,,منصة تبسيط,,,,https://saudalbazei.com/tabseet/#a540,منصة تبسيط,الأنظمة والتشريعات,شرح,رابط,,,False,1,a540,المادة الأربعون بعد الخمسمائة، المادة ٥٤٠ هبة مال الشركة أو إقراضه,الفصل الأول: عقد الشركة › الفرع الثاني: آثار عقد الشركة
tabseet_ncm_541,نظام المعاملات المدنية: المادة 541 — حجز مال الشركة أو استخدامه واسترداد النفقات النافعة,منصة تبسيط,,منصة تبسيط,,,,https://saudalbazei.com/tabseet/#a541,منصة تبسيط,الأنظمة والتشريعات,شرح,رابط,,,False,1,a541,المادة الحادية والأربعون بعد الخمسمائة، المادة ٥٤١ حجز مال الشركة أو استخدامه واسترداد النفقات النافعة,الفصل الأول: عقد الشركة › الفرع الثاني: آثار عقد الشركة
tabseet_ncm_542,نظام المعاملات المدنية: المادة 542 — حق الدائن في استيفاء دينه من نصيب الشريك,منصة تبسيط,,منصة تبسيط,,,,https://saudalbazei.com/tabseet/#a542,منصة تبسيط,الأنظمة والتشريعات,شرح,رابط,,,False,1,a542,المادة الثانية والأربعون بعد الخمسمائة، المادة ٥٤٢ حق الدائن في استيفاء دينه من نصيب الشريك,الفصل الأول: عقد الشركة › الفرع الثاني: آثار عقد الشركة
tabseet_ncm_543,نظام المعاملات المدنية: المادة 543 — حق الدائن في أموال الشركاء الخاصة,منصة تبسيط,,منصة تبسيط,,,,https://saudalbazei.com/tabseet/#a543,منصة تبسيط,الأنظمة والتشريعات,شرح,رابط,,,False,1,a543,المادة الثالثة والأربعون بعد الخمسمائة، المادة ٥٤٣ حق الدائن في أموال الشركاء الخاصة,الفصل الأول: عقد الشركة › الفرع الثاني: آثار عقد الشركة
tabseet_ncm_544,نظام المعاملات المدنية: المادة 544 — انتهاء عقد الشركة بانقضاء غرضه أو مدته,منصة تبسيط,,منصة تبسيط,,,,https://saudalbazei.com/tabseet/#a544,منصة تبسيط,الأنظمة والتشريعات,شرح,رابط,,,False,1,a544,المادة الرابعة والأربعون بعد الخمسمائة، المادة ٥٤٤ انتهاء عقد الشركة بانقضاء غرضه أو مدته,الفصل الأول: عقد الشركة › الفرع الثالث: انتهاء عقد الشركة
tabseet_ncm_545,نظام المعاملات المدنية: المادة 545 — انسحاب الشريك من الشركة,منصة تبسيط,,منصة تبسيط,,,,https://saudalbazei.com/tabseet/#a545,منصة تبسيط,الأنظمة والتشريعات,شرح,رابط,,,False,1,a545,المادة الخامسة والأربعون بعد الخمسمائة، المادة ٥٤٥ انسحاب الشريك من الشركة,الفصل الأول: عقد الشركة › الفرع الثالث: انتهاء عقد الشركة
tabseet_ncm_546,نظام المعاملات المدنية: المادة 546 — إخراج الشريك من الشركة,منصة تبسيط,,منصة تبسيط,,,,https://saudalbazei.com/tabseet/#a546,منصة تبسيط,الأنظمة والتشريعات,شرح,رابط,,,False,1,a546,المادة السادسة والأربعون بعد الخمسمائة، المادة ٥٤٦ إخراج الشريك من الشركة,الفصل الأول: عقد الشركة › الفرع الثالث: انتهاء عقد الشركة
tabseet_ncm_547,نظام المعاملات المدنية: المادة 547 — انتهاء عقد الشركة لأسباب تتعلق بشخص الشريك,منصة تبسيط,,منصة تبسيط,,,,https://saudalbazei.com/tabseet/#a547,منصة تبسيط,الأنظمة والتشريعات,شرح,رابط,,,False,1,a547,المادة السابعة والأربعون بعد الخمسمائة، المادة ٥٤٧ انتهاء عقد الشركة لأسباب تتعلق بشخص الشريك,الفصل الأول: عقد الشركة › الفرع الثالث: انتهاء عقد الشركة
tabseet_ncm_548,نظام المعاملات المدنية: المادة 548 — تقدير نصيب من انتهت الشركة في حقه,منصة تبسيط,,منصة تبسيط,,,,https://saudalbazei.com/tabseet/#a548,منصة تبسيط,الأنظمة والتشريعات,شرح,رابط,,,False,1,a548,المادة الثامنة والأربعون بعد الخمسمائة، المادة ٥٤٨ تقدير نصيب من انتهت الشركة في حقه,الفصل الأول: عقد الشركة › الفرع الثالث: انتهاء عقد الشركة
tabseet_ncm_549,نظام المعاملات المدنية: المادة 549 — تصفية أموال الشركة,منصة تبسيط,,منصة تبسيط,,,,https://saudalbazei.com/tabseet/#a549,منصة تبسيط,الأنظمة والتشريعات,شرح,رابط,,,False,1,a549,المادة التاسعة والأربعون بعد الخمسمائة، المادة ٥٤٩ تصفية أموال الشركة,الفصل الأول: عقد الشركة › الفرع الثالث: انتهاء عقد الشركة
tabseet_ncm_550,نظام المعاملات المدنية: المادة 550 — مفهوم المضاربة,منصة تبسيط,,منصة تبسيط,,,,https://saudalbazei.com/tabseet/#a550,منصة تبسيط,الأنظمة والتشريعات,شرح,رابط,,,False,1,a550,المادة الخمسون بعد الخمسمائة، المادة ٥٥٠ مفهوم المضاربة,الفصل الثاني: عقد المضاربة › الفرع الأول: إنشاء عقد المضاربة
tabseet_ncm_551,نظام المعاملات المدنية: المادة 551 — المضاربة بدين على المضارب أو بمال غير النقد,منصة تبسيط,,منصة تبسيط,,,,https://saudalbazei.com/tabseet/#a551,منصة تبسيط,الأنظمة والتشريعات,شرح,رابط,,,False,1,a551,المادة الحادية والخمسون بعد الخمسمائة، المادة ٥٥١ المضاربة بدين على المضارب أو بمال غير النقد,الفصل الثاني: عقد المضاربة › الفرع الأول: إنشاء عقد المضاربة
tabseet_ncm_552,نظام المعاملات المدنية: المادة 552 — التزام رب المال بتسليم مال المضاربة,منصة تبسيط,,منصة تبسيط,,,,https://saudalbazei.com/tabseet/#a552,منصة تبسيط,الأنظمة والتشريعات,شرح,رابط,,,False,1,a552,المادة الثانية والخمسون بعد الخمسمائة، المادة ٥٥٢ التزام رب المال بتسليم مال المضاربة,الفصل الثاني: عقد المضاربة › الفرع الثاني: آثار عقد المضاربة
tabseet_ncm_553,نظام المعاملات المدنية: المادة 553 — إدارة المضارب وتصرفه في رأس المال,منصة تبسيط,,منصة تبسيط,,,,https://saudalbazei.com/tabseet/#a553,منصة تبسيط,الأنظمة والتشريعات,شرح,رابط,,,False,1,a553,المادة الثالثة والخمسون بعد الخمسمائة، المادة ٥٥٣ إدارة المضارب وتصرفه في رأس المال,الفصل الثاني: عقد المضاربة › الفرع الثاني: آثار عقد المضاربة
tabseet_ncm_554,نظام المعاملات المدنية: المادة 554 — تزويد رب المال بالمعلومات والحسابات,منصة تبسيط,,منصة تبسيط,,,,https://saudalbazei.com/tabseet/#a554,منصة تبسيط,الأنظمة والتشريعات,شرح,رابط,,,False,1,a554,المادة الرابعة والخمسون بعد الخمسمائة، المادة ٥٥٤ تزويد رب المال بالمعلومات والحسابات,الفصل الثاني: عقد المضاربة › الفرع الثاني: آثار عقد المضاربة
tabseet_ncm_555,نظام المعاملات المدنية: المادة 555 — نوعا عقد المضاربة,منصة تبسيط,,منصة تبسيط,,,,https://saudalbazei.com/tabseet/#a555,منصة تبسيط,الأنظمة والتشريعات,شرح,رابط,,,False,1,a555,المادة الخامسة والخمسون بعد الخمسمائة، المادة ٥٥٥ نوعا عقد المضاربة,الفصل الثاني: عقد المضاربة › الفرع الثاني: آثار عقد المضاربة
tabseet_ncm_556,نظام المعاملات المدنية: المادة 556 — خلط المضارب مال المضاربة بماله أو تسليمه للغير,منصة تبسيط,,منصة تبسيط,,,,https://saudalbazei.com/tabseet/#a556,منصة تبسيط,الأنظمة والتشريعات,شرح,رابط,,,False,1,a556,المادة السادسة والخمسون بعد الخمسمائة، المادة ٥٥٦ خلط المضارب مال المضاربة بماله أو تسليمه للغير,الفصل الثاني: عقد المضاربة › الفرع الثاني: آثار عقد المضاربة
tabseet_ncm_557,نظام المعاملات المدنية: المادة 557 — نقص مال المضاربة,منصة تبسيط,,منصة تبسيط,,,,https://saudalbazei.com/tabseet/#a557,منصة تبسيط,الأنظمة والتشريعات,شرح,رابط,,,False,1,a557,المادة السابعة والخمسون بعد الخمسمائة، المادة ٥٥٧ نقص مال المضاربة,الفصل الثاني: عقد المضاربة › الفرع الثاني: آثار عقد المضاربة
tabseet_ncm_558,نظام المعاملات المدنية: المادة 558 — قسمة الربح,منصة تبسيط,,منصة تبسيط,,,,https://saudalbazei.com/tabseet/#a558,منصة تبسيط,الأنظمة والتشريعات,شرح,رابط,,,False,1,a558,المادة الثامنة والخمسون بعد الخمسمائة، المادة ٥٥٨ قسمة الربح,الفصل الثاني: عقد المضاربة › الفرع الثاني: آثار عقد المضاربة
tabseet_ncm_559,نظام المعاملات المدنية: المادة 559 — اشتراط مبلغ محدد من الربح,منصة تبسيط,,منصة تبسيط,,,,https://saudalbazei.com/tabseet/#a559,منصة تبسيط,الأنظمة والتشريعات,شرح,رابط,,,False,1,a559,المادة التاسعة والخمسون بعد الخمسمائة، المادة ٥٥٩ اشتراط مبلغ محدد من الربح,الفصل الثاني: عقد المضاربة › الفرع الثاني: آثار عقد المضاربة
tabseet_ncm_560,نظام المعاملات المدنية: المادة 560 — وقت استحقاق الربح,منصة تبسيط,,منصة تبسيط,,,,https://saudalbazei.com/tabseet/#a560,منصة تبسيط,الأنظمة والتشريعات,شرح,رابط,,,False,1,a560,المادة الستون بعد الخمسمائة، المادة ٥٦٠ وقت استحقاق الربح,الفصل الثاني: عقد المضاربة › الفرع الثاني: آثار عقد المضاربة
tabseet_ncm_561,نظام المعاملات المدنية: المادة 561 — انتهاء عقد المضاربة بانقضاء الأجل أو انتهاء العمل,منصة تبسيط,,منصة تبسيط,,,,https://saudalbazei.com/tabseet/#a561,منصة تبسيط,الأنظمة والتشريعات,شرح,رابط,,,False,1,a561,المادة الحادية والستون بعد الخمسمائة، المادة ٥٦١ انتهاء عقد المضاربة بانقضاء الأجل أو انتهاء العمل,الفصل الثاني: عقد المضاربة › الفرع الثالث: انتهاء عقد المضاربة
tabseet_ncm_562,نظام المعاملات المدنية: المادة 562 — انسحاب المتعاقد من عقد المضاربة,منصة تبسيط,,منصة تبسيط,,,,https://saudalbazei.com/tabseet/#a562,منصة تبسيط,الأنظمة والتشريعات,شرح,رابط,,,False,1,a562,المادة الثانية والستون بعد الخمسمائة، المادة ٥٦٢ انسحاب المتعاقد من عقد المضاربة,الفصل الثاني: عقد المضاربة › الفرع الثالث: انتهاء عقد المضاربة
tabseet_ncm_563,نظام المعاملات المدنية: المادة 563 — آثار انتهاء عقد المضاربة,منصة تبسيط,,منصة تبسيط,,,,https://saudalbazei.com/tabseet/#a563,منصة تبسيط,الأنظمة والتشريعات,شرح,رابط,,,False,1,a563,المادة الثالثة والستون بعد الخمسمائة، المادة ٥٦٣ آثار انتهاء عقد المضاربة,الفصل الثاني: عقد المضاربة › الفرع الثالث: انتهاء عقد المضاربة
tabseet_ncm_564,نظام المعاملات المدنية: المادة 564 — رد المضارب نصيب رب المال,منصة تبسيط,,منصة تبسيط,,,,https://saudalbazei.com/tabseet/#a564,منصة تبسيط,الأنظمة والتشريعات,شرح,رابط,,,False,1,a564,المادة الرابعة والستون بعد الخمسمائة، المادة ٥٦٤ رد المضارب نصيب رب المال,الفصل الثاني: عقد المضاربة › الفرع الثالث: انتهاء عقد المضاربة
tabseet_ncm_565,نظام المعاملات المدنية: المادة 565 — انتهاء عقد المضاربة لأسباب تتعلق بشخص المتعاقد,منصة تبسيط,,منصة تبسيط,,,,https://saudalbazei.com/tabseet/#a565,منصة تبسيط,الأنظمة والتشريعات,شرح,رابط,,,False,1,a565,المادة الخامسة والستون بعد الخمسمائة، المادة ٥٦٥ انتهاء عقد المضاربة لأسباب تتعلق بشخص المتعاقد,الفصل الثاني: عقد المضاربة › الفرع الثالث: انتهاء عقد المضاربة
tabseet_ncm_566,نظام المعاملات المدنية: المادة 566 — مفهوم المشاركة في الناتج,منصة تبسيط,,منصة تبسيط,,,,https://saudalbazei.com/tabseet/#a566,منصة تبسيط,الأنظمة والتشريعات,شرح,رابط,,,False,1,a566,المادة السادسة والستون بعد الخمسمائة، المادة ٥٦٦ مفهوم المشاركة في الناتج,الفصل الثالث: عقد المشاركة في الناتج › الفرع الأول: أحكام عامة
tabseet_ncm_567,نظام المعاملات المدنية: المادة 567 — التزامات المتعاقدين,منصة تبسيط,,منصة تبسيط,,,,https://saudalbazei.com/tabseet/#a567,منصة تبسيط,الأنظمة والتشريعات,شرح,رابط,,,False,1,a567,المادة السابعة والستون بعد الخمسمائة، المادة ٥٦٧ التزامات المتعاقدين,الفصل الثالث: عقد المشاركة في الناتج › الفرع الأول: أحكام عامة
tabseet_ncm_568,نظام المعاملات المدنية: المادة 568 — مستحقات المتعاقدين,منصة تبسيط,,منصة تبسيط,,,,https://saudalbazei.com/tabseet/#a568,منصة تبسيط,الأنظمة والتشريعات,شرح,رابط,,,False,1,a568,المادة الثامنة والستون بعد الخمسمائة، المادة ٥٦٨ مستحقات المتعاقدين,الفصل الثالث: عقد المشاركة في الناتج › الفرع الأول: أحكام عامة
tabseet_ncm_569,نظام المعاملات المدنية: المادة 569 — مستحقات المتعاقدين عند إبطال العقد,منصة تبسيط,,منصة تبسيط,,,,https://saudalbazei.com/tabseet/#a569,منصة تبسيط,الأنظمة والتشريعات,شرح,رابط,,,False,1,a569,المادة التاسعة والستون بعد الخمسمائة، المادة ٥٦٩ مستحقات المتعاقدين عند إبطال العقد,الفصل الثالث: عقد المشاركة في الناتج › الفرع الأول: أحكام عامة
tabseet_ncm_570,نظام المعاملات المدنية: المادة 570 — أسباب انتهاء عقد المشاركة في الناتج,منصة تبسيط,,منصة تبسيط,,,,https://saudalbazei.com/tabseet/#a570,منصة تبسيط,الأنظمة والتشريعات,شرح,رابط,,,False,1,a570,المادة السبعون بعد الخمسمائة، المادة ٥٧٠ أسباب انتهاء عقد المشاركة في الناتج,الفصل الثالث: عقد المشاركة في الناتج › الفرع الأول: أحكام عامة
tabseet_ncm_571,نظام المعاملات المدنية: المادة 571 — مفهوم المشاركة الزراعية,منصة تبسيط,,منصة تبسيط,,,,https://saudalbazei.com/tabseet/#a571,منصة تبسيط,الأنظمة والتشريعات,شرح,رابط,,,False,1,a571,المادة الحادية والسبعون بعد الخمسمائة، المادة ٥٧١ مفهوم المشاركة الزراعية,الفصل الثالث: عقد المشاركة في الناتج › الفرع الثاني: عقد المشاركة الزراعية
tabseet_ncm_572,نظام المعاملات المدنية: المادة 572 — تقديم البذر أو الغراس,منصة تبسيط,,منصة تبسيط,,,,https://saudalbazei.com/tabseet/#a572,منصة تبسيط,الأنظمة والتشريعات,شرح,رابط,,,False,1,a572,المادة الثانية والسبعون بعد الخمسمائة، المادة ٥٧٢ تقديم البذر أو الغراس,الفصل الثالث: عقد المشاركة في الناتج › الفرع الثاني: عقد المشاركة الزراعية
tabseet_ncm_573,نظام المعاملات المدنية: المادة 573 — اشتراط مقدار غير شائع من الناتج,منصة تبسيط,,منصة تبسيط,,,,https://saudalbazei.com/tabseet/#a573,منصة تبسيط,الأنظمة والتشريعات,شرح,رابط,,,False,1,a573,المادة الثالثة والسبعون بعد الخمسمائة، المادة ٥٧٣ اشتراط مقدار غير شائع من الناتج,الفصل الثالث: عقد المشاركة في الناتج › الفرع الثاني: عقد المشاركة الزراعية
tabseet_ncm_574,نظام المعاملات المدنية: المادة 574 — تعيين مدة العقد,منصة تبسيط,,منصة تبسيط,,,,https://saudalbazei.com/tabseet/#a574,منصة تبسيط,الأنظمة والتشريعات,شرح,رابط,,,False,1,a574,المادة الرابعة والسبعون بعد الخمسمائة، المادة ٥٧٤ تعيين مدة العقد,الفصل الثالث: عقد المشاركة في الناتج › الفرع الثاني: عقد المشاركة الزراعية
tabseet_ncm_575,نظام المعاملات المدنية: المادة 575 — امتناع العامل عن إتمام العمل,منصة تبسيط,,منصة تبسيط,,,,https://saudalbazei.com/tabseet/#a575,منصة تبسيط,الأنظمة والتشريعات,شرح,رابط,,,False,1,a575,المادة الخامسة والسبعون بعد الخمسمائة، المادة ٥٧٥ امتناع العامل عن إتمام العمل,الفصل الثالث: عقد المشاركة في الناتج › الفرع الثاني: عقد المشاركة الزراعية
tabseet_ncm_576,نظام المعاملات المدنية: المادة 576 — وقت استحقاق المتعاقد نصيبه من الناتج,منصة تبسيط,,منصة تبسيط,,,,https://saudalbazei.com/tabseet/#a576,منصة تبسيط,الأنظمة والتشريعات,شرح,رابط,,,False,1,a576,المادة السادسة والسبعون بعد الخمسمائة، المادة ٥٧٦ وقت استحقاق المتعاقد نصيبه من الناتج,الفصل الثالث: عقد المشاركة في الناتج › الفرع الثاني: عقد المشاركة الزراعية
tabseet_ncm_577,نظام المعاملات المدنية: المادة 577 — فسخ عقد المشاركة الزراعية للعذر الطارئ,منصة تبسيط,,منصة تبسيط,,,,https://saudalbazei.com/tabseet/#a577,منصة تبسيط,الأنظمة والتشريعات,شرح,رابط,,,False,1,a577,المادة السابعة والسبعون بعد الخمسمائة، المادة ٥٧٧ فسخ عقد المشاركة الزراعية للعذر الطارئ,الفصل الثالث: عقد المشاركة في الناتج › الفرع الثاني: عقد المشاركة الزراعية
tabseet_ncm_578,نظام المعاملات المدنية: المادة 578 — مفهوم الكفالة,منصة تبسيط,,منصة تبسيط,,,,https://saudalbazei.com/tabseet/#a578,منصة تبسيط,الأنظمة والتشريعات,شرح,رابط,,,False,1,a578,المادة الثامنة والسبعون بعد الخمسمائة، المادة ٥٧٨ مفهوم الكفالة,الفصل الأول: عقد الكفالة › الفرع الأول: إنشاء عقد الكفالة
tabseet_ncm_579,نظام المعاملات المدنية: المادة 579 — انعقاد الكفالة,منصة تبسيط,,منصة تبسيط,,,,https://saudalbazei.com/tabseet/#a579,منصة تبسيط,الأنظمة والتشريعات,شرح,رابط,,,False,1,a579,المادة التاسعة والسبعون بعد الخمسمائة، المادة ٥٧٩ انعقاد الكفالة,الفصل الأول: عقد الكفالة › الفرع الأول: إنشاء عقد الكفالة
tabseet_ncm_580,نظام المعاملات المدنية: المادة 580 — الصفة التبرعية للكفالة,منصة تبسيط,,منصة تبسيط,,,,https://saudalbazei.com/tabseet/#a580,منصة تبسيط,الأنظمة والتشريعات,شرح,رابط,,,False,1,a580,المادة الثمانون بعد الخمسمائة، المادة ٥٨٠ الصفة التبرعية للكفالة,الفصل الأول: عقد الكفالة › الفرع الأول: إنشاء عقد الكفالة
tabseet_ncm_581,نظام المعاملات المدنية: المادة 581 — تبعية الكفالة للالتزام الأصلي,منصة تبسيط,,منصة تبسيط,,,,https://saudalbazei.com/tabseet/#a581,منصة تبسيط,الأنظمة والتشريعات,شرح,رابط,,,False,1,a581,المادة الحادية والثمانون بعد الخمسمائة، المادة ٥٨١ تبعية الكفالة للالتزام الأصلي,الفصل الأول: عقد الكفالة › الفرع الأول: إنشاء عقد الكفالة
tabseet_ncm_582,نظام المعاملات المدنية: المادة 582 — صور الكفالة,منصة تبسيط,,منصة تبسيط,,,,https://saudalbazei.com/tabseet/#a582,منصة تبسيط,الأنظمة والتشريعات,شرح,رابط,,,False,1,a582,المادة الثانية والثمانون بعد الخمسمائة، المادة ٥٨٢ صور الكفالة,الفصل الأول: عقد الكفالة › الفرع الأول: إنشاء عقد الكفالة
tabseet_ncm_583,نظام المعاملات المدنية: المادة 583 — كفالة الدين المستقبل والمعلق على شرط,منصة تبسيط,,منصة تبسيط,,,,https://saudalbazei.com/tabseet/#a583,منصة تبسيط,الأنظمة والتشريعات,شرح,رابط,,,False,1,a583,المادة الثالثة والثمانون بعد الخمسمائة، المادة ٥٨٣ كفالة الدين المستقبل والمعلق على شرط,الفصل الأول: عقد الكفالة › الفرع الأول: إنشاء عقد الكفالة
tabseet_ncm_584,نظام المعاملات المدنية: المادة 584 — الكفالة بمبلغ أكبر وبشرط أشد,منصة تبسيط,,منصة تبسيط,,,,https://saudalbazei.com/tabseet/#a584,منصة تبسيط,الأنظمة والتشريعات,شرح,رابط,,,False,1,a584,المادة الرابعة والثمانون بعد الخمسمائة، المادة ٥٨٤ الكفالة بمبلغ أكبر وبشرط أشد,الفصل الأول: عقد الكفالة › الفرع الأول: إنشاء عقد الكفالة
tabseet_ncm_585,نظام المعاملات المدنية: المادة 585 — التزام الكفيل في الكفالة المطلقة,منصة تبسيط,,منصة تبسيط,,,,https://saudalbazei.com/tabseet/#a585,منصة تبسيط,الأنظمة والتشريعات,شرح,رابط,,,False,1,a585,المادة الخامسة والثمانون بعد الخمسمائة، المادة ٥٨٥ التزام الكفيل في الكفالة المطلقة,الفصل الأول: عقد الكفالة › الفرع الثاني: آثار عقد الكفالة
tabseet_ncm_586,نظام المعاملات المدنية: المادة 586 — الكفالة المؤجلة للدين الحال,منصة تبسيط,,منصة تبسيط,,,,https://saudalbazei.com/tabseet/#a586,منصة تبسيط,الأنظمة والتشريعات,شرح,رابط,,,False,1,a586,المادة السادسة والثمانون بعد الخمسمائة، المادة ٥٨٦ الكفالة المؤجلة للدين الحال,الفصل الأول: عقد الكفالة › الفرع الثاني: آثار عقد الكفالة
tabseet_ncm_587,نظام المعاملات المدنية: المادة 587 — أثر تأقيت الكفالة,منصة تبسيط,,منصة تبسيط,,,,https://saudalbazei.com/tabseet/#a587,منصة تبسيط,الأنظمة والتشريعات,شرح,رابط,,,False,1,a587,المادة السابعة والثمانون بعد الخمسمائة، المادة ٥٨٧ أثر تأقيت الكفالة,الفصل الأول: عقد الكفالة › الفرع الثاني: آثار عقد الكفالة
tabseet_ncm_588,نظام المعاملات المدنية: المادة 588 — براءة الكفيل بإضاعة الدائن ضمانات الدين,منصة تبسيط,,منصة تبسيط,,,,https://saudalbazei.com/tabseet/#a588,منصة تبسيط,الأنظمة والتشريعات,شرح,رابط,,,False,1,a588,المادة الثامنة والثمانون بعد الخمسمائة، المادة ٥٨٨ براءة الكفيل بإضاعة الدائن ضمانات الدين,الفصل الأول: عقد الكفالة › الفرع الثاني: آثار عقد الكفالة
tabseet_ncm_589,نظام المعاملات المدنية: المادة 589 — براءة الكفيل بعدم مطالبة الدائن المدين,منصة تبسيط,,منصة تبسيط,,,,https://saudalbazei.com/tabseet/#a589,منصة تبسيط,الأنظمة والتشريعات,شرح,رابط,,,False,1,a589,المادة التاسعة والثمانون بعد الخمسمائة، المادة ٥٨٩ براءة الكفيل بعدم مطالبة الدائن المدين,الفصل الأول: عقد الكفالة › الفرع الثاني: آثار عقد الكفالة
tabseet_ncm_590,نظام المعاملات المدنية: المادة 590 — براءة الكفيل بعدم مطالبة الدائن عند افتتاح إجراءات التصفية,منصة تبسيط,,منصة تبسيط,,,,https://saudalbazei.com/tabseet/#a590,منصة تبسيط,الأنظمة والتشريعات,شرح,رابط,,,False,1,a590,المادة التسعون بعد الخمسمائة، المادة ٥٩٠ براءة الكفيل بعدم مطالبة الدائن عند افتتاح إجراءات التصفية,الفصل الأول: عقد الكفالة › الفرع الثاني: آثار عقد الكفالة
tabseet_ncm_591,نظام المعاملات المدنية: المادة 591 — رجوع الدائن على الكفيل,منصة تبسيط,,منصة تبسيط,,,,https://saudalbazei.com/tabseet/#a591,منصة تبسيط,الأنظمة والتشريعات,شرح,رابط,,,False,1,a591,المادة الحادية والتسعون بعد الخمسمائة، المادة ٥٩١ رجوع الدائن على الكفيل,الفصل الأول: عقد الكفالة › الفرع الثاني: آثار عقد الكفالة
tabseet_ncm_592,نظام المعاملات المدنية: المادة 592 — شرط الدفع بتجريد المدين,منصة تبسيط,,منصة تبسيط,,,,https://saudalbazei.com/tabseet/#a592,منصة تبسيط,الأنظمة والتشريعات,شرح,رابط,,,False,1,a592,المادة الثانية والتسعون بعد الخمسمائة، المادة ٥٩٢ شرط الدفع بتجريد المدين,الفصل الأول: عقد الكفالة › الفرع الثاني: آثار عقد الكفالة
tabseet_ncm_593,نظام المعاملات المدنية: المادة 593 — الكفالة النظامية والقضائية,منصة تبسيط,,منصة تبسيط,,,,https://saudalbazei.com/tabseet/#a593,منصة تبسيط,الأنظمة والتشريعات,شرح,رابط,,,False,1,a593,المادة الثالثة والتسعون بعد الخمسمائة، المادة ٥٩٣ الكفالة النظامية والقضائية,الفصل الأول: عقد الكفالة › الفرع الثاني: آثار عقد الكفالة
tabseet_ncm_594,نظام المعاملات المدنية: المادة 594 — أثر وجود ضمان عيني في الدفع بالتجريد,منصة تبسيط,,منصة تبسيط,,,,https://saudalbazei.com/tabseet/#a594,منصة تبسيط,الأنظمة والتشريعات,شرح,رابط,,,False,1,a594,المادة الرابعة والتسعون بعد الخمسمائة، المادة ٥٩٤ أثر وجود ضمان عيني في الدفع بالتجريد,الفصل الأول: عقد الكفالة › الفرع الثاني: آثار عقد الكفالة
tabseet_ncm_595,نظام المعاملات المدنية: المادة 595 — مطالبة الكفلاء عند تعددهم,منصة تبسيط,,منصة تبسيط,,,,https://saudalbazei.com/tabseet/#a595,منصة تبسيط,الأنظمة والتشريعات,شرح,رابط,,,False,1,a595,المادة الخامسة والتسعون بعد الخمسمائة، المادة ٥٩٥ مطالبة الكفلاء عند تعددهم,الفصل الأول: عقد الكفالة › الفرع الثاني: آثار عقد الكفالة
tabseet_ncm_596,نظام المعاملات المدنية: المادة 596 — رجوع الكفيل على باقي الكفلاء,منصة تبسيط,,منصة تبسيط,,,,https://saudalbazei.com/tabseet/#a596,منصة تبسيط,الأنظمة والتشريعات,شرح,رابط,,,False,1,a596,المادة السادسة والتسعون بعد الخمسمائة، المادة ٥٩٦ رجوع الكفيل على باقي الكفلاء,الفصل الأول: عقد الكفالة › الفرع الثاني: آثار عقد الكفالة
tabseet_ncm_597,نظام المعاملات المدنية: المادة 597 — رجوع الكفيل على المدين بدعوى الكفالة,منصة تبسيط,,منصة تبسيط,,,,https://saudalbazei.com/tabseet/#a597,منصة تبسيط,الأنظمة والتشريعات,شرح,رابط,,,False,1,a597,المادة السابعة والتسعون بعد الخمسمائة، المادة ٥٩٧ رجوع الكفيل على المدين بدعوى الكفالة,الفصل الأول: عقد الكفالة › الفرع الثاني: آثار عقد الكفالة
tabseet_ncm_598,نظام المعاملات المدنية: المادة 598 — تسليم مستندات الدين والتخلي عن الضمان العيني,منصة تبسيط,,منصة تبسيط,,,,https://saudalbazei.com/tabseet/#a598,منصة تبسيط,الأنظمة والتشريعات,شرح,رابط,,,False,1,a598,المادة الثامنة والتسعون بعد الخمسمائة، المادة ٥٩٨ تسليم مستندات الدين والتخلي عن الضمان العيني,الفصل الأول: عقد الكفالة › الفرع الثاني: آثار عقد الكفالة
tabseet_ncm_599,نظام المعاملات المدنية: المادة 599 — رجوع الكفيل على المدين بدعوى الحلول,منصة تبسيط,,منصة تبسيط,,,,https://saudalbazei.com/tabseet/#a599,منصة تبسيط,الأنظمة والتشريعات,شرح,رابط,,,False,1,a599,المادة التاسعة والتسعون بعد الخمسمائة، المادة ٥٩٩ رجوع الكفيل على المدين بدعوى الحلول,الفصل الأول: عقد الكفالة › الفرع الثاني: آثار عقد الكفالة
tabseet_ncm_600,نظام المعاملات المدنية: المادة 600 — وفاء الكفيل بشيء آخر أو المصالحة على أقل من الدين,منصة تبسيط,,منصة تبسيط,,,,https://saudalbazei.com/tabseet/#a600,منصة تبسيط,الأنظمة والتشريعات,شرح,رابط,,,False,1,a600,المادة الستمائة، المادة ٦٠٠ وفاء الكفيل بشيء آخر أو المصالحة على أقل من الدين,الفصل الأول: عقد الكفالة › الفرع الثاني: آثار عقد الكفالة
tabseet_ncm_601,نظام المعاملات المدنية: المادة 601 — التزام المدين بإعلام الكفيل بانقضاء الدين أو بطلانه,منصة تبسيط,,منصة تبسيط,,,,https://saudalbazei.com/tabseet/#a601,منصة تبسيط,الأنظمة والتشريعات,شرح,رابط,,,False,1,a601,المادة الأولى بعد الستمائة، المادة ٦٠١ التزام المدين بإعلام الكفيل بانقضاء الدين أو بطلانه,الفصل الأول: عقد الكفالة › الفرع الثاني: آثار عقد الكفالة
tabseet_ncm_602,نظام المعاملات المدنية: المادة 602 — رجوع الكفيل على المدينين المتضامنين,منصة تبسيط,,منصة تبسيط,,,,https://saudalbazei.com/tabseet/#a602,منصة تبسيط,الأنظمة والتشريعات,شرح,رابط,,,False,1,a602,المادة الثانية بعد الستمائة، المادة ٦٠٢ رجوع الكفيل على المدينين المتضامنين,الفصل الأول: عقد الكفالة › الفرع الثاني: آثار عقد الكفالة
tabseet_ncm_603,نظام المعاملات المدنية: المادة 603 — براءة الكفيل تبعًا لبراءة المدين,منصة تبسيط,,منصة تبسيط,,,,https://saudalbazei.com/tabseet/#a603,منصة تبسيط,الأنظمة والتشريعات,شرح,رابط,,,False,1,a603,المادة الثالثة بعد الستمائة، المادة ٦٠٣ براءة الكفيل تبعًا لبراءة المدين,الفصل الأول: عقد الكفالة › الفرع الثالث: انتهاء عقد الكفالة
tabseet_ncm_604,نظام المعاملات المدنية: المادة 604 — براءة الكفيل بالوفاء بشيء آخر,منصة تبسيط,,منصة تبسيط,,,,https://saudalbazei.com/tabseet/#a604,منصة تبسيط,الأنظمة والتشريعات,شرح,رابط,,,False,1,a604,المادة الرابعة بعد الستمائة، المادة ٦٠٤ براءة الكفيل بالوفاء بشيء آخر,الفصل الأول: عقد الكفالة › الفرع الثالث: انتهاء عقد الكفالة
tabseet_ncm_605,نظام المعاملات المدنية: المادة 605 — أثر حوالة الدين في براءة الكفيل,منصة تبسيط,,منصة تبسيط,,,,https://saudalbazei.com/tabseet/#a605,منصة تبسيط,الأنظمة والتشريعات,شرح,رابط,,,False,1,a605,المادة الخامسة بعد الستمائة، المادة ٦٠٥ أثر حوالة الدين في براءة الكفيل,الفصل الأول: عقد الكفالة › الفرع الثالث: انتهاء عقد الكفالة
tabseet_ncm_606,نظام المعاملات المدنية: المادة 606 — أثر الموت في عقد الكفالة,منصة تبسيط,,منصة تبسيط,,,,https://saudalbazei.com/tabseet/#a606,منصة تبسيط,الأنظمة والتشريعات,شرح,رابط,,,False,1,a606,المادة السادسة بعد الستمائة، المادة ٦٠٦ أثر الموت في عقد الكفالة,الفصل الأول: عقد الكفالة › الفرع الثالث: انتهاء عقد الكفالة
tabseet_ncm_607,نظام المعاملات المدنية: المادة 607 — عقد التأمين,منصة تبسيط,,منصة تبسيط,,,,https://saudalbazei.com/tabseet/#a607,منصة تبسيط,الأنظمة والتشريعات,شرح,رابط,,,False,1,a607,المادة السابعة بعد الستمائة، المادة ٦٠٧ عقد التأمين,الباب الخامس: عقد الكفالة وعقد التأمين › الفصل الثاني: عقد التأمين
tabseet_ncm_608,نظام المعاملات المدنية: المادة 608 — عناصر الحق ونطاقه,منصة تبسيط,,منصة تبسيط,,,,https://saudalbazei.com/tabseet/#a608,منصة تبسيط,الأنظمة والتشريعات,شرح,رابط,,,False,1,a608,المادة الثامنة بعد الستمائة، المادة ٦٠٨ عناصر الحق ونطاقه,الفرع الأول: أحكام عامة لحق الملكية › أولاً: نطاق الحق
tabseet_ncm_609,نظام المعاملات المدنية: المادة 609 — شمول الحق العناصر الجوهرية والعلو والعمق,منصة تبسيط,,منصة تبسيط,,,,https://saudalbazei.com/tabseet/#a609,منصة تبسيط,الأنظمة والتشريعات,شرح,رابط,,,False,1,a609,المادة التاسعة بعد الستمائة، المادة ٦٠٩ شمول الحق العناصر الجوهرية والعلو والعمق,الفرع الأول: أحكام عامة لحق الملكية › أولاً: نطاق الحق
tabseet_ncm_610,نظام المعاملات المدنية: المادة 610 — حماية الحق,منصة تبسيط,,منصة تبسيط,,,,https://saudalbazei.com/tabseet/#a610,منصة تبسيط,الأنظمة والتشريعات,شرح,رابط,,,False,1,a610,المادة العاشرة بعد الستمائة، المادة ٦١٠ حماية الحق,الفرع الأول: أحكام عامة لحق الملكية › أولاً: نطاق الحق
tabseet_ncm_611,نظام المعاملات المدنية: المادة 611 — القيود النظامية على الملكية,منصة تبسيط,,منصة تبسيط,,,,https://saudalbazei.com/tabseet/#a611,منصة تبسيط,الأنظمة والتشريعات,شرح,رابط,,,False,1,a611,المادة الحادية عشرة بعد الستمائة، المادة ٦١١ القيود النظامية على الملكية,الفرع الأول: أحكام عامة لحق الملكية › ثانيًا: قيود الملكية
tabseet_ncm_612,نظام المعاملات المدنية: المادة 612 — تعلق حق الغير بالملكية,منصة تبسيط,,منصة تبسيط,,,,https://saudalbazei.com/tabseet/#a612,منصة تبسيط,الأنظمة والتشريعات,شرح,رابط,,,False,1,a612,المادة الثانية عشرة بعد الستمائة، المادة ٦١٢ تعلق حق الغير بالملكية,الفرع الأول: أحكام عامة لحق الملكية › ثانيًا: قيود الملكية
tabseet_ncm_613,نظام المعاملات المدنية: المادة 613 — القيود المتعلقة بحقوق الجوار,منصة تبسيط,,منصة تبسيط,,,,https://saudalbazei.com/tabseet/#a613,منصة تبسيط,الأنظمة والتشريعات,شرح,رابط,,,False,1,a613,المادة الثالثة عشرة بعد الستمائة، المادة ٦١٣ القيود المتعلقة بحقوق الجوار,الفرع الأول: أحكام عامة لحق الملكية › ثانيًا: قيود الملكية
tabseet_ncm_614,نظام المعاملات المدنية: المادة 614 — التغيير في الحائط المشترك,منصة تبسيط,,منصة تبسيط,,,,https://saudalbazei.com/tabseet/#a614,منصة تبسيط,الأنظمة والتشريعات,شرح,رابط,,,False,1,a614,المادة الرابعة عشرة بعد الستمائة، المادة ٦١٤ التغيير في الحائط المشترك,الفرع الأول: أحكام عامة لحق الملكية › ثانيًا: قيود الملكية
tabseet_ncm_615,نظام المعاملات المدنية: المادة 615 — تعلية الحائط المشترك ونفقة إصلاحه,منصة تبسيط,,منصة تبسيط,,,,https://saudalbazei.com/tabseet/#a615,منصة تبسيط,الأنظمة والتشريعات,شرح,رابط,,,False,1,a615,المادة الخامسة عشرة بعد الستمائة، المادة ٦١٥ تعلية الحائط المشترك ونفقة إصلاحه,الفرع الأول: أحكام عامة لحق الملكية › ثانيًا: قيود الملكية
tabseet_ncm_616,نظام المعاملات المدنية: المادة 616 — هدم الحائط الساتر لملك الجار,منصة تبسيط,,منصة تبسيط,,,,https://saudalbazei.com/tabseet/#a616,منصة تبسيط,الأنظمة والتشريعات,شرح,رابط,,,False,1,a616,المادة السادسة عشرة بعد الستمائة، المادة ٦١٦ هدم الحائط الساتر لملك الجار,الفرع الأول: أحكام عامة لحق الملكية › ثانيًا: قيود الملكية
tabseet_ncm_617,نظام المعاملات المدنية: المادة 617 — الشرط المانع من التصرف,منصة تبسيط,,منصة تبسيط,,,,https://saudalbazei.com/tabseet/#a617,منصة تبسيط,الأنظمة والتشريعات,شرح,رابط,,,False,1,a617,المادة السابعة عشرة بعد الستمائة، المادة ٦١٧ الشرط المانع من التصرف,الفرع الأول: أحكام عامة لحق الملكية › ثانيًا: قيود الملكية
tabseet_ncm_618,نظام المعاملات المدنية: المادة 618 — أثر مخالفة الشرط المانع من التصرف,منصة تبسيط,,منصة تبسيط,,,,https://saudalbazei.com/tabseet/#a618,منصة تبسيط,الأنظمة والتشريعات,شرح,رابط,,,False,1,a618,المادة الثامنة عشرة بعد الستمائة، المادة ٦١٨ أثر مخالفة الشرط المانع من التصرف,الفرع الأول: أحكام عامة لحق الملكية › ثانيًا: قيود الملكية
tabseet_ncm_619,نظام المعاملات المدنية: المادة 619 — مفهوم الملكية الشائعة والأصل فيها,منصة تبسيط,,منصة تبسيط,,,,https://saudalbazei.com/tabseet/#a619,منصة تبسيط,الأنظمة والتشريعات,شرح,رابط,,,False,1,a619,المادة التاسعة عشرة بعد الستمائة، المادة ٦١٩ مفهوم الملكية الشائعة والأصل فيها,الفرع الأول: أحكام عامة لحق الملكية › ثالثًا: الملكية الشائعة وقسمتها
tabseet_ncm_620,نظام المعاملات المدنية: المادة 620 — تصرف الشريك في حصته,منصة تبسيط,,منصة تبسيط,,,,https://saudalbazei.com/tabseet/#a620,منصة تبسيط,الأنظمة والتشريعات,شرح,رابط,,,False,1,a620,المادة العشرون بعد الستمائة، المادة ٦٢٠ تصرف الشريك في حصته,الفرع الأول: أحكام عامة لحق الملكية › ثالثًا: الملكية الشائعة وقسمتها
tabseet_ncm_621,نظام المعاملات المدنية: المادة 621 — إدارة المال الشائع,منصة تبسيط,,منصة تبسيط,,,,https://saudalbazei.com/tabseet/#a621,منصة تبسيط,الأنظمة والتشريعات,شرح,رابط,,,False,1,a621,المادة الحادية والعشرون بعد الستمائة، المادة ٦٢١ إدارة المال الشائع,الفرع الأول: أحكام عامة لحق الملكية › ثالثًا: الملكية الشائعة وقسمتها
tabseet_ncm_622,نظام المعاملات المدنية: المادة 622 — اختلاف الشركاء في إدارة المال الشائع,منصة تبسيط,,منصة تبسيط,,,,https://saudalbazei.com/tabseet/#a622,منصة تبسيط,الأنظمة والتشريعات,شرح,رابط,,,False,1,a622,المادة الثانية والعشرون بعد الستمائة، المادة ٦٢٢ اختلاف الشركاء في إدارة المال الشائع,الفرع الأول: أحكام عامة لحق الملكية › ثالثًا: الملكية الشائعة وقسمتها
tabseet_ncm_623,نظام المعاملات المدنية: المادة 623 — الإدارة غير المعتادة للمال الشائع,منصة تبسيط,,منصة تبسيط,,,,https://saudalbazei.com/tabseet/#a623,منصة تبسيط,الأنظمة والتشريعات,شرح,رابط,,,False,1,a623,المادة الثالثة والعشرون بعد الستمائة، المادة ٦٢٣ الإدارة غير المعتادة للمال الشائع,الفرع الأول: أحكام عامة لحق الملكية › ثالثًا: الملكية الشائعة وقسمتها
tabseet_ncm_624,نظام المعاملات المدنية: المادة 624 — حق الشريك في حفظ المال الشائع,منصة تبسيط,,منصة تبسيط,,,,https://saudalbazei.com/tabseet/#a624,منصة تبسيط,الأنظمة والتشريعات,شرح,رابط,,,False,1,a624,المادة الرابعة والعشرون بعد الستمائة، المادة ٦٢٤ حق الشريك في حفظ المال الشائع,الفرع الأول: أحكام عامة لحق الملكية › ثالثًا: الملكية الشائعة وقسمتها
tabseet_ncm_625,نظام المعاملات المدنية: المادة 625 — نفقات إدارة المال الشائع وحفظه,منصة تبسيط,,منصة تبسيط,,,,https://saudalbazei.com/tabseet/#a625,منصة تبسيط,الأنظمة والتشريعات,شرح,رابط,,,False,1,a625,المادة الخامسة والعشرون بعد الستمائة، المادة ٦٢٥ نفقات إدارة المال الشائع وحفظه,الفرع الأول: أحكام عامة لحق الملكية › ثالثًا: الملكية الشائعة وقسمتها
tabseet_ncm_626,نظام المعاملات المدنية: المادة 626 — القسمة الاتفاقية للمال الشائع,منصة تبسيط,,منصة تبسيط,,,,https://saudalbazei.com/tabseet/#a626,منصة تبسيط,الأنظمة والتشريعات,شرح,رابط,,,False,1,a626,المادة السادسة والعشرون بعد الستمائة، المادة ٦٢٦ القسمة الاتفاقية للمال الشائع,الفرع الأول: أحكام عامة لحق الملكية › ثالثًا: الملكية الشائعة وقسمتها
tabseet_ncm_627,نظام المعاملات المدنية: المادة 627 — القسمة القضائية للمال الشائع,منصة تبسيط,,منصة تبسيط,,,,https://saudalbazei.com/tabseet/#a627,منصة تبسيط,الأنظمة والتشريعات,شرح,رابط,,,False,1,a627,المادة السابعة والعشرون بعد الستمائة، المادة ٦٢٧ القسمة القضائية للمال الشائع,الفرع الأول: أحكام عامة لحق الملكية › ثالثًا: الملكية الشائعة وقسمتها
tabseet_ncm_628,نظام المعاملات المدنية: المادة 628 — القسمة العينية والقسمة بالتصفية,منصة تبسيط,,منصة تبسيط,,,,https://saudalbazei.com/tabseet/#a628,منصة تبسيط,الأنظمة والتشريعات,شرح,رابط,,,False,1,a628,المادة الثامنة والعشرون بعد الستمائة، المادة ٦٢٨ القسمة العينية والقسمة بالتصفية,الفرع الأول: أحكام عامة لحق الملكية › ثالثًا: الملكية الشائعة وقسمتها
tabseet_ncm_629,نظام المعاملات المدنية: المادة 629 — حق الدائن في التدخل عند القسمة,منصة تبسيط,,منصة تبسيط,,,,https://saudalbazei.com/tabseet/#a629,منصة تبسيط,الأنظمة والتشريعات,شرح,رابط,,,False,1,a629,المادة التاسعة والعشرون بعد الستمائة، المادة ٦٢٩ حق الدائن في التدخل عند القسمة,الفرع الأول: أحكام عامة لحق الملكية › ثالثًا: الملكية الشائعة وقسمتها
tabseet_ncm_630,نظام المعاملات المدنية: المادة 630 — ظهور الدين بعد قسمة التركة,منصة تبسيط,,منصة تبسيط,,,,https://saudalbazei.com/tabseet/#a630,منصة تبسيط,الأنظمة والتشريعات,شرح,رابط,,,False,1,a630,المادة الثلاثون بعد الستمائة، المادة ٦٣٠ ظهور الدين بعد قسمة التركة,الفرع الأول: أحكام عامة لحق الملكية › ثالثًا: الملكية الشائعة وقسمتها
tabseet_ncm_631,نظام المعاملات المدنية: المادة 631 — نقض القسمة للغبن,منصة تبسيط,,منصة تبسيط,,,,https://saudalbazei.com/tabseet/#a631,منصة تبسيط,الأنظمة والتشريعات,شرح,رابط,,,False,1,a631,المادة الحادية والثلاثون بعد الستمائة، المادة ٦٣١ نقض القسمة للغبن,الفرع الأول: أحكام عامة لحق الملكية › ثالثًا: الملكية الشائعة وقسمتها
tabseet_ncm_632,نظام المعاملات المدنية: المادة 632 — استحقاق المال المقسوم,منصة تبسيط,,منصة تبسيط,,,,https://saudalbazei.com/tabseet/#a632,منصة تبسيط,الأنظمة والتشريعات,شرح,رابط,,,False,1,a632,المادة الثانية والثلاثون بعد الستمائة، المادة ٦٣٢ استحقاق المال المقسوم,الفرع الأول: أحكام عامة لحق الملكية › ثالثًا: الملكية الشائعة وقسمتها
tabseet_ncm_633,نظام المعاملات المدنية: المادة 633 — الأثر الكاشف للقسمة,منصة تبسيط,,منصة تبسيط,,,,https://saudalbazei.com/tabseet/#a633,منصة تبسيط,الأنظمة والتشريعات,شرح,رابط,,,False,1,a633,المادة الثالثة والثلاثون بعد الستمائة، المادة ٦٣٣ الأثر الكاشف للقسمة,الفرع الأول: أحكام عامة لحق الملكية › ثالثًا: الملكية الشائعة وقسمتها
tabseet_ncm_634,نظام المعاملات المدنية: المادة 634 — مفهوم المهايأة,منصة تبسيط,,منصة تبسيط,,,,https://saudalbazei.com/tabseet/#a634,منصة تبسيط,الأنظمة والتشريعات,شرح,رابط,,,False,1,a634,المادة الرابعة والثلاثون بعد الستمائة، المادة ٦٣٤ مفهوم المهايأة,الفرع الأول: أحكام عامة لحق الملكية › ثالثًا: الملكية الشائعة وقسمتها
tabseet_ncm_635,نظام المعاملات المدنية: المادة 635 — ما يجب تعيينه في المهايأة,منصة تبسيط,,منصة تبسيط,,,,https://saudalbazei.com/tabseet/#a635,منصة تبسيط,الأنظمة والتشريعات,شرح,رابط,,,False,1,a635,المادة الخامسة والثلاثون بعد الستمائة، المادة ٦٣٥ ما يجب تعيينه في المهايأة,الفرع الأول: أحكام عامة لحق الملكية › ثالثًا: الملكية الشائعة وقسمتها
tabseet_ncm_636,نظام المعاملات المدنية: المادة 636 — سريان أحكام الإيجار على المهايأة,منصة تبسيط,,منصة تبسيط,,,,https://saudalbazei.com/tabseet/#a636,منصة تبسيط,الأنظمة والتشريعات,شرح,رابط,,,False,1,a636,المادة السادسة والثلاثون بعد الستمائة، المادة ٦٣٦ سريان أحكام الإيجار على المهايأة,الفرع الأول: أحكام عامة لحق الملكية › ثالثًا: الملكية الشائعة وقسمتها
tabseet_ncm_637,نظام المعاملات المدنية: المادة 637 — المهايأة أثناء إجراء القسمة,منصة تبسيط,,منصة تبسيط,,,,https://saudalbazei.com/tabseet/#a637,منصة تبسيط,الأنظمة والتشريعات,شرح,رابط,,,False,1,a637,المادة السابعة والثلاثون بعد الستمائة، المادة ٦٣٧ المهايأة أثناء إجراء القسمة,الفرع الأول: أحكام عامة لحق الملكية › ثالثًا: الملكية الشائعة وقسمتها
tabseet_ncm_638,نظام المعاملات المدنية: المادة 638 — طلب المهايأة مع طلب القسمة أو دونه,منصة تبسيط,,منصة تبسيط,,,,https://saudalbazei.com/tabseet/#a638,منصة تبسيط,الأنظمة والتشريعات,شرح,رابط,,,False,1,a638,المادة الثامنة والثلاثون بعد الستمائة، المادة ٦٣٨ طلب المهايأة مع طلب القسمة أو دونه,الفرع الأول: أحكام عامة لحق الملكية › ثالثًا: الملكية الشائعة وقسمتها
tabseet_ncm_639,نظام المعاملات المدنية: المادة 639 — أثر موت الشريك في المهايأة,منصة تبسيط,,منصة تبسيط,,,,https://saudalbazei.com/tabseet/#a639,منصة تبسيط,الأنظمة والتشريعات,شرح,رابط,,,False,1,a639,المادة التاسعة والثلاثون بعد الستمائة، المادة ٦٣٩ أثر موت الشريك في المهايأة,الفرع الأول: أحكام عامة لحق الملكية › ثالثًا: الملكية الشائعة وقسمتها
tabseet_ncm_640,نظام المعاملات المدنية: المادة 640 — ملكية الوحدات العقارية,منصة تبسيط,,منصة تبسيط,,,,https://saudalbazei.com/tabseet/#a640,منصة تبسيط,الأنظمة والتشريعات,شرح,رابط,,,False,1,a640,المادة الأربعون بعد الستمائة، المادة ٦٤٠ ملكية الوحدات العقارية,الفرع الأول: أحكام عامة لحق الملكية › رابعًا: ملكية الوحدات العقارية
tabseet_ncm_641,نظام المعاملات المدنية: المادة 641 — إحراز المنقول,منصة تبسيط,,منصة تبسيط,,,,https://saudalbazei.com/tabseet/#a641,منصة تبسيط,الأنظمة والتشريعات,شرح,رابط,,,False,1,a641,المادة الحادية والأربعون بعد الستمائة، المادة ٦٤١ إحراز المنقول,الفرع الثاني: أسباب كسب الملكية › أولاً: إحراز المباحات
tabseet_ncm_642,نظام المعاملات المدنية: المادة 642 — تملك المنقولات الخاضعة لنصوص خاصة,منصة تبسيط,,منصة تبسيط,,,,https://saudalbazei.com/tabseet/#a642,منصة تبسيط,الأنظمة والتشريعات,شرح,رابط,,,False,1,a642,المادة الثانية والأربعون بعد الستمائة، المادة ٦٤٢ تملك المنقولات الخاضعة لنصوص خاصة,الفرع الثاني: أسباب كسب الملكية › أولاً: إحراز المباحات
tabseet_ncm_643,نظام المعاملات المدنية: المادة 643 — تملك عقارات الدولة,منصة تبسيط,,منصة تبسيط,,,,https://saudalbazei.com/tabseet/#a643,منصة تبسيط,الأنظمة والتشريعات,شرح,رابط,,,False,1,a643,المادة الثالثة والأربعون بعد الستمائة، المادة ٦٤٣ تملك عقارات الدولة,الفرع الثاني: أسباب كسب الملكية › أولاً: إحراز المباحات
tabseet_ncm_644,نظام المعاملات المدنية: المادة 644 — كسب الملكية بالضمان,منصة تبسيط,,منصة تبسيط,,,,https://saudalbazei.com/tabseet/#a644,منصة تبسيط,الأنظمة والتشريعات,شرح,رابط,,,False,1,a644,المادة الرابعة والأربعون بعد الستمائة، المادة ٦٤٤ كسب الملكية بالضمان,الفرع الثاني: أسباب كسب الملكية › ثانيًا: كسب الملكية بالضمان والإرث والوصية
tabseet_ncm_645,نظام المعاملات المدنية: المادة 645 — كسب الملكية بالإرث,منصة تبسيط,,منصة تبسيط,,,,https://saudalbazei.com/tabseet/#a645,منصة تبسيط,الأنظمة والتشريعات,شرح,رابط,,,False,1,a645,المادة الخامسة والأربعون بعد الستمائة، المادة ٦٤٥ كسب الملكية بالإرث,الفرع الثاني: أسباب كسب الملكية › ثانيًا: كسب الملكية بالضمان والإرث والوصية
tabseet_ncm_646,نظام المعاملات المدنية: المادة 646 — كسب الملكية بالوصية,منصة تبسيط,,منصة تبسيط,,,,https://saudalbazei.com/tabseet/#a646,منصة تبسيط,الأنظمة والتشريعات,شرح,رابط,,,False,1,a646,المادة السادسة والأربعون بعد الستمائة، المادة ٦٤٦ كسب الملكية بالوصية,الفرع الثاني: أسباب كسب الملكية › ثانيًا: كسب الملكية بالضمان والإرث والوصية
tabseet_ncm_647,نظام المعاملات المدنية: المادة 647 — التبرع أو المعاوضة بمحاباة في مرض الموت,منصة تبسيط,,منصة تبسيط,,,,https://saudalbazei.com/tabseet/#a647,منصة تبسيط,الأنظمة والتشريعات,شرح,رابط,,,False,1,a647,المادة السابعة والأربعون بعد الستمائة، المادة ٦٤٧ التبرع أو المعاوضة بمحاباة في مرض الموت,الفرع الثاني: أسباب كسب الملكية › ثانيًا: كسب الملكية بالضمان والإرث والوصية
tabseet_ncm_648,نظام المعاملات المدنية: المادة 648 — التصرف لوارث مع الاحتفاظ بالحيازة وحق الانتفاع,منصة تبسيط,,منصة تبسيط,,,,https://saudalbazei.com/tabseet/#a648,منصة تبسيط,الأنظمة والتشريعات,شرح,رابط,,,False,1,a648,المادة الثامنة والأربعون بعد الستمائة، المادة ٦٤٨ التصرف لوارث مع الاحتفاظ بالحيازة وحق الانتفاع,الفرع الثاني: أسباب كسب الملكية › ثانيًا: كسب الملكية بالضمان والإرث والوصية
tabseet_ncm_649,نظام المعاملات المدنية: المادة 649 — ما علا الأرض أو كان تحتها,منصة تبسيط,,منصة تبسيط,,,,https://saudalbazei.com/tabseet/#a649,منصة تبسيط,الأنظمة والتشريعات,شرح,رابط,,,False,1,a649,المادة التاسعة والأربعون بعد الستمائة، المادة ٦٤٩ ما علا الأرض أو كان تحتها,الفرع الثاني: أسباب كسب الملكية › ثالثًا: الالتصاق
tabseet_ncm_650,نظام المعاملات المدنية: المادة 650 — إحداث المالك على أرضه بمواد لغيره,منصة تبسيط,,منصة تبسيط,,,,https://saudalbazei.com/tabseet/#a650,منصة تبسيط,الأنظمة والتشريعات,شرح,رابط,,,False,1,a650,المادة الخمسون بعد الستمائة، المادة ٦٥٠ إحداث المالك على أرضه بمواد لغيره,الفرع الثاني: أسباب كسب الملكية › ثالثًا: الالتصاق
tabseet_ncm_651,نظام المعاملات المدنية: المادة 651 — الإحداث على أرض الغير بسوء نية,منصة تبسيط,,منصة تبسيط,,,,https://saudalbazei.com/tabseet/#a651,منصة تبسيط,الأنظمة والتشريعات,شرح,رابط,,,False,1,a651,المادة الحادية والخمسون بعد الستمائة، المادة ٦٥١ الإحداث على أرض الغير بسوء نية,الفرع الثاني: أسباب كسب الملكية › ثالثًا: الالتصاق
tabseet_ncm_652,نظام المعاملات المدنية: المادة 652 — الإحداث على أرض الغير بحسن نية,منصة تبسيط,,منصة تبسيط,,,,https://saudalbazei.com/tabseet/#a652,منصة تبسيط,الأنظمة والتشريعات,شرح,رابط,,,False,1,a652,المادة الثانية والخمسون بعد الستمائة، المادة ٦٥٢ الإحداث على أرض الغير بحسن نية,الفرع الثاني: أسباب كسب الملكية › ثالثًا: الالتصاق
tabseet_ncm_653,نظام المعاملات المدنية: المادة 653 — الجور على جزء من الأرض الملاصقة بحسن نية,منصة تبسيط,,منصة تبسيط,,,,https://saudalbazei.com/tabseet/#a653,منصة تبسيط,الأنظمة والتشريعات,شرح,رابط,,,False,1,a653,المادة الثالثة والخمسون بعد الستمائة، المادة ٦٥٣ الجور على جزء من الأرض الملاصقة بحسن نية,الفرع الثاني: أسباب كسب الملكية › ثالثًا: الالتصاق
tabseet_ncm_654,نظام المعاملات المدنية: المادة 654 — اتصال منقولين,منصة تبسيط,,منصة تبسيط,,,,https://saudalbazei.com/tabseet/#a654,منصة تبسيط,الأنظمة والتشريعات,شرح,رابط,,,False,1,a654,المادة الرابعة والخمسون بعد الستمائة، المادة ٦٥٤ اتصال منقولين,الفرع الثاني: أسباب كسب الملكية › ثالثًا: الالتصاق
tabseet_ncm_655,نظام المعاملات المدنية: المادة 655 — انتقال الملكية بالعقد,منصة تبسيط,,منصة تبسيط,,,,https://saudalbazei.com/tabseet/#a655,منصة تبسيط,الأنظمة والتشريعات,شرح,رابط,,,False,1,a655,المادة الخامسة والخمسون بعد الستمائة، المادة ٦٥٥ انتقال الملكية بالعقد,الفرع الثاني: أسباب كسب الملكية › رابعًا: العقد
tabseet_ncm_656,نظام المعاملات المدنية: المادة 656 — انتقال الملكية في المعين بالذات والمعين بالنوع,منصة تبسيط,,منصة تبسيط,,,,https://saudalbazei.com/tabseet/#a656,منصة تبسيط,الأنظمة والتشريعات,شرح,رابط,,,False,1,a656,المادة السادسة والخمسون بعد الستمائة، المادة ٦٥٦ انتقال الملكية في المعين بالذات والمعين بالنوع,الفرع الثاني: أسباب كسب الملكية › رابعًا: العقد
tabseet_ncm_657,نظام المعاملات المدنية: المادة 657 — القيود النظامية على انتقال الملكية,منصة تبسيط,,منصة تبسيط,,,,https://saudalbazei.com/tabseet/#a657,منصة تبسيط,الأنظمة والتشريعات,شرح,رابط,,,False,1,a657,المادة السابعة والخمسون بعد الستمائة، المادة ٦٥٧ القيود النظامية على انتقال الملكية,الفرع الثاني: أسباب كسب الملكية › رابعًا: العقد
tabseet_ncm_658,نظام المعاملات المدنية: المادة 658 — مفهوم الشفعة,منصة تبسيط,,منصة تبسيط,,,,https://saudalbazei.com/tabseet/#a658,منصة تبسيط,الأنظمة والتشريعات,شرح,رابط,,,False,1,a658,المادة الثامنة والخمسون بعد الستمائة، المادة ٦٥٨ مفهوم الشفعة,الفرع الثاني: أسباب كسب الملكية › خامسًا: الشفعة
tabseet_ncm_659,نظام المعاملات المدنية: المادة 659 — تزاحم الشفعاء,منصة تبسيط,,منصة تبسيط,,,,https://saudalbazei.com/tabseet/#a659,منصة تبسيط,الأنظمة والتشريعات,شرح,رابط,,,False,1,a659,المادة التاسعة والخمسون بعد الستمائة، المادة ٦٥٩ تزاحم الشفعاء,الفرع الثاني: أسباب كسب الملكية › خامسًا: الشفعة
tabseet_ncm_660,نظام المعاملات المدنية: المادة 660 — بيع المشتري للعقار قبل الإعلام بالشفعة,منصة تبسيط,,منصة تبسيط,,,,https://saudalbazei.com/tabseet/#a660,منصة تبسيط,الأنظمة والتشريعات,شرح,رابط,,,False,1,a660,المادة الستون بعد الستمائة، المادة ٦٦٠ بيع المشتري للعقار قبل الإعلام بالشفعة,الفرع الثاني: أسباب كسب الملكية › خامسًا: الشفعة
tabseet_ncm_661,نظام المعاملات المدنية: المادة 661 — ما تثبت به الشفعة,منصة تبسيط,,منصة تبسيط,,,,https://saudalbazei.com/tabseet/#a661,منصة تبسيط,الأنظمة والتشريعات,شرح,رابط,,,False,1,a661,المادة الحادية والستون بعد الستمائة، المادة ٦٦١ ما تثبت به الشفعة,الفرع الثاني: أسباب كسب الملكية › خامسًا: الشفعة
tabseet_ncm_662,نظام المعاملات المدنية: المادة 662 — تملك الشفيع في العقار وقت البيع,منصة تبسيط,,منصة تبسيط,,,,https://saudalbazei.com/tabseet/#a662,منصة تبسيط,الأنظمة والتشريعات,شرح,رابط,,,False,1,a662,المادة الثانية والستون بعد الستمائة، المادة ٦٦٢ تملك الشفيع في العقار وقت البيع,الفرع الثاني: أسباب كسب الملكية › خامسًا: الشفعة
tabseet_ncm_663,نظام المعاملات المدنية: المادة 663 — أثر الموت في الشفعة,منصة تبسيط,,منصة تبسيط,,,,https://saudalbazei.com/tabseet/#a663,منصة تبسيط,الأنظمة والتشريعات,شرح,رابط,,,False,1,a663,المادة الثالثة والستون بعد الستمائة، المادة ٦٦٣ أثر الموت في الشفعة,الفرع الثاني: أسباب كسب الملكية › خامسًا: الشفعة
tabseet_ncm_664,نظام المعاملات المدنية: المادة 664 — تجزئة الشفعة,منصة تبسيط,,منصة تبسيط,,,,https://saudalbazei.com/tabseet/#a664,منصة تبسيط,الأنظمة والتشريعات,شرح,رابط,,,False,1,a664,المادة الرابعة والستون بعد الستمائة، المادة ٦٦٤ تجزئة الشفعة,الفرع الثاني: أسباب كسب الملكية › خامسًا: الشفعة
tabseet_ncm_665,نظام المعاملات المدنية: المادة 665 — موانع الشفعة,منصة تبسيط,,منصة تبسيط,,,,https://saudalbazei.com/tabseet/#a665,منصة تبسيط,الأنظمة والتشريعات,شرح,رابط,,,False,1,a665,المادة الخامسة والستون بعد الستمائة، المادة ٦٦٥ موانع الشفعة,الفرع الثاني: أسباب كسب الملكية › خامسًا: الشفعة
tabseet_ncm_666,نظام المعاملات المدنية: المادة 666 — مسقطات الشفعة,منصة تبسيط,,منصة تبسيط,,,,https://saudalbazei.com/tabseet/#a666,منصة تبسيط,الأنظمة والتشريعات,شرح,رابط,,,False,1,a666,المادة السادسة والستون بعد الستمائة، المادة ٦٦٦ مسقطات الشفعة,الفرع الثاني: أسباب كسب الملكية › خامسًا: الشفعة
tabseet_ncm_667,نظام المعاملات المدنية: المادة 667 — مدة التقادم في دعوى الشفعة,منصة تبسيط,,منصة تبسيط,,,,https://saudalbazei.com/tabseet/#a667,منصة تبسيط,الأنظمة والتشريعات,شرح,رابط,,,False,1,a667,المادة السابعة والستون بعد الستمائة، المادة ٦٦٧ مدة التقادم في دعوى الشفعة,الفرع الثاني: أسباب كسب الملكية › خامسًا: الشفعة
tabseet_ncm_668,نظام المعاملات المدنية: المادة 668 — رفع دعوى الشفعة,منصة تبسيط,,منصة تبسيط,,,,https://saudalbazei.com/tabseet/#a668,منصة تبسيط,الأنظمة والتشريعات,شرح,رابط,,,False,1,a668,المادة الثامنة والستون بعد الستمائة، المادة ٦٦٨ رفع دعوى الشفعة,الفرع الثاني: أسباب كسب الملكية › خامسًا: الشفعة
tabseet_ncm_669,نظام المعاملات المدنية: المادة 669 — ما يثبت به الملك للشفيع,منصة تبسيط,,منصة تبسيط,,,,https://saudalbazei.com/tabseet/#a669,منصة تبسيط,الأنظمة والتشريعات,شرح,رابط,,,False,1,a669,المادة التاسعة والستون بعد الستمائة، المادة ٦٦٩ ما يثبت به الملك للشفيع,الفرع الثاني: أسباب كسب الملكية › خامسًا: الشفعة
tabseet_ncm_670,نظام المعاملات المدنية: المادة 670 — حلول الشفيع محل المشتري تجاه البائع,منصة تبسيط,,منصة تبسيط,,,,https://saudalbazei.com/tabseet/#a670,منصة تبسيط,الأنظمة والتشريعات,شرح,رابط,,,False,1,a670,المادة السبعون بعد الستمائة، المادة ٦٧٠ حلول الشفيع محل المشتري تجاه البائع,الفرع الثاني: أسباب كسب الملكية › خامسًا: الشفعة
tabseet_ncm_671,نظام المعاملات المدنية: المادة 671 — زيادة العقار المشفوع ونقصه,منصة تبسيط,,منصة تبسيط,,,,https://saudalbazei.com/tabseet/#a671,منصة تبسيط,الأنظمة والتشريعات,شرح,رابط,,,False,1,a671,المادة الحادية والسبعون بعد الستمائة، المادة ٦٧١ زيادة العقار المشفوع ونقصه,الفرع الثاني: أسباب كسب الملكية › خامسًا: الشفعة
tabseet_ncm_672,نظام المعاملات المدنية: المادة 672 — طلب الشفيع عدم نفاذ تصرف المشتري,منصة تبسيط,,منصة تبسيط,,,,https://saudalbazei.com/tabseet/#a672,منصة تبسيط,الأنظمة والتشريعات,شرح,رابط,,,False,1,a672,المادة الثانية والسبعون بعد الستمائة، المادة ٦٧٢ طلب الشفيع عدم نفاذ تصرف المشتري,الفرع الثاني: أسباب كسب الملكية › خامسًا: الشفعة
tabseet_ncm_673,نظام المعاملات المدنية: المادة 673 — مفهوم الحيازة,منصة تبسيط,,منصة تبسيط,,,,https://saudalbazei.com/tabseet/#a673,منصة تبسيط,الأنظمة والتشريعات,شرح,رابط,,,False,1,a673,المادة الثالثة والسبعون بعد الستمائة، المادة ٦٧٣ مفهوم الحيازة,الفصل الأول: حق الملكية › الفرع الثالث: أثر الحيازة على الملكية
tabseet_ncm_674,نظام المعاملات المدنية: المادة 674 — أثر حيازة المنقول,منصة تبسيط,,منصة تبسيط,,,,https://saudalbazei.com/tabseet/#a674,منصة تبسيط,الأنظمة والتشريعات,شرح,رابط,,,False,1,a674,المادة الرابعة والسبعون بعد الستمائة، المادة ٦٧٤ أثر حيازة المنقول,الفصل الأول: حق الملكية › الفرع الثالث: أثر الحيازة على الملكية
tabseet_ncm_675,نظام المعاملات المدنية: المادة 675 — صفة حسن النية في الحائز,منصة تبسيط,,منصة تبسيط,,,,https://saudalbazei.com/tabseet/#a675,منصة تبسيط,الأنظمة والتشريعات,شرح,رابط,,,False,1,a675,المادة الخامسة والسبعون بعد الستمائة، المادة ٦٧٥ صفة حسن النية في الحائز,الفصل الأول: حق الملكية › الفرع الثالث: أثر الحيازة على الملكية
tabseet_ncm_676,نظام المعاملات المدنية: المادة 676 — تملك الثمار بالحيازة,منصة تبسيط,,منصة تبسيط,,,,https://saudalbazei.com/tabseet/#a676,منصة تبسيط,الأنظمة والتشريعات,شرح,رابط,,,False,1,a676,المادة السادسة والسبعون بعد الستمائة، المادة ٦٧٦ تملك الثمار بالحيازة,الفصل الأول: حق الملكية › الفرع الثالث: أثر الحيازة على الملكية
tabseet_ncm_677,نظام المعاملات المدنية: المادة 677 — النفقات التي أنفقها الحائز,منصة تبسيط,,منصة تبسيط,,,,https://saudalbazei.com/tabseet/#a677,منصة تبسيط,الأنظمة والتشريعات,شرح,رابط,,,False,1,a677,المادة السابعة والسبعون بعد الستمائة، المادة ٦٧٧ النفقات التي أنفقها الحائز,الفصل الأول: حق الملكية › الفرع الثالث: أثر الحيازة على الملكية
tabseet_ncm_678,نظام المعاملات المدنية: المادة 678 — هلاك الشيء أو تلفه عند الحائز,منصة تبسيط,,منصة تبسيط,,,,https://saudalbazei.com/tabseet/#a678,منصة تبسيط,الأنظمة والتشريعات,شرح,رابط,,,False,1,a678,المادة الثامنة والسبعون بعد الستمائة، المادة ٦٧٨ هلاك الشيء أو تلفه عند الحائز,الفصل الأول: حق الملكية › الفرع الثالث: أثر الحيازة على الملكية
tabseet_ncm_679,نظام المعاملات المدنية: المادة 679 — مفهوم حق الانتفاع,منصة تبسيط,,منصة تبسيط,,,,https://saudalbazei.com/tabseet/#a679,منصة تبسيط,الأنظمة والتشريعات,شرح,رابط,,,False,1,a679,المادة التاسعة والسبعون بعد الستمائة، المادة ٦٧٩ مفهوم حق الانتفاع,الفصل الثاني: الحقوق المتفرعة عن حق الملكية › الفرع الأول: حق الانتفاع
tabseet_ncm_680,نظام المعاملات المدنية: المادة 680 — أسباب كسب حق الانتفاع,منصة تبسيط,,منصة تبسيط,,,,https://saudalbazei.com/tabseet/#a680,منصة تبسيط,الأنظمة والتشريعات,شرح,رابط,,,False,1,a680,المادة الثمانون بعد الستمائة، المادة ٦٨٠ أسباب كسب حق الانتفاع,الفصل الثاني: الحقوق المتفرعة عن حق الملكية › الفرع الأول: حق الانتفاع
tabseet_ncm_681,نظام المعاملات المدنية: المادة 681 — حقوق والتزامات المنتفع,منصة تبسيط,,منصة تبسيط,,,,https://saudalbazei.com/tabseet/#a681,منصة تبسيط,الأنظمة والتشريعات,شرح,رابط,,,False,1,a681,المادة الحادية والثمانون بعد الستمائة، المادة ٦٨١ حقوق والتزامات المنتفع,الفصل الثاني: الحقوق المتفرعة عن حق الملكية › الفرع الأول: حق الانتفاع
tabseet_ncm_682,نظام المعاملات المدنية: المادة 682 — ثمار الشيء المنتفع به,منصة تبسيط,,منصة تبسيط,,,,https://saudalbazei.com/tabseet/#a682,منصة تبسيط,الأنظمة والتشريعات,شرح,رابط,,,False,1,a682,المادة الثانية والثمانون بعد الستمائة، المادة ٦٨٢ ثمار الشيء المنتفع به,الفصل الثاني: الحقوق المتفرعة عن حق الملكية › الفرع الأول: حق الانتفاع
tabseet_ncm_683,نظام المعاملات المدنية: المادة 683 — التزام المنتفع بالانتفاع في حدود الاتفاق أو الانتفاع المعتاد,منصة تبسيط,,منصة تبسيط,,,,https://saudalbazei.com/tabseet/#a683,منصة تبسيط,الأنظمة والتشريعات,شرح,رابط,,,False,1,a683,المادة الثالثة والثمانون بعد الستمائة، المادة ٦٨٣ التزام المنتفع بالانتفاع في حدود الاتفاق أو الانتفاع المعتاد,الفصل الثاني: الحقوق المتفرعة عن حق الملكية › الفرع الأول: حق الانتفاع
tabseet_ncm_684,نظام المعاملات المدنية: المادة 684 — التزام المنتفع بالنفقات المعتادة,منصة تبسيط,,منصة تبسيط,,,,https://saudalbazei.com/tabseet/#a684,منصة تبسيط,الأنظمة والتشريعات,شرح,رابط,,,False,1,a684,المادة الرابعة والثمانون بعد الستمائة، المادة ٦٨٤ التزام المنتفع بالنفقات المعتادة,الفصل الثاني: الحقوق المتفرعة عن حق الملكية › الفرع الأول: حق الانتفاع
tabseet_ncm_685,نظام المعاملات المدنية: المادة 685 — التزام المنتفع بحفظ الشيء المنتفع به,منصة تبسيط,,منصة تبسيط,,,,https://saudalbazei.com/tabseet/#a685,منصة تبسيط,الأنظمة والتشريعات,شرح,رابط,,,False,1,a685,المادة الخامسة والثمانون بعد الستمائة، المادة ٦٨٥ التزام المنتفع بحفظ الشيء المنتفع به,الفصل الثاني: الحقوق المتفرعة عن حق الملكية › الفرع الأول: حق الانتفاع
tabseet_ncm_686,نظام المعاملات المدنية: المادة 686 — التزام المنتفع برد الشيء المنتفع به,منصة تبسيط,,منصة تبسيط,,,,https://saudalbazei.com/tabseet/#a686,منصة تبسيط,الأنظمة والتشريعات,شرح,رابط,,,False,1,a686,المادة السادسة والثمانون بعد الستمائة، المادة ٦٨٦ التزام المنتفع برد الشيء المنتفع به,الفصل الثاني: الحقوق المتفرعة عن حق الملكية › الفرع الأول: حق الانتفاع
tabseet_ncm_687,نظام المعاملات المدنية: المادة 687 — التزام المنتفع بإعلام المالك في حالات معينة,منصة تبسيط,,منصة تبسيط,,,,https://saudalbazei.com/tabseet/#a687,منصة تبسيط,الأنظمة والتشريعات,شرح,رابط,,,False,1,a687,المادة السابعة والثمانون بعد الستمائة، المادة ٦٨٧ التزام المنتفع بإعلام المالك في حالات معينة,الفصل الثاني: الحقوق المتفرعة عن حق الملكية › الفرع الأول: حق الانتفاع
tabseet_ncm_688,نظام المعاملات المدنية: المادة 688 — التزام المنتفع برد المنقولات الاستهلاكية,منصة تبسيط,,منصة تبسيط,,,,https://saudalbazei.com/tabseet/#a688,منصة تبسيط,الأنظمة والتشريعات,شرح,رابط,,,False,1,a688,المادة الثامنة والثمانون بعد الستمائة، المادة ٦٨٨ التزام المنتفع برد المنقولات الاستهلاكية,الفصل الثاني: الحقوق المتفرعة عن حق الملكية › الفرع الأول: حق الانتفاع
tabseet_ncm_689,نظام المعاملات المدنية: المادة 689 — انتهاء حق الانتفاع باتحاد الذمة,منصة تبسيط,,منصة تبسيط,,,,https://saudalbazei.com/tabseet/#a689,منصة تبسيط,الأنظمة والتشريعات,شرح,رابط,,,False,1,a689,المادة التاسعة والثمانون بعد الستمائة، المادة ٦٨٩ انتهاء حق الانتفاع باتحاد الذمة,الفصل الثاني: الحقوق المتفرعة عن حق الملكية › الفرع الأول: حق الانتفاع
tabseet_ncm_690,نظام المعاملات المدنية: المادة 690 — انتهاء حق الانتفاع بانقضاء الأجل أو بموت المنتفع,منصة تبسيط,,منصة تبسيط,,,,https://saudalbazei.com/tabseet/#a690,منصة تبسيط,الأنظمة والتشريعات,شرح,رابط,,,False,1,a690,المادة التسعون بعد الستمائة، المادة ٦٩٠ انتهاء حق الانتفاع بانقضاء الأجل أو بموت المنتفع,الفصل الثاني: الحقوق المتفرعة عن حق الملكية › الفرع الأول: حق الانتفاع
tabseet_ncm_691,نظام المعاملات المدنية: المادة 691 — انتهاء حق الانتفاع بهلاك الشيء المنتفع به,منصة تبسيط,,منصة تبسيط,,,,https://saudalbazei.com/tabseet/#a691,منصة تبسيط,الأنظمة والتشريعات,شرح,رابط,,,False,1,a691,المادة الحادية والتسعون بعد الستمائة، المادة ٦٩١ انتهاء حق الانتفاع بهلاك الشيء المنتفع به,الفصل الثاني: الحقوق المتفرعة عن حق الملكية › الفرع الأول: حق الانتفاع
tabseet_ncm_692,نظام المعاملات المدنية: المادة 692 — انتهاء حق الانتفاع بنزول المنتفع عنه,منصة تبسيط,,منصة تبسيط,,,,https://saudalbazei.com/tabseet/#a692,منصة تبسيط,الأنظمة والتشريعات,شرح,رابط,,,False,1,a692,المادة الثانية والتسعون بعد الستمائة، المادة ٦٩٢ انتهاء حق الانتفاع بنزول المنتفع عنه,الفصل الثاني: الحقوق المتفرعة عن حق الملكية › الفرع الأول: حق الانتفاع
tabseet_ncm_693,نظام المعاملات المدنية: المادة 693 — مدة التقادم في حق الانتفاع,منصة تبسيط,,منصة تبسيط,,,,https://saudalbazei.com/tabseet/#a693,منصة تبسيط,الأنظمة والتشريعات,شرح,رابط,,,False,1,a693,المادة الثالثة والتسعون بعد الستمائة، المادة ٦٩٣ مدة التقادم في حق الانتفاع,الفصل الثاني: الحقوق المتفرعة عن حق الملكية › الفرع الأول: حق الانتفاع
tabseet_ncm_694,نظام المعاملات المدنية: المادة 694 — حكم حق الاستعمال وحق السكنى,منصة تبسيط,,منصة تبسيط,,,,https://saudalbazei.com/tabseet/#a694,منصة تبسيط,الأنظمة والتشريعات,شرح,رابط,,,False,1,a694,المادة الرابعة والتسعون بعد الستمائة، المادة ٦٩٤ حكم حق الاستعمال وحق السكنى,الفصل الثاني: الحقوق المتفرعة عن حق الملكية › الفرع الثاني: حق الاستعمال وحق السكنى
tabseet_ncm_695,نظام المعاملات المدنية: المادة 695 — نطاق حق الاستعمال وحق السكنى,منصة تبسيط,,منصة تبسيط,,,,https://saudalbazei.com/tabseet/#a695,منصة تبسيط,الأنظمة والتشريعات,شرح,رابط,,,False,1,a695,المادة الخامسة والتسعون بعد الستمائة، المادة ٦٩٥ نطاق حق الاستعمال وحق السكنى,الفصل الثاني: الحقوق المتفرعة عن حق الملكية › الفرع الثاني: حق الاستعمال وحق السكنى
tabseet_ncm_696,نظام المعاملات المدنية: المادة 696 — التنازل عن حق الاستعمال أو حق السكنى,منصة تبسيط,,منصة تبسيط,,,,https://saudalbazei.com/tabseet/#a696,منصة تبسيط,الأنظمة والتشريعات,شرح,رابط,,,False,1,a696,المادة السادسة والتسعون بعد الستمائة، المادة ٦٩٦ التنازل عن حق الاستعمال أو حق السكنى,الفصل الثاني: الحقوق المتفرعة عن حق الملكية › الفرع الثاني: حق الاستعمال وحق السكنى
tabseet_ncm_697,نظام المعاملات المدنية: المادة 697 — سريان أحكام حق الانتفاع على حق الاستعمال وحق السكنى,منصة تبسيط,,منصة تبسيط,,,,https://saudalbazei.com/tabseet/#a697,منصة تبسيط,الأنظمة والتشريعات,شرح,رابط,,,False,1,a697,المادة السابعة والتسعون بعد الستمائة، المادة ٦٩٧ سريان أحكام حق الانتفاع على حق الاستعمال وحق السكنى,الفصل الثاني: الحقوق المتفرعة عن حق الملكية › الفرع الثاني: حق الاستعمال وحق السكنى
tabseet_ncm_698,نظام المعاملات المدنية: المادة 698 — حق الوقف,منصة تبسيط,,منصة تبسيط,,,,https://saudalbazei.com/tabseet/#a698,منصة تبسيط,الأنظمة والتشريعات,شرح,رابط,,,False,1,a698,المادة الثامنة والتسعون بعد الستمائة، المادة ٦٩٨ حق الوقف,الفصل الثاني: الحقوق المتفرعة عن حق الملكية › الفرع الثالث: حق الوقف
tabseet_ncm_699,نظام المعاملات المدنية: المادة 699 — مفهوم حق الارتفاق,منصة تبسيط,,منصة تبسيط,,,,https://saudalbazei.com/tabseet/#a699,منصة تبسيط,الأنظمة والتشريعات,شرح,رابط,,,False,1,a699,المادة التاسعة والتسعون بعد الستمائة، المادة ٦٩٩ مفهوم حق الارتفاق,الفرع الرابع: حق الارتفاق › أولاً: إنشاء حق الارتفاق
tabseet_ncm_700,نظام المعاملات المدنية: المادة 700 — أسباب كسب حق الارتفاق,منصة تبسيط,,منصة تبسيط,,,,https://saudalbazei.com/tabseet/#a700,منصة تبسيط,الأنظمة والتشريعات,شرح,رابط,,,False,1,a700,المادة السبعمائة، المادة ٧٠٠ أسباب كسب حق الارتفاق,الفرع الرابع: حق الارتفاق › أولاً: إنشاء حق الارتفاق
tabseet_ncm_701,نظام المعاملات المدنية: المادة 701 — إنشاء حق الارتفاق بتخصيص المالك الأصلي,منصة تبسيط,,منصة تبسيط,,,,https://saudalbazei.com/tabseet/#a701,منصة تبسيط,الأنظمة والتشريعات,شرح,رابط,,,False,1,a701,المادة الأولى بعد السبعمائة، المادة ٧٠١ إنشاء حق الارتفاق بتخصيص المالك الأصلي,الفرع الرابع: حق الارتفاق › أولاً: إنشاء حق الارتفاق
tabseet_ncm_702,نظام المعاملات المدنية: المادة 702 — ثبوت حق المرور,منصة تبسيط,,منصة تبسيط,,,,https://saudalbazei.com/tabseet/#a702,منصة تبسيط,الأنظمة والتشريعات,شرح,رابط,,,False,1,a702,المادة الثانية بعد السبعمائة، المادة ٧٠٢ ثبوت حق المرور,الفرع الرابع: حق الارتفاق › ثانيًا: بعض أنواع حق الارتفاق
tabseet_ncm_703,نظام المعاملات المدنية: المادة 703 — قيود حق المرور,منصة تبسيط,,منصة تبسيط,,,,https://saudalbazei.com/tabseet/#a703,منصة تبسيط,الأنظمة والتشريعات,شرح,رابط,,,False,1,a703,المادة الثالثة بعد السبعمائة، المادة ٧٠٣ قيود حق المرور,الفرع الرابع: حق الارتفاق › ثانيًا: بعض أنواع حق الارتفاق
tabseet_ncm_704,نظام المعاملات المدنية: المادة 704 — حق الشِّرب,منصة تبسيط,,منصة تبسيط,,,,https://saudalbazei.com/tabseet/#a704,منصة تبسيط,الأنظمة والتشريعات,شرح,رابط,,,False,1,a704,المادة الرابعة بعد السبعمائة، المادة ٧٠٤ حق الشِّرب,الفرع الرابع: حق الارتفاق › ثانيًا: بعض أنواع حق الارتفاق
tabseet_ncm_705,نظام المعاملات المدنية: المادة 705 — انتفاع الغير بحق الشِّرب,منصة تبسيط,,منصة تبسيط,,,,https://saudalbazei.com/tabseet/#a705,منصة تبسيط,الأنظمة والتشريعات,شرح,رابط,,,False,1,a705,المادة الخامسة بعد السبعمائة، المادة ٧٠٥ انتفاع الغير بحق الشِّرب,الفرع الرابع: حق الارتفاق › ثانيًا: بعض أنواع حق الارتفاق
tabseet_ncm_706,نظام المعاملات المدنية: المادة 706 — ملكية حق الشِّرب على الشيوع,منصة تبسيط,,منصة تبسيط,,,,https://saudalbazei.com/tabseet/#a706,منصة تبسيط,الأنظمة والتشريعات,شرح,رابط,,,False,1,a706,المادة السادسة بعد السبعمائة، المادة ٧٠٦ ملكية حق الشِّرب على الشيوع,الفرع الرابع: حق الارتفاق › ثانيًا: بعض أنواع حق الارتفاق
tabseet_ncm_707,نظام المعاملات المدنية: المادة 707 — حق المجرى,منصة تبسيط,,منصة تبسيط,,,,https://saudalbazei.com/tabseet/#a707,منصة تبسيط,الأنظمة والتشريعات,شرح,رابط,,,False,1,a707,المادة السابعة بعد السبعمائة، المادة ٧٠٧ حق المجرى,الفرع الرابع: حق الارتفاق › ثانيًا: بعض أنواع حق الارتفاق
tabseet_ncm_708,نظام المعاملات المدنية: المادة 708 — تضرر الأرض من المجرى,منصة تبسيط,,منصة تبسيط,,,,https://saudalbazei.com/tabseet/#a708,منصة تبسيط,الأنظمة والتشريعات,شرح,رابط,,,False,1,a708,المادة الثامنة بعد السبعمائة، المادة ٧٠٨ تضرر الأرض من المجرى,الفرع الرابع: حق الارتفاق › ثانيًا: بعض أنواع حق الارتفاق
tabseet_ncm_709,نظام المعاملات المدنية: المادة 709 — حق المسيل,منصة تبسيط,,منصة تبسيط,,,,https://saudalbazei.com/tabseet/#a709,منصة تبسيط,الأنظمة والتشريعات,شرح,رابط,,,False,1,a709,المادة التاسعة بعد السبعمائة، المادة ٧٠٩ حق المسيل,الفرع الرابع: حق الارتفاق › ثانيًا: بعض أنواع حق الارتفاق
tabseet_ncm_710,نظام المعاملات المدنية: المادة 710 — إجراء المسيل الضار,منصة تبسيط,,منصة تبسيط,,,,https://saudalbazei.com/tabseet/#a710,منصة تبسيط,الأنظمة والتشريعات,شرح,رابط,,,False,1,a710,المادة العاشرة بعد السبعمائة، المادة ٧١٠ إجراء المسيل الضار,الفرع الرابع: حق الارتفاق › ثانيًا: بعض أنواع حق الارتفاق
tabseet_ncm_711,نظام المعاملات المدنية: المادة 711 — مدى حق الارتفاق,منصة تبسيط,,منصة تبسيط,,,,https://saudalbazei.com/tabseet/#a711,منصة تبسيط,الأنظمة والتشريعات,شرح,رابط,,,False,1,a711,المادة الحادية عشرة بعد السبعمائة، المادة ٧١١ مدى حق الارتفاق,الفرع الرابع: حق الارتفاق › ثالثًا: آثار حق الارتفاق
tabseet_ncm_712,نظام المعاملات المدنية: المادة 712 — النفقات اللازمة لاستعمال حق الارتفاق,منصة تبسيط,,منصة تبسيط,,,,https://saudalbazei.com/tabseet/#a712,منصة تبسيط,الأنظمة والتشريعات,شرح,رابط,,,False,1,a712,المادة الثانية عشرة بعد السبعمائة، المادة ٧١٢ النفقات اللازمة لاستعمال حق الارتفاق,الفرع الرابع: حق الارتفاق › ثالثًا: آثار حق الارتفاق
tabseet_ncm_713,نظام المعاملات المدنية: المادة 713 — التزام مالك العقار المرتفق به بعدم التغيير في حق الارتفاق,منصة تبسيط,,منصة تبسيط,,,,https://saudalbazei.com/tabseet/#a713,منصة تبسيط,الأنظمة والتشريعات,شرح,رابط,,,False,1,a713,المادة الثالثة عشرة بعد السبعمائة، المادة ٧١٣ التزام مالك العقار المرتفق به بعدم التغيير في حق الارتفاق,الفرع الرابع: حق الارتفاق › ثالثًا: آثار حق الارتفاق
tabseet_ncm_714,نظام المعاملات المدنية: المادة 714 — تجزئة العقار المرتفق,منصة تبسيط,,منصة تبسيط,,,,https://saudalbazei.com/tabseet/#a714,منصة تبسيط,الأنظمة والتشريعات,شرح,رابط,,,False,1,a714,المادة الرابعة عشرة بعد السبعمائة، المادة ٧١٤ تجزئة العقار المرتفق,الفرع الرابع: حق الارتفاق › ثالثًا: آثار حق الارتفاق
tabseet_ncm_715,نظام المعاملات المدنية: المادة 715 — تجزئة العقار المرتفق به,منصة تبسيط,,منصة تبسيط,,,,https://saudalbazei.com/tabseet/#a715,منصة تبسيط,الأنظمة والتشريعات,شرح,رابط,,,False,1,a715,المادة الخامسة عشرة بعد السبعمائة، المادة ٧١٥ تجزئة العقار المرتفق به,الفرع الرابع: حق الارتفاق › ثالثًا: آثار حق الارتفاق
tabseet_ncm_716,نظام المعاملات المدنية: المادة 716 — حالات انتهاء حق الارتفاق,منصة تبسيط,,منصة تبسيط,,,,https://saudalbazei.com/tabseet/#a716,منصة تبسيط,الأنظمة والتشريعات,شرح,رابط,,,False,1,a716,المادة السادسة عشرة بعد السبعمائة، المادة ٧١٦ حالات انتهاء حق الارتفاق,الفرع الرابع: حق الارتفاق › رابعًا: انتهاء حق الارتفاق
tabseet_ncm_717,نظام المعاملات المدنية: المادة 717 — مدة التقادم في حق الارتفاق,منصة تبسيط,,منصة تبسيط,,,,https://saudalbazei.com/tabseet/#a717,منصة تبسيط,الأنظمة والتشريعات,شرح,رابط,,,False,1,a717,المادة السابعة عشرة بعد السبعمائة، المادة ٧١٧ مدة التقادم في حق الارتفاق,الفرع الرابع: حق الارتفاق › رابعًا: انتهاء حق الارتفاق
tabseet_ncm_718,نظام المعاملات المدنية: المادة 718 — انقطاع مدة التقادم ووقفها لمصلحة الشركاء,منصة تبسيط,,منصة تبسيط,,,,https://saudalbazei.com/tabseet/#a718,منصة تبسيط,الأنظمة والتشريعات,شرح,رابط,,,False,1,a718,المادة الثامنة عشرة بعد السبعمائة، المادة ٧١٨ انقطاع مدة التقادم ووقفها لمصلحة الشركاء,الفرع الرابع: حق الارتفاق › رابعًا: انتهاء حق الارتفاق
tabseet_ncm_719,نظام المعاملات المدنية: المادة 719 — الحقوق العينية التبعية,منصة تبسيط,,منصة تبسيط,,,,https://saudalbazei.com/tabseet/#a719,منصة تبسيط,الأنظمة والتشريعات,شرح,رابط,,,False,1,a719,المادة التاسعة عشرة بعد السبعمائة، المادة ٧١٩ الحقوق العينية التبعية,القسم الثالث: الحقوق العينية › الباب الثاني: الحقوق العينية التبعية
tabseet_ncm_720,نظام المعاملات المدنية: المادة 720 — قواعد كلية,منصة تبسيط,,منصة تبسيط,,,,https://saudalbazei.com/tabseet/#a720,منصة تبسيط,الأنظمة والتشريعات,شرح,رابط,,,False,1,a720,المادة العشرون بعد السبعمائة، المادة ٧٢٠ قواعد كلية,أحكام ختامية › الفصل الأول: قواعد كلية
tabseet_ncm_721,نظام المعاملات المدنية: المادة 721 — العمل بهذا النظام,منصة تبسيط,,منصة تبسيط,,,,https://saudalbazei.com/tabseet/#a721,منصة تبسيط,الأنظمة والتشريعات,شرح,رابط,,,False,1,a721,المادة الحادية والعشرون بعد السبعمائة، المادة ٧٢١ العمل بهذا النظام,أحكام ختامية › الفصل الثاني: العمل بهذا النظام
