author,category,download_links_count,file_size,file_type,id,integration_note,investigator,is_featured,link_direct,link_drive,link_telegram,material_type,pages_count,publisher,source,source_message_id,title,year
,الأحوال الشخصية والتركات,1,9.5 MB,PDF,almuhame_alfaqih_619,عنوان ورابط رسالة عامة فقط؛ لم يُحمّل الملف.,,False,,,https://t.me/almuhamealfaqih/619,بحث,,قناة المحامي الفقيه (@almuhamealfaqih),المحامي الفقيه,619,تعليق الطلاق علي مشيئة الله,2023
,التحكيم والوساطة,1,337.2 KB,PDF,almuhame_alfaqih_701,عنوان ورابط رسالة عامة فقط؛ لم يُحمّل الملف.,,False,,,https://t.me/almuhamealfaqih/701,كتاب,,قناة المحامي الفقيه (@almuhamealfaqih),المحامي الفقيه,701,2023 ICC Facilitating Settlement in International Arbitration,2023
,الأنظمة والتشريعات,1,6.9 MB,PDF,almuhame_alfaqih_705,عنوان ورابط رسالة عامة فقط؛ لم يُحمّل الملف.,,False,,,https://t.me/almuhamealfaqih/705,كتاب,,قناة المحامي الفقيه (@almuhamealfaqih),المحامي الفقيه,705,عقد الزواج,2023
,التحكيم والوساطة,1,7.5 MB,PDF,almuhame_alfaqih_709,عنوان ورابط رسالة عامة فقط؛ لم يُحمّل الملف.,,False,,,https://t.me/almuhamealfaqih/709,كتاب,,قناة المحامي الفقيه (@almuhamealfaqih),المحامي الفقيه,709,معايير استرشادية لتحديد اتعاب المحكمين ومصاريفهم في مراكز التحكيم,2023
,الأحوال الشخصية والتركات,1,9.3 MB,PDF,almuhame_alfaqih_733,عنوان ورابط رسالة عامة فقط؛ لم يُحمّل الملف.,,False,,,https://t.me/almuhamealfaqih/733,كتاب,,قناة المحامي الفقيه (@almuhamealfaqih),المحامي الفقيه,733,الأنظمة و التنظيمات الصحية في المملكة العربية السعودية,2023
,الأنظمة والتشريعات,1,31.7 MB,PDF,almuhame_alfaqih_865,عنوان ورابط رسالة عامة فقط؛ لم يُحمّل الملف.,,False,,,https://t.me/almuhamealfaqih/865,كتاب,,قناة المحامي الفقيه (@almuhamealfaqih),المحامي الفقيه,865,توثيق,2024
,القضاء والإثبات,1,13.8 MB,PDF,almuhame_alfaqih_1055,عنوان ورابط رسالة عامة فقط؛ لم يُحمّل الملف.,,False,,,https://t.me/almuhamealfaqih/1055,دليل,,قناة المحامي الفقيه (@almuhamealfaqih),المحامي الفقيه,1055,دليل المعهد العالي للقضاء,2024
,الأنظمة والتشريعات,1,2.7 MB,PDF,almuhame_alfaqih_1073,عنوان ورابط رسالة عامة فقط؛ لم يُحمّل الملف.,,False,,,https://t.me/almuhamealfaqih/1073,كتاب,,قناة المحامي الفقيه (@almuhamealfaqih),المحامي الفقيه,1073,لمحات من العمل,2024
,الأنظمة والتشريعات,1,30.4 MB,PDF,almuhame_alfaqih_1080,عنوان ورابط رسالة عامة فقط؛ لم يُحمّل الملف.,,False,,,https://t.me/almuhamealfaqih/1080,نظام,,قناة المحامي الفقيه (@almuhamealfaqih),المحامي الفقيه,1080,الشهادات المهنية في القانون,2024
,القضاء والإثبات,1,2.8 MB,PDF,almuhame_alfaqih_1087,عنوان ورابط رسالة عامة فقط؛ لم يُحمّل الملف.,,False,,,https://t.me/almuhamealfaqih/1087,كتاب,,قناة المحامي الفقيه (@almuhamealfaqih),المحامي الفقيه,1087,مكتبة نفع القضائية جمع فضيلة القاضي حمد القاسم,2024
,الأنظمة والتشريعات,1,2.7 MB,PDF,almuhame_alfaqih_1089,عنوان ورابط رسالة عامة فقط؛ لم يُحمّل الملف.,,False,,,https://t.me/almuhamealfaqih/1089,دليل,,قناة المحامي الفقيه (@almuhamealfaqih),المحامي الفقيه,1089,الدليل المساعد للقانونيين 240915 000532,2024
,الأنظمة والتشريعات,1,158.4 KB,PDF,almuhame_alfaqih_1101,عنوان ورابط رسالة عامة فقط؛ لم يُحمّل الملف.,,False,,,https://t.me/almuhamealfaqih/1101,نظام,,قناة المحامي الفقيه (@almuhamealfaqih),المحامي الفقيه,1101,اللائحة التنظيمية لنشاط الاستراحات,2024
,التحكيم والوساطة,1,150.4 KB,PDF,almuhame_alfaqih_1119,عنوان ورابط رسالة عامة فقط؛ لم يُحمّل الملف.,,False,,,https://t.me/almuhamealfaqih/1119,نظام,,قناة المحامي الفقيه (@almuhamealfaqih),المحامي الفقيه,1119,لائحة عمل أمين سر لجنة التحكيم,2024
,القضاء والإثبات,1,14.8 MB,PDF,almuhame_alfaqih_1133,عنوان ورابط رسالة عامة فقط؛ لم يُحمّل الملف.,,False,,,https://t.me/almuhamealfaqih/1133,نظام,,قناة المحامي الفقيه (@almuhamealfaqih),المحامي الفقيه,1133,اللائحة التنفيذية الجديدة,2024
,الأحوال الشخصية والتركات,1,307.5 KB,PDF,almuhame_alfaqih_1181,عنوان ورابط رسالة عامة فقط؛ لم يُحمّل الملف.,,False,,,https://t.me/almuhamealfaqih/1181,كتاب,,قناة المحامي الفقيه (@almuhamealfaqih),المحامي الفقيه,1181,حقوق الورثة,2025
,الأنظمة والتشريعات,1,14.7 MB,PDF,almuhame_alfaqih_1289,عنوان ورابط رسالة عامة فقط؛ لم يُحمّل الملف.,,False,,,https://t.me/almuhamealfaqih/1289,بحث,,قناة المحامي الفقيه (@almuhamealfaqih),المحامي الفقيه,1289,نظام المعاملات المدنية ملامحه وتاريخه دراسة تأصيلية,2025
,الأحوال الشخصية والتركات,1,2.7 MB,PDF,almuhame_alfaqih_1420,عنوان ورابط رسالة عامة فقط؛ لم يُحمّل الملف.,,False,,,https://t.me/almuhamealfaqih/1420,شرح,,قناة المحامي الفقيه (@almuhamealfaqih),المحامي الفقيه,1420,شرح نظام الأحوال الشخصية إعداد وزارة العدل,2025
,الأنظمة والتشريعات,1,192.7 KB,PDF,almuhame_alfaqih_1432,عنوان ورابط رسالة عامة فقط؛ لم يُحمّل الملف.,,False,,,https://t.me/almuhamealfaqih/1432,دليل,,قناة المحامي الفقيه (@almuhamealfaqih),المحامي الفقيه,1432,قائمة بكتبي المتعلقة بنظام المعاملات المدنية,2025
,الأنظمة والتشريعات,1,760.6 KB,PDF,almuhame_alfaqih_1449,عنوان ورابط رسالة عامة فقط؛ لم يُحمّل الملف.,,False,,,https://t.me/almuhamealfaqih/1449,نظام,,قناة المحامي الفقيه (@almuhamealfaqih),المحامي الفقيه,1449,اللائحة التنظيمية للباعة المتجولين,2025
,الأنظمة والتشريعات,1,394.8 KB,PDF,almuhame_alfaqih_1455,عنوان ورابط رسالة عامة فقط؛ لم يُحمّل الملف.,,False,,,https://t.me/almuhamealfaqih/1455,بحث,,قناة المحامي الفقيه (@almuhamealfaqih),المحامي الفقيه,1455,ندوة المعايير الشرعية وعلاقتها بالنصوص النظامية ذات الصلة,2025
,القضاء والإثبات,1,478.1 KB,PDF,almuhame_alfaqih_1468,عنوان ورابط رسالة عامة فقط؛ لم يُحمّل الملف.,,False,,,https://t.me/almuhamealfaqih/1468,كتاب,,قناة المحامي الفقيه (@almuhamealfaqih),المحامي الفقيه,1468,ملخص فقه العقوبات,2025
,التحكيم والوساطة,1,718.5 KB,PDF,almuhame_alfaqih_1481,عنوان ورابط رسالة عامة فقط؛ لم يُحمّل الملف.,,False,,,https://t.me/almuhamealfaqih/1481,كتاب,,قناة المحامي الفقيه (@almuhamealfaqih),المحامي الفقيه,1481,الأوراق العلمية بطلان حكم التحكيم,2025
,القضاء والإثبات,1,17.0 MB,PDF,almuhame_alfaqih_1486,عنوان ورابط رسالة عامة فقط؛ لم يُحمّل الملف.,,False,,,https://t.me/almuhamealfaqih/1486,كتاب,,قناة المحامي الفقيه (@almuhamealfaqih),المحامي الفقيه,1486,الاستفادة من السوابق,2025
,القضاء والإثبات,1,10.7 MB,PDF,almuhame_alfaqih_1602,عنوان ورابط رسالة عامة فقط؛ لم يُحمّل الملف.,,False,,,https://t.me/almuhamealfaqih/1602,كتاب,,قناة المحامي الفقيه (@almuhamealfaqih),المحامي الفقيه,1602,ابن تيمية في القضاء السعودي (1,2026
,الأنظمة والتشريعات,1,9.5 MB,PDF,almuhame_alfaqih_1767,عنوان ورابط رسالة عامة فقط؛ لم يُحمّل الملف.,,False,,,https://t.me/almuhamealfaqih/1767,شرح,,قناة المحامي الفقيه (@almuhamealfaqih),المحامي الفقيه,1767,شرح نظام المعاملات المدنية كامل ومفهرس,2026
,القضاء والإثبات,1,544.3 KB,PDF,mohammed_alshakrah_70,عنوان ورابط رسالة عامة فقط؛ لم يُحمّل الملف.,,False,,,https://t.me/Lawy2r/70,كتاب,,قناة المحامي محمّد الشكرة (@Lawy2r),المحامي محمّد الشكرة,70,الاحكام التي تسجل في صحيفة السوابق مع التعديل,2021
,القضاء والإثبات,1,561.0 KB,PDF,mohammed_alshakrah_73,عنوان ورابط رسالة عامة فقط؛ لم يُحمّل الملف.,,False,,,https://t.me/Lawy2r/73,كتاب,,قناة المحامي محمّد الشكرة (@Lawy2r),المحامي محمّد الشكرة,73,القضاء بالقرائن والأمارات في الفقه الإسلامي عبدالعزيز الدغيثر,2021
,المحاماة والمرافعات,1,2.4 MB,PDF,mohammed_alshakrah_105,عنوان ورابط رسالة عامة فقط؛ لم يُحمّل الملف.,,False,,,https://t.me/Lawy2r/105,شرح,,قناة المحامي محمّد الشكرة (@Lawy2r),المحامي محمّد الشكرة,105,تسهيل نظام المرافعات,2021
,الأنظمة والتشريعات,1,1.1 MB,PDF,mohammed_alshakrah_124,عنوان ورابط رسالة عامة فقط؛ لم يُحمّل الملف.,,False,,,https://t.me/Lawy2r/124,نظام,,قناة المحامي محمّد الشكرة (@Lawy2r),المحامي محمّد الشكرة,124,القواعد والضوابط الفقهية عند قضاة وزارة العدل في قضايا البيوع,2021
,الأنظمة والتشريعات,1,3.6 MB,PDF,mohammed_alshakrah_303,عنوان ورابط رسالة عامة فقط؛ لم يُحمّل الملف.,,False,,,https://t.me/Lawy2r/303,كتاب,,قناة المحامي محمّد الشكرة (@Lawy2r),المحامي محمّد الشكرة,303,الدورة الأولى صياغة الاتفاقيات والعقود,2021
,القضاء والإثبات,1,3.8 MB,PDF,mohammed_alshakrah_318,عنوان ورابط رسالة عامة فقط؛ لم يُحمّل الملف.,,False,,,https://t.me/Lawy2r/318,كتاب,,قناة المحامي محمّد الشكرة (@Lawy2r),المحامي محمّد الشكرة,318,وسائل الإثبات - أصل.pdf11,2021
,الأنظمة والتشريعات,1,4.2 MB,PDF,mohammed_alshakrah_319,عنوان ورابط رسالة عامة فقط؛ لم يُحمّل الملف.,,False,,,https://t.me/Lawy2r/319,شرح,,قناة المحامي محمّد الشكرة (@Lawy2r),المحامي محمّد الشكرة,319,شرح مبسط لنظام الشركات السعودي,2021
,الأنظمة والتشريعات,1,836.9 KB,PDF,mohammed_alshakrah_333,عنوان ورابط رسالة عامة فقط؛ لم يُحمّل الملف.,,False,,,https://t.me/Lawy2r/333,دليل,,قناة المحامي محمّد الشكرة (@Lawy2r),المحامي محمّد الشكرة,333,دليل البريد للجهات العدلية - معدل,2021
,القضاء والإثبات,1,622.3 KB,PDF,mohammed_alshakrah_420,عنوان ورابط رسالة عامة فقط؛ لم يُحمّل الملف.,,False,,,https://t.me/Lawy2r/420,كتاب,,قناة المحامي محمّد الشكرة (@Lawy2r),المحامي محمّد الشكرة,420,الفوائد القضائية من أقوال شيخ الإسلام,2021
,الأنظمة والتشريعات,1,196.7 KB,PDF,mohammed_alshakrah_429,عنوان ورابط رسالة عامة فقط؛ لم يُحمّل الملف.,,False,,,https://t.me/Lawy2r/429,نظام,,قناة المحامي محمّد الشكرة (@Lawy2r),المحامي محمّد الشكرة,429,خمس خطوات لصياغة قانونية رفيعة,2021
,الأنظمة والتشريعات,1,195.9 KB,PDF,mohammed_alshakrah_441,عنوان ورابط رسالة عامة فقط؛ لم يُحمّل الملف.,,False,,,https://t.me/Lawy2r/441,كتاب,,قناة المحامي محمّد الشكرة (@Lawy2r),المحامي محمّد الشكرة,441,"تفقّه , الأهليّه التجارية",2021
,الأحوال الشخصية والتركات,1,219.3 KB,PDF,mohammed_alshakrah_579,عنوان ورابط رسالة عامة فقط؛ لم يُحمّل الملف.,,False,,,https://t.me/Lawy2r/579,كتاب,,قناة المحامي محمّد الشكرة (@Lawy2r),المحامي محمّد الشكرة,579,أنواع المحاكم واختصاصاتها في السعودية,2021
,الأنظمة والتشريعات,1,9.5 MB,PDF,mohammed_alshakrah_618,عنوان ورابط رسالة عامة فقط؛ لم يُحمّل الملف.,,False,,,https://t.me/Lawy2r/618,بحث,,قناة المحامي محمّد الشكرة (@Lawy2r),المحامي محمّد الشكرة,618,التسبيبات الفقهية في مختلف المجالات القانونية مع الفهرسة,2021
,الأنظمة والتشريعات,1,149.2 KB,Word,mohammed_alshakrah_703,عنوان ورابط رسالة عامة فقط؛ لم يُحمّل الملف.,,False,,,https://t.me/Lawy2r/703,بحث,,قناة المحامي محمّد الشكرة (@Lawy2r),المحامي محمّد الشكرة,703,التسبيبات الفقهية في باب الإجارة,2021
,المحاماة والمرافعات,1,4.6 MB,PDF,mohammed_alshakrah_882,عنوان ورابط رسالة عامة فقط؛ لم يُحمّل الملف.,,False,,,https://t.me/Lawy2r/882,شرح,,قناة المحامي محمّد الشكرة (@Lawy2r),المحامي محمّد الشكرة,882,شرح نظام الإثبات شركة نخبة للمحاماة,2022
,المحاماة والمرافعات,1,185.1 KB,PDF,mohammed_alshakrah_891,عنوان ورابط رسالة عامة فقط؛ لم يُحمّل الملف.,,False,,,https://t.me/Lawy2r/891,كتاب,,قناة المحامي محمّد الشكرة (@Lawy2r),المحامي محمّد الشكرة,891,دعاوى الخدمات الطبية,2022
,القضاء والإثبات,1,1.8 MB,PDF,mohammed_alshakrah_934,عنوان ورابط رسالة عامة فقط؛ لم يُحمّل الملف.,,False,,,https://t.me/Lawy2r/934,شرح,,قناة المحامي محمّد الشكرة (@Lawy2r),المحامي محمّد الشكرة,934,تلخيص نظام التكاليف القضائية,2022
,التحكيم والوساطة,1,4.0 MB,PDF,mohammed_alshakrah_1236,عنوان ورابط رسالة عامة فقط؛ لم يُحمّل الملف.,,False,,,https://t.me/Lawy2r/1236,نظام,,قناة المحامي محمّد الشكرة (@Lawy2r),المحامي محمّد الشكرة,1236,نظام التحكيم السعودي ملتقى تفقه القانوني,2022
,المحاماة والمرافعات,1,352.9 KB,PDF,mohammed_alshakrah_1391,عنوان ورابط رسالة عامة فقط؛ لم يُحمّل الملف.,,False,,,https://t.me/Lawy2r/1391,كتاب,,قناة المحامي محمّد الشكرة (@Lawy2r),المحامي محمّد الشكرة,1391,الدعاوى التي يجب رفعها والترافع فيها من محامٍ والتي لا يجب,2022
,القضاء والإثبات,1,345.4 KB,PDF,mohammed_alshakrah_2069,عنوان ورابط رسالة عامة فقط؛ لم يُحمّل الملف.,,False,,,https://t.me/Lawy2r/2069,كتاب,,قناة المحامي محمّد الشكرة (@Lawy2r),المحامي محمّد الشكرة,2069,اختبار النيابة النفسي,2022
,القضاء والإثبات,1,19.8 MB,PDF,mohammed_alshakrah_2072,عنوان ورابط رسالة عامة فقط؛ لم يُحمّل الملف.,,False,,,https://t.me/Lawy2r/2072,كتاب,,قناة المحامي محمّد الشكرة (@Lawy2r),المحامي محمّد الشكرة,2072,فقه الجنايات والديات كاملاً,2022
,الأنظمة والتشريعات,1,343.8 KB,PDF,mohammed_alshakrah_2073,عنوان ورابط رسالة عامة فقط؛ لم يُحمّل الملف.,,False,,,https://t.me/Lawy2r/2073,شرح,,قناة المحامي محمّد الشكرة (@Lawy2r),المحامي محمّد الشكرة,2073,تلخيص فقه الحدود,2022
,القضاء والإثبات,1,5.3 MB,PDF,mohammed_alshakrah_2103,عنوان ورابط رسالة عامة فقط؛ لم يُحمّل الملف.,,False,,,https://t.me/Lawy2r/2103,كتاب,,قناة المحامي محمّد الشكرة (@Lawy2r),المحامي محمّد الشكرة,2103,شهادات حضور لقاء قضاء ديوان المظالم,2022
,الأنظمة والتشريعات,1,2.0 MB,PDF,mohammed_alshakrah_2407,عنوان ورابط رسالة عامة فقط؛ لم يُحمّل الملف.,,False,,,https://t.me/Lawy2r/2407,نظام,,قناة المحامي محمّد الشكرة (@Lawy2r),المحامي محمّد الشكرة,2407,مراجعة القانون التجاري,2022
,الأنظمة والتشريعات,1,1.5 MB,PDF,mohammed_alshakrah_2409,عنوان ورابط رسالة عامة فقط؛ لم يُحمّل الملف.,,False,,,https://t.me/Lawy2r/2409,نظام,,قناة المحامي محمّد الشكرة (@Lawy2r),المحامي محمّد الشكرة,2409,الوجيز في أصول علم القانون,2022
,الأنظمة والتشريعات,1,451.1 KB,PDF,mohammed_alshakrah_2414,عنوان ورابط رسالة عامة فقط؛ لم يُحمّل الملف.,,False,,,https://t.me/Lawy2r/2414,نظام,,قناة المحامي محمّد الشكرة (@Lawy2r),المحامي محمّد الشكرة,2414,النظام الجنائي الاسلامي,2022
,القضاء والإثبات,1,161.0 KB,PDF,mohammed_alshakrah_2415,عنوان ورابط رسالة عامة فقط؛ لم يُحمّل الملف.,,False,,,https://t.me/Lawy2r/2415,كتاب,,قناة المحامي محمّد الشكرة (@Lawy2r),المحامي محمّد الشكرة,2415,المؤسسات العدلية والقضائية,2022
,الأنظمة والتشريعات,1,341.2 KB,PDF,mohammed_alshakrah_2492,عنوان ورابط رسالة عامة فقط؛ لم يُحمّل الملف.,,False,,,https://t.me/Lawy2r/2492,نظام,,قناة المحامي محمّد الشكرة (@Lawy2r),المحامي محمّد الشكرة,2492,نظام الشركات الجديد ماهر السبيعي,2022
,الأنظمة والتشريعات,1,10.6 MB,PDF,mohammed_alshakrah_2702,عنوان ورابط رسالة عامة فقط؛ لم يُحمّل الملف.,,False,,,https://t.me/Lawy2r/2702,كتاب,,قناة المحامي محمّد الشكرة (@Lawy2r),المحامي محمّد الشكرة,2702,الاموال ونظرية العقد في الفقه الاسلامي,2022
,القضاء والإثبات,1,345.4 KB,PDF,mohammed_alshakrah_3138,عنوان ورابط رسالة عامة فقط؛ لم يُحمّل الملف.,,False,,,https://t.me/Lawy2r/3138,كتاب,,قناة المحامي محمّد الشكرة (@Lawy2r),المحامي محمّد الشكرة,3138,نموذج اختبار النيابة النفسي,2023
,القضاء والإثبات,1,327.9 KB,PDF,mohammed_alshakrah_3139,عنوان ورابط رسالة عامة فقط؛ لم يُحمّل الملف.,,False,,,https://t.me/Lawy2r/3139,كتاب,,قناة المحامي محمّد الشكرة (@Lawy2r),المحامي محمّد الشكرة,3139,فوائد في الجنايات والديات والحدود,2023
,القضاء والإثبات,1,337.0 KB,PDF,mohammed_alshakrah_3140,عنوان ورابط رسالة عامة فقط؛ لم يُحمّل الملف.,,False,,,https://t.me/Lawy2r/3140,كتاب,,قناة المحامي محمّد الشكرة (@Lawy2r),المحامي محمّد الشكرة,3140,اسئلة عامة لاختبار النيابة العامة1,2023
,الأنظمة والتشريعات,1,414.6 KB,PDF,mohammed_alshakrah_3172,عنوان ورابط رسالة عامة فقط؛ لم يُحمّل الملف.,,False,,,https://t.me/Lawy2r/3172,نظام,,قناة المحامي محمّد الشكرة (@Lawy2r),المحامي محمّد الشكرة,3172,محاضرات قانون الاجراءات الجزائية,2023
,القضاء والإثبات,1,259.0 KB,PDF,mohammed_alshakrah_3175,عنوان ورابط رسالة عامة فقط؛ لم يُحمّل الملف.,,False,,,https://t.me/Lawy2r/3175,كتاب,,قناة المحامي محمّد الشكرة (@Lawy2r),المحامي محمّد الشكرة,3175,أوجه الاختلاف والاتفاق حول صلاحية عضو النيابة وقاضي التحقيق,2023
,القضاء والإثبات,1,2.0 MB,PDF,mohammed_alshakrah_3187,عنوان ورابط رسالة عامة فقط؛ لم يُحمّل الملف.,,False,,,https://t.me/Lawy2r/3187,كتاب,,قناة المحامي محمّد الشكرة (@Lawy2r),المحامي محمّد الشكرة,3187,تجميع أسئلة مقابلة النيابة العامة مع الحل,2023
,المحاماة والمرافعات,1,336.4 KB,PDF,mohammed_alshakrah_3480,عنوان ورابط رسالة عامة فقط؛ لم يُحمّل الملف.,,False,,,https://t.me/Lawy2r/3480,كتاب,,قناة المحامي محمّد الشكرة (@Lawy2r),المحامي محمّد الشكرة,3480,طُرق الاعتراض على الأحكام المحامي فايز صالح العنزي سبتية الحقوق2,2023
,القضاء والإثبات,1,6.9 MB,PDF,abdulaziz_almutawa_21,عنوان ورابط رسالة عامة فقط؛ لم يُحمّل الملف.,,False,,,https://t.me/azizlawyer/21,نظام,,قناة ثقافة قانونية — المحامي عبدالعزيز المطوع (@azizlawyer),المحامي عبدالعزيز المطوع,21,اللائحة التنفيذية لنظام التكاليف القضائيه ١٤ ٩ ١٤٤٣ه,2022
,الأنظمة والتشريعات,1,30.6 MB,PDF,abdulaziz_almutawa_26,عنوان ورابط رسالة عامة فقط؛ لم يُحمّل الملف.,,False,,,https://t.me/azizlawyer/26,نظام,,قناة ثقافة قانونية — المحامي عبدالعزيز المطوع (@azizlawyer),المحامي عبدالعزيز المطوع,26,نظام الضباط واللائحة,2022
,التحكيم والوساطة,1,782.0 KB,PDF,abdulaziz_almutawa_30,عنوان ورابط رسالة عامة فقط؛ لم يُحمّل الملف.,,False,,,https://t.me/azizlawyer/30,نظام,,قناة ثقافة قانونية — المحامي عبدالعزيز المطوع (@azizlawyer),المحامي عبدالعزيز المطوع,30,Procedural Rules of SSAC,2022
,الأنظمة والتشريعات,1,217.6 KB,PDF,abdulaziz_almutawa_31,عنوان ورابط رسالة عامة فقط؛ لم يُحمّل الملف.,,False,,,https://t.me/azizlawyer/31,نظام,,قناة ثقافة قانونية — المحامي عبدالعزيز المطوع (@azizlawyer),المحامي عبدالعزيز المطوع,31,تعديل نظام المرور مواد تتعلق بالمخالفات المرورية١٤٤٣,2022
,القضاء والإثبات,1,486.1 KB,PDF,abdulaziz_almutawa_32,عنوان ورابط رسالة عامة فقط؛ لم يُحمّل الملف.,,False,,,https://t.me/azizlawyer/32,نظام,,قناة ثقافة قانونية — المحامي عبدالعزيز المطوع (@azizlawyer),المحامي عبدالعزيز المطوع,32,مشروع القواعد الخاصة بتنظيم شؤون الخبرة أمام المحاكم,2022
,القضاء والإثبات,1,536.9 KB,PDF,abdulaziz_almutawa_64,عنوان ورابط رسالة عامة فقط؛ لم يُحمّل الملف.,,False,,,https://t.me/azizlawyer/64,كتاب,,قناة ثقافة قانونية — المحامي عبدالعزيز المطوع (@azizlawyer),المحامي عبدالعزيز المطوع,64,خضوع رجال الضبط الجنائي للنيابة العامة,2022
,القضاء والإثبات,1,11.5 MB,PDF,abdulaziz_almutawa_67,عنوان ورابط رسالة عامة فقط؛ لم يُحمّل الملف.,,False,,,https://t.me/azizlawyer/67,نظام,,قناة ثقافة قانونية — المحامي عبدالعزيز المطوع (@azizlawyer),المحامي عبدالعزيز المطوع,67,القواعد التنفيذية للائحة الجزاءات,2022
,الأحوال الشخصية والتركات,1,10.0 MB,PDF,abdulaziz_almutawa_68,عنوان ورابط رسالة عامة فقط؛ لم يُحمّل الملف.,,False,,,https://t.me/azizlawyer/68,كتاب,,قناة ثقافة قانونية — المحامي عبدالعزيز المطوع (@azizlawyer),المحامي عبدالعزيز المطوع,68,جدول المخالفات والجزاءات البلدية النسخة الأخيرة,2022
,الأنظمة والتشريعات,1,2.8 MB,PDF,abdulaziz_almutawa_69,عنوان ورابط رسالة عامة فقط؛ لم يُحمّل الملف.,,False,,,https://t.me/azizlawyer/69,نظام,,قناة ثقافة قانونية — المحامي عبدالعزيز المطوع (@azizlawyer),المحامي عبدالعزيز المطوع,69,نظام البريد ١٤٤٣,2022
,الأنظمة والتشريعات,1,189.1 KB,PDF,abdulaziz_almutawa_73,عنوان ورابط رسالة عامة فقط؛ لم يُحمّل الملف.,,False,,,https://t.me/azizlawyer/73,نظام,,قناة ثقافة قانونية — المحامي عبدالعزيز المطوع (@azizlawyer),المحامي عبدالعزيز المطوع,73,تعليمات بشأن مكافحة ظاهرة التستر حيال شاحنات النقل على الطرق,2022
,الأحوال الشخصية والتركات,1,58.2 KB,PDF,abdulaziz_almutawa_75,عنوان ورابط رسالة عامة فقط؛ لم يُحمّل الملف.,,False,,,https://t.me/azizlawyer/75,نظام,,قناة ثقافة قانونية — المحامي عبدالعزيز المطوع (@azizlawyer),المحامي عبدالعزيز المطوع,75,قرار حق التوكيل لناظر الوقف,2022
,المحاماة والمرافعات,1,5.7 MB,PDF,abdulaziz_almutawa_80,عنوان ورابط رسالة عامة فقط؛ لم يُحمّل الملف.,,False,,,https://t.me/azizlawyer/80,نظام,,قناة ثقافة قانونية — المحامي عبدالعزيز المطوع (@azizlawyer),المحامي عبدالعزيز المطوع,80,قواعد-السلوك-المهني-للمحامين-1,2022
,الأنظمة والتشريعات,1,689.2 KB,PDF,abdulaziz_almutawa_81,عنوان ورابط رسالة عامة فقط؛ لم يُحمّل الملف.,,False,,,https://t.me/azizlawyer/81,كتاب,,قناة ثقافة قانونية — المحامي عبدالعزيز المطوع (@azizlawyer),المحامي عبدالعزيز المطوع,81,اعتماد مقابل مالي لتجديد رخص السير,2022
,القضاء والإثبات,1,17.7 MB,PDF,abdulaziz_almutawa_95,عنوان ورابط رسالة عامة فقط؛ لم يُحمّل الملف.,,False,,,https://t.me/azizlawyer/95,كتاب,,قناة ثقافة قانونية — المحامي عبدالعزيز المطوع (@azizlawyer),المحامي عبدالعزيز المطوع,95,السوابق القضائية لأحكام ديوان المظالم الإدارية,2022
,القضاء والإثبات,1,577.9 KB,PDF,abdulaziz_almutawa_98,عنوان ورابط رسالة عامة فقط؛ لم يُحمّل الملف.,,False,,,https://t.me/azizlawyer/98,كتاب,,قناة ثقافة قانونية — المحامي عبدالعزيز المطوع (@azizlawyer),المحامي عبدالعزيز المطوع,98,القضاء بالشاهد الواحد من دون اليمين 1,2022
,القضاء والإثبات,1,231.7 KB,PDF,abdulaziz_almutawa_106,عنوان ورابط رسالة عامة فقط؛ لم يُحمّل الملف.,,False,,,https://t.me/azizlawyer/106,كتاب,,قناة ثقافة قانونية — المحامي عبدالعزيز المطوع (@azizlawyer),المحامي عبدالعزيز المطوع,106,قضائيات,2022
,المحاماة والمرافعات,1,335.3 KB,PDF,abdulaziz_almutawa_111,عنوان ورابط رسالة عامة فقط؛ لم يُحمّل الملف.,,False,,,https://t.me/azizlawyer/111,كتاب,,قناة ثقافة قانونية — المحامي عبدالعزيز المطوع (@azizlawyer),المحامي عبدالعزيز المطوع,111,تسبيب الدعوى الكيدية,2022
,الأنظمة والتشريعات,1,896.5 KB,PDF,abdulaziz_almutawa_148,عنوان ورابط رسالة عامة فقط؛ لم يُحمّل الملف.,,False,,,https://t.me/azizlawyer/148,كتاب,,قناة ثقافة قانونية — المحامي عبدالعزيز المطوع (@azizlawyer),المحامي عبدالعزيز المطوع,148,تصحيح العقود الفاسدة,2022
,الأنظمة والتشريعات,1,892.3 KB,PDF,abdulaziz_almutawa_149,عنوان ورابط رسالة عامة فقط؛ لم يُحمّل الملف.,,False,,,https://t.me/azizlawyer/149,كتاب,,قناة ثقافة قانونية — المحامي عبدالعزيز المطوع (@azizlawyer),المحامي عبدالعزيز المطوع,149,200 قضية تجارية حكم فيها بعدم الاختصاص,2022
,الأنظمة والتشريعات,1,2.2 MB,PDF,abdulaziz_almutawa_155,عنوان ورابط رسالة عامة فقط؛ لم يُحمّل الملف.,,False,,,https://t.me/azizlawyer/155,كتاب,,قناة ثقافة قانونية — المحامي عبدالعزيز المطوع (@azizlawyer),المحامي عبدالعزيز المطوع,155,الجامع المختصر في التركات في الشركات,2022
,القضاء والإثبات,1,8.2 MB,PDF,abdulaziz_almutawa_158,عنوان ورابط رسالة عامة فقط؛ لم يُحمّل الملف.,,False,,,https://t.me/azizlawyer/158,كتاب,,قناة ثقافة قانونية — المحامي عبدالعزيز المطوع (@azizlawyer),المحامي عبدالعزيز المطوع,158,تطبيقات قضائية بيع العين المؤجرة,2022
,الأنظمة والتشريعات,1,397.9 KB,PDF,abdulaziz_almutawa_171,عنوان ورابط رسالة عامة فقط؛ لم يُحمّل الملف.,,False,,,https://t.me/azizlawyer/171,نظام,,قناة ثقافة قانونية — المحامي عبدالعزيز المطوع (@azizlawyer),المحامي عبدالعزيز المطوع,171,لائحة المعلومات والوثائق,2022
,الأنظمة والتشريعات,1,291.3 KB,PDF,abdulaziz_almutawa_172,عنوان ورابط رسالة عامة فقط؛ لم يُحمّل الملف.,,False,,,https://t.me/azizlawyer/172,نظام,,قناة ثقافة قانونية — المحامي عبدالعزيز المطوع (@azizlawyer),المحامي عبدالعزيز المطوع,172,قواعد حفظ وإدارة سجل الإفلاس,2022
,الأنظمة والتشريعات,1,3.1 MB,PDF,abdulaziz_almutawa_174,عنوان ورابط رسالة عامة فقط؛ لم يُحمّل الملف.,,False,,,https://t.me/azizlawyer/174,نظام,,قناة ثقافة قانونية — المحامي عبدالعزيز المطوع (@azizlawyer),المحامي عبدالعزيز المطوع,174,قواعد ترخيص الأمناء والخبراء,2022
,الأنظمة والتشريعات,1,1.7 MB,PDF,abdulaziz_almutawa_177,عنوان ورابط رسالة عامة فقط؛ لم يُحمّل الملف.,,False,,,https://t.me/azizlawyer/177,نظام,,قناة ثقافة قانونية — المحامي عبدالعزيز المطوع (@azizlawyer),المحامي عبدالعزيز المطوع,177,القواعد والفوائد في منازعات الشركاء,2022
,القضاء والإثبات,1,274.6 KB,PDF,abdulaziz_almutawa_200,عنوان ورابط رسالة عامة فقط؛ لم يُحمّل الملف.,,False,,,https://t.me/azizlawyer/200,نظام,,قناة ثقافة قانونية — المحامي عبدالعزيز المطوع (@azizlawyer),المحامي عبدالعزيز المطوع,200,الخلاصة من القواعد الفقهية القضائية,2022
,القضاء والإثبات,1,3.3 MB,PDF,abdulaziz_almutawa_202,عنوان ورابط رسالة عامة فقط؛ لم يُحمّل الملف.,,False,,,https://t.me/azizlawyer/202,كتاب,,قناة ثقافة قانونية — المحامي عبدالعزيز المطوع (@azizlawyer),المحامي عبدالعزيز المطوع,202,الأعمال القضائية في المحاكم الجزائية 1443,2022
,الأنظمة والتشريعات,1,1.5 MB,PDF,abdulaziz_almutawa_210,عنوان ورابط رسالة عامة فقط؛ لم يُحمّل الملف.,,False,,,https://t.me/azizlawyer/210,كتاب,,قناة ثقافة قانونية — المحامي عبدالعزيز المطوع (@azizlawyer),المحامي عبدالعزيز المطوع,210,سؤال وجواب للموثقين والمتعاملين بالتوثيق,2022
,الأنظمة والتشريعات,1,1.1 MB,PDF,abdulaziz_almutawa_225,عنوان ورابط رسالة عامة فقط؛ لم يُحمّل الملف.,,False,,,https://t.me/azizlawyer/225,نظام,,قناة ثقافة قانونية — المحامي عبدالعزيز المطوع (@azizlawyer),المحامي عبدالعزيز المطوع,225,تعميم تعليمات تعامل جهات التمويل مع السند لأمر,2022
,المحاماة والمرافعات,1,3.9 MB,PDF,abdulaziz_almutawa_230,عنوان ورابط رسالة عامة فقط؛ لم يُحمّل الملف.,,False,,,https://t.me/azizlawyer/230,كتاب,,قناة ثقافة قانونية — المحامي عبدالعزيز المطوع (@azizlawyer),المحامي عبدالعزيز المطوع,230,الدعاوى العمالية 2,2022
,القضاء والإثبات,1,6.9 MB,PDF,abdulaziz_almutawa_231,عنوان ورابط رسالة عامة فقط؛ لم يُحمّل الملف.,,False,,,https://t.me/azizlawyer/231,نظام,,قناة ثقافة قانونية — المحامي عبدالعزيز المطوع (@azizlawyer),المحامي عبدالعزيز المطوع,231,اللائحة التنفيذية للتكاليف القضائية,2022
,الأنظمة والتشريعات,1,2.9 MB,PDF,abdulaziz_almutawa_238,عنوان ورابط رسالة عامة فقط؛ لم يُحمّل الملف.,,False,,,https://t.me/azizlawyer/238,دليل,,قناة ثقافة قانونية — المحامي عبدالعزيز المطوع (@azizlawyer),المحامي عبدالعزيز المطوع,238,دليل المستخدم لنظام انصاف الإلكتروني,2022
,الأنظمة والتشريعات,1,2.9 MB,PDF,abdulaziz_almutawa_239,عنوان ورابط رسالة عامة فقط؛ لم يُحمّل الملف.,,False,,,https://t.me/azizlawyer/239,نظام,,قناة ثقافة قانونية — المحامي عبدالعزيز المطوع (@azizlawyer),المحامي عبدالعزيز المطوع,239,لائحة التظلم الإداري وزارة الدفاع 1442ه 1,2022
,المحاماة والمرافعات,1,5.4 MB,PDF,abdulaziz_almutawa_247,عنوان ورابط رسالة عامة فقط؛ لم يُحمّل الملف.,,False,,,https://t.me/azizlawyer/247,كتاب,,قناة ثقافة قانونية — المحامي عبدالعزيز المطوع (@azizlawyer),المحامي عبدالعزيز المطوع,247,أسس ومهارات للمحامي المبتدئ,2022
,الأنظمة والتشريعات,1,7.0 MB,PDF,abdulaziz_almutawa_251,عنوان ورابط رسالة عامة فقط؛ لم يُحمّل الملف.,,False,,,https://t.me/azizlawyer/251,كتاب,,قناة ثقافة قانونية — المحامي عبدالعزيز المطوع (@azizlawyer),المحامي عبدالعزيز المطوع,251,نظرية العقد في الفقه الإسلامي,2022
,القضاء والإثبات,1,1.1 MB,PDF,abdulaziz_almutawa_268,عنوان ورابط رسالة عامة فقط؛ لم يُحمّل الملف.,,False,,,https://t.me/azizlawyer/268,كتاب,,قناة ثقافة قانونية — المحامي عبدالعزيز المطوع (@azizlawyer),المحامي عبدالعزيز المطوع,268,الإثبات مختصر تسبيب الأحكام القضائية,2022
,الأنظمة والتشريعات,1,4.5 MB,PDF,abdulaziz_almutawa_276,عنوان ورابط رسالة عامة فقط؛ لم يُحمّل الملف.,,False,,,https://t.me/azizlawyer/276,نظام,,قناة ثقافة قانونية — المحامي عبدالعزيز المطوع (@azizlawyer),المحامي عبدالعزيز المطوع,276,القواعد القانونية لأعمال رجال الأمن,2022
,القضاء والإثبات,1,467.6 KB,PDF,abdulaziz_almutawa_281,عنوان ورابط رسالة عامة فقط؛ لم يُحمّل الملف.,,False,,,https://t.me/azizlawyer/281,كتاب,,قناة ثقافة قانونية — المحامي عبدالعزيز المطوع (@azizlawyer),المحامي عبدالعزيز المطوع,281,ضوابط التبليغ القضائي عبر الوسائل الإلكترونية,2022
,الأنظمة والتشريعات,1,1.4 MB,PDF,abdulaziz_almutawa_286,عنوان ورابط رسالة عامة فقط؛ لم يُحمّل الملف.,,False,,,https://t.me/azizlawyer/286,نظام,,قناة ثقافة قانونية — المحامي عبدالعزيز المطوع (@azizlawyer),المحامي عبدالعزيز المطوع,286,اللائحة اللائحة التنظيمية لمكافحة الإرهاب وتمويله,2022
,القضاء والإثبات,1,1.6 MB,PDF,abdulaziz_almutawa_287,عنوان ورابط رسالة عامة فقط؛ لم يُحمّل الملف.,,False,,,https://t.me/azizlawyer/287,نظام,,قناة ثقافة قانونية — المحامي عبدالعزيز المطوع (@azizlawyer),المحامي عبدالعزيز المطوع,287,اللائحة التنفيذية لنظام نزع ملكية العقارات للمنفعة العامة ووضع,2022
,الأنظمة والتشريعات,1,306.6 KB,PDF,abdulaziz_almutawa_295,عنوان ورابط رسالة عامة فقط؛ لم يُحمّل الملف.,,False,,,https://t.me/azizlawyer/295,نظام,,قناة ثقافة قانونية — المحامي عبدالعزيز المطوع (@azizlawyer),المحامي عبدالعزيز المطوع,295,لائحة المعلومات والوثائق المنصوص عليها في نظام الإفلاس ولائحته,2022
,القضاء والإثبات,1,4.6 MB,PDF,abdulaziz_almutawa_298,عنوان ورابط رسالة عامة فقط؛ لم يُحمّل الملف.,,False,,,https://t.me/azizlawyer/298,نظام,,قناة ثقافة قانونية — المحامي عبدالعزيز المطوع (@azizlawyer),المحامي عبدالعزيز المطوع,298,قرارات تفعيل المحاكم المتخصصة والاستئناف والعليا,2022
,القضاء والإثبات,1,207.3 KB,PDF,abdulaziz_almutawa_300,عنوان ورابط رسالة عامة فقط؛ لم يُحمّل الملف.,,False,,,https://t.me/azizlawyer/300,نظام,,قناة ثقافة قانونية — المحامي عبدالعزيز المطوع (@azizlawyer),المحامي عبدالعزيز المطوع,300,تعديل على آلية العمل التنفيذية لنظام القضاء,2022
,القضاء والإثبات,1,215.1 KB,PDF,abdulaziz_almutawa_304,عنوان ورابط رسالة عامة فقط؛ لم يُحمّل الملف.,,False,,,https://t.me/azizlawyer/304,نظام,,قناة ثقافة قانونية — المحامي عبدالعزيز المطوع (@azizlawyer),المحامي عبدالعزيز المطوع,304,لائحة الوثائق القضائية,2022
,المحاماة والمرافعات,1,161.7 KB,PDF,abdulaziz_almutawa_305,عنوان ورابط رسالة عامة فقط؛ لم يُحمّل الملف.,,False,,,https://t.me/azizlawyer/305,نظام,,قناة ثقافة قانونية — المحامي عبدالعزيز المطوع (@azizlawyer),المحامي عبدالعزيز المطوع,305,لائحة الاستعانة بمحامي على نفقة الدولة,2022
,الأنظمة والتشريعات,1,3.2 MB,PDF,abdulaziz_almutawa_308,عنوان ورابط رسالة عامة فقط؛ لم يُحمّل الملف.,,False,,,https://t.me/azizlawyer/308,نظام,,قناة ثقافة قانونية — المحامي عبدالعزيز المطوع (@azizlawyer),المحامي عبدالعزيز المطوع,308,نظام القانون الموحد لمكافحة جرائم تقنية المعلومات لدول مجلس التعاون,2022
,الأنظمة والتشريعات,1,1.6 MB,PDF,abdulaziz_almutawa_310,عنوان ورابط رسالة عامة فقط؛ لم يُحمّل الملف.,,False,,,https://t.me/azizlawyer/310,نظام,,قناة ثقافة قانونية — المحامي عبدالعزيز المطوع (@azizlawyer),المحامي عبدالعزيز المطوع,310,نظام نزع ملكية العقارات للمنفعة العامة ووضع اليد,2022
,الأنظمة والتشريعات,1,523.5 KB,PDF,abdulaziz_almutawa_312,عنوان ورابط رسالة عامة فقط؛ لم يُحمّل الملف.,,False,,,https://t.me/azizlawyer/312,كتاب,,قناة ثقافة قانونية — المحامي عبدالعزيز المطوع (@azizlawyer),المحامي عبدالعزيز المطوع,312,تنظيم تملك مواطني دول المجلس للعقار,2022
,القضاء والإثبات,1,331.0 KB,PDF,abdulaziz_almutawa_314,عنوان ورابط رسالة عامة فقط؛ لم يُحمّل الملف.,,False,,,https://t.me/azizlawyer/314,نظام,,قناة ثقافة قانونية — المحامي عبدالعزيز المطوع (@azizlawyer),المحامي عبدالعزيز المطوع,314,اللائحة التنفيذية لنظام ملكية الوحدات العقارية وفرزها,2022
,الأحوال الشخصية والتركات,1,773.4 KB,PDF,abdulaziz_almutawa_318,عنوان ورابط رسالة عامة فقط؛ لم يُحمّل الملف.,,False,,,https://t.me/azizlawyer/318,نظام,,قناة ثقافة قانونية — المحامي عبدالعزيز المطوع (@azizlawyer),المحامي عبدالعزيز المطوع,318,لائحةزواج السعودي بغير سعودية والسعودية بغير سعودي,2022
,الأنظمة والتشريعات,1,531.9 KB,PDF,abdulaziz_almutawa_319,عنوان ورابط رسالة عامة فقط؛ لم يُحمّل الملف.,,False,,,https://t.me/azizlawyer/319,نظام,,قناة ثقافة قانونية — المحامي عبدالعزيز المطوع (@azizlawyer),المحامي عبدالعزيز المطوع,319,قواعد العمل في مكاتب المصالحة واجراءاته,2022
,الأنظمة والتشريعات,1,172.2 KB,PDF,abdulaziz_almutawa_320,عنوان ورابط رسالة عامة فقط؛ لم يُحمّل الملف.,,False,,,https://t.me/azizlawyer/320,كتاب,,قناة ثقافة قانونية — المحامي عبدالعزيز المطوع (@azizlawyer),المحامي عبدالعزيز المطوع,320,تنظيم مركز المصالحة,2022
,المحاماة والمرافعات,1,3.9 MB,PDF,abdulaziz_almutawa_323,عنوان ورابط رسالة عامة فقط؛ لم يُحمّل الملف.,,False,,,https://t.me/azizlawyer/323,كتاب,,قناة ثقافة قانونية — المحامي عبدالعزيز المطوع (@azizlawyer),المحامي عبدالعزيز المطوع,323,تنظيم الهيئة السعودية للمحاميين,2022
,المحاماة والمرافعات,1,38.8 KB,PDF,abdulaziz_almutawa_324,عنوان ورابط رسالة عامة فقط؛ لم يُحمّل الملف.,,False,,,https://t.me/azizlawyer/324,كتاب,,قناة ثقافة قانونية — المحامي عبدالعزيز المطوع (@azizlawyer),المحامي عبدالعزيز المطوع,324,تحديد إجراءات سماع دعوى رد الاعتبار,2022
,القضاء والإثبات,1,242.3 KB,PDF,abdulaziz_almutawa_325,عنوان ورابط رسالة عامة فقط؛ لم يُحمّل الملف.,,False,,,https://t.me/azizlawyer/325,نظام,,قناة ثقافة قانونية — المحامي عبدالعزيز المطوع (@azizlawyer),المحامي عبدالعزيز المطوع,325,لائحة مقدمي خدمات التنفيذ,2022
,القضاء والإثبات,1,292.1 KB,PDF,abdulaziz_almutawa_337,عنوان ورابط رسالة عامة فقط؛ لم يُحمّل الملف.,,False,,,https://t.me/azizlawyer/337,كتاب,,قناة ثقافة قانونية — المحامي عبدالعزيز المطوع (@azizlawyer),المحامي عبدالعزيز المطوع,337,الفصل السابع عشر إيقاع العقوبات والنظر في المخالفات,2022
,القضاء والإثبات,1,340.1 KB,PDF,abdulaziz_almutawa_338,عنوان ورابط رسالة عامة فقط؛ لم يُحمّل الملف.,,False,,,https://t.me/azizlawyer/338,كتاب,,قناة ثقافة قانونية — المحامي عبدالعزيز المطوع (@azizlawyer),المحامي عبدالعزيز المطوع,338,الفصل السادس عشر التهرب الضريبي والعقوبات,2022
,القضاء والإثبات,1,250.3 KB,PDF,abdulaziz_almutawa_340,عنوان ورابط رسالة عامة فقط؛ لم يُحمّل الملف.,,False,,,https://t.me/azizlawyer/340,كتاب,,قناة ثقافة قانونية — المحامي عبدالعزيز المطوع (@azizlawyer),المحامي عبدالعزيز المطوع,340,الفصل الخامس عشر التفتيش والضبط,2022
,الأنظمة والتشريعات,1,240.4 KB,PDF,abdulaziz_almutawa_352,عنوان ورابط رسالة عامة فقط؛ لم يُحمّل الملف.,,False,,,https://t.me/azizlawyer/352,نظام,,قناة ثقافة قانونية — المحامي عبدالعزيز المطوع (@azizlawyer),المحامي عبدالعزيز المطوع,352,الفصل التاسع قواعد الضرائب على شركات الأموال,2022
,الأنظمة والتشريعات,1,316.6 KB,PDF,abdulaziz_almutawa_355,عنوان ورابط رسالة عامة فقط؛ لم يُحمّل الملف.,,False,,,https://t.me/azizlawyer/355,نظام,,قناة ثقافة قانونية — المحامي عبدالعزيز المطوع (@azizlawyer),المحامي عبدالعزيز المطوع,355,الفصل الثامن قواعد الضرائب على شركات الأشخاص,2022
,القضاء والإثبات,1,280.5 KB,PDF,abdulaziz_almutawa_356,عنوان ورابط رسالة عامة فقط؛ لم يُحمّل الملف.,,False,,,https://t.me/azizlawyer/356,كتاب,,قناة ثقافة قانونية — المحامي عبدالعزيز المطوع (@azizlawyer),المحامي عبدالعزيز المطوع,356,الفصل الثامن إيقاع العقوبات والنظر في المنازعات,2022
,القضاء والإثبات,1,500.1 KB,PDF,abdulaziz_almutawa_360,عنوان ورابط رسالة عامة فقط؛ لم يُحمّل الملف.,,False,,,https://t.me/azizlawyer/360,كتاب,,قناة ثقافة قانونية — المحامي عبدالعزيز المطوع (@azizlawyer),المحامي عبدالعزيز المطوع,360,الفصل السابع التهرب الضريبي والعقوبات,2022
,القضاء والإثبات,1,277.4 KB,PDF,abdulaziz_almutawa_364,عنوان ورابط رسالة عامة فقط؛ لم يُحمّل الملف.,,False,,,https://t.me/azizlawyer/364,كتاب,,قناة ثقافة قانونية — المحامي عبدالعزيز المطوع (@azizlawyer),المحامي عبدالعزيز المطوع,364,الفصل السادس التفتيش والضبط,2022
,الأنظمة والتشريعات,1,359.1 KB,PDF,abdulaziz_almutawa_375,عنوان ورابط رسالة عامة فقط؛ لم يُحمّل الملف.,,False,,,https://t.me/azizlawyer/375,كتاب,,قناة ثقافة قانونية — المحامي عبدالعزيز المطوع (@azizlawyer),المحامي عبدالعزيز المطوع,375,الفصل الثالث أحكام الترخيص للمستودع الضريبي,2022
,الأنظمة والتشريعات,1,274.1 KB,PDF,abdulaziz_almutawa_381,عنوان ورابط رسالة عامة فقط؛ لم يُحمّل الملف.,,False,,,https://t.me/azizlawyer/381,دليل,,قناة ثقافة قانونية — المحامي عبدالعزيز المطوع (@azizlawyer),المحامي عبدالعزيز المطوع,381,الدليل إلى نظام ضريبة القيمة المضافة,2022
,الأنظمة والتشريعات,1,221.5 KB,PDF,abdulaziz_almutawa_382,عنوان ورابط رسالة عامة فقط؛ لم يُحمّل الملف.,,False,,,https://t.me/azizlawyer/382,دليل,,قناة ثقافة قانونية — المحامي عبدالعزيز المطوع (@azizlawyer),المحامي عبدالعزيز المطوع,382,الدليل إلى نظام ضريبة الدخل,2022
,الأنظمة والتشريعات,1,313.0 KB,PDF,abdulaziz_almutawa_383,عنوان ورابط رسالة عامة فقط؛ لم يُحمّل الملف.,,False,,,https://t.me/azizlawyer/383,دليل,,قناة ثقافة قانونية — المحامي عبدالعزيز المطوع (@azizlawyer),المحامي عبدالعزيز المطوع,383,الدليل إلى نظام الضريبة الانتقائية,2022
,المحاماة والمرافعات,1,794.0 KB,PDF,abdulaziz_almutawa_388,عنوان ورابط رسالة عامة فقط؛ لم يُحمّل الملف.,,False,,,https://t.me/azizlawyer/388,كتاب,,قناة ثقافة قانونية — المحامي عبدالعزيز المطوع (@azizlawyer),المحامي عبدالعزيز المطوع,388,مدد اجراءات المرافعات امام غرفة فض المنازعات,2022
,الأنظمة والتشريعات,1,24.7 MB,PDF,abdulaziz_almutawa_389,عنوان ورابط رسالة عامة فقط؛ لم يُحمّل الملف.,,False,,,https://t.me/azizlawyer/389,نظام,,قناة ثقافة قانونية — المحامي عبدالعزيز المطوع (@azizlawyer),المحامي عبدالعزيز المطوع,389,قانون كرة القدم 2022,2022
,الأنظمة والتشريعات,1,10.0 MB,PDF,abdulaziz_almutawa_390,عنوان ورابط رسالة عامة فقط؛ لم يُحمّل الملف.,,False,,,https://t.me/azizlawyer/390,نظام,,قناة ثقافة قانونية — المحامي عبدالعزيز المطوع (@azizlawyer),المحامي عبدالعزيز المطوع,390,اللائحة التسويقية والتجارية لكاس خادم الحرمين الشريفين 2022,2022
,الأنظمة والتشريعات,1,1.5 MB,PDF,abdulaziz_almutawa_391,عنوان ورابط رسالة عامة فقط؛ لم يُحمّل الملف.,,False,,,https://t.me/azizlawyer/391,نظام,,قناة ثقافة قانونية — المحامي عبدالعزيز المطوع (@azizlawyer),المحامي عبدالعزيز المطوع,391,لائحة التسجيل بالاتحاد السعودي لكرة القدم 2021,2022
,الأنظمة والتشريعات,1,842.9 KB,PDF,abdulaziz_almutawa_392,عنوان ورابط رسالة عامة فقط؛ لم يُحمّل الملف.,,False,,,https://t.me/azizlawyer/392,نظام,,قناة ثقافة قانونية — المحامي عبدالعزيز المطوع (@azizlawyer),المحامي عبدالعزيز المطوع,392,لائحة العمل مع الوسطاء الاتحاد السعودي لكرة القدم,2022
,الأنظمة والتشريعات,1,726.1 KB,PDF,abdulaziz_almutawa_393,عنوان ورابط رسالة عامة فقط؛ لم يُحمّل الملف.,,False,,,https://t.me/azizlawyer/393,نظام,,قناة ثقافة قانونية — المحامي عبدالعزيز المطوع (@azizlawyer),المحامي عبدالعزيز المطوع,393,اللائحة التنظيمية لمسابقة دوري الدرجة الأولى,2022
,الأنظمة والتشريعات,1,891.9 KB,PDF,abdulaziz_almutawa_394,عنوان ورابط رسالة عامة فقط؛ لم يُحمّل الملف.,,False,,,https://t.me/azizlawyer/394,نظام,,قناة ثقافة قانونية — المحامي عبدالعزيز المطوع (@azizlawyer),المحامي عبدالعزيز المطوع,394,اللائحة التنظيمية لمسابقة دوري كأس الامير محمد بن سلمان للمحترفين,2022
,الأنظمة والتشريعات,1,889.9 KB,PDF,abdulaziz_almutawa_395,عنوان ورابط رسالة عامة فقط؛ لم يُحمّل الملف.,,False,,,https://t.me/azizlawyer/395,نظام,,قناة ثقافة قانونية — المحامي عبدالعزيز المطوع (@azizlawyer),المحامي عبدالعزيز المطوع,395,لائحة غرفة فض المنازعات,2022
,الأنظمة والتشريعات,1,2.2 MB,PDF,abdulaziz_almutawa_396,عنوان ورابط رسالة عامة فقط؛ لم يُحمّل الملف.,,False,,,https://t.me/azizlawyer/396,نظام,,قناة ثقافة قانونية — المحامي عبدالعزيز المطوع (@azizlawyer),المحامي عبدالعزيز المطوع,396,لائحة الانضباط والأخلاق,2022
,الأنظمة والتشريعات,1,1.3 MB,PDF,abdulaziz_almutawa_397,عنوان ورابط رسالة عامة فقط؛ لم يُحمّل الملف.,,False,,,https://t.me/azizlawyer/397,نظام,,قناة ثقافة قانونية — المحامي عبدالعزيز المطوع (@azizlawyer),المحامي عبدالعزيز المطوع,397,لائحة الاحتراف وأوضاع اللاعبين وانتقالاتهم,2022
,الأنظمة والتشريعات,1,1.0 MB,PDF,abdulaziz_almutawa_398,عنوان ورابط رسالة عامة فقط؛ لم يُحمّل الملف.,,False,,,https://t.me/azizlawyer/398,نظام,,قناة ثقافة قانونية — المحامي عبدالعزيز المطوع (@azizlawyer),المحامي عبدالعزيز المطوع,398,لائحة المسابقات والبطولات,2022
,الأنظمة والتشريعات,1,826.3 KB,PDF,abdulaziz_almutawa_399,عنوان ورابط رسالة عامة فقط؛ لم يُحمّل الملف.,,False,,,https://t.me/azizlawyer/399,نظام,,قناة ثقافة قانونية — المحامي عبدالعزيز المطوع (@azizlawyer),المحامي عبدالعزيز المطوع,399,النظام الأساسي للاتحاد السعودي لكرة القدم,2022
,الأنظمة والتشريعات,1,917.1 KB,PDF,abdulaziz_almutawa_402,عنوان ورابط رسالة عامة فقط؛ لم يُحمّل الملف.,,False,,,https://t.me/azizlawyer/402,نظام,,قناة ثقافة قانونية — المحامي عبدالعزيز المطوع (@azizlawyer),المحامي عبدالعزيز المطوع,402,تعديل تنظيم الهيئة العامة للعقار بقرار مجلس الوزراء رقم 69,2022
,الأنظمة والتشريعات,1,660.7 KB,PDF,abdulaziz_almutawa_403,عنوان ورابط رسالة عامة فقط؛ لم يُحمّل الملف.,,False,,,https://t.me/azizlawyer/403,كتاب,,قناة ثقافة قانونية — المحامي عبدالعزيز المطوع (@azizlawyer),المحامي عبدالعزيز المطوع,403,تعديل تنظيم الهيئة العامة للعقار,2022
,الأنظمة والتشريعات,1,92.2 KB,PDF,abdulaziz_almutawa_405,عنوان ورابط رسالة عامة فقط؛ لم يُحمّل الملف.,,False,,,https://t.me/azizlawyer/405,نظام,,قناة ثقافة قانونية — المحامي عبدالعزيز المطوع (@azizlawyer),المحامي عبدالعزيز المطوع,405,النظام الأساسي الاسترشادي لجمعيات الملاك,2022
,الأنظمة والتشريعات,1,89.1 KB,PDF,abdulaziz_almutawa_406,عنوان ورابط رسالة عامة فقط؛ لم يُحمّل الملف.,,False,,,https://t.me/azizlawyer/406,نظام,,قناة ثقافة قانونية — المحامي عبدالعزيز المطوع (@azizlawyer),المحامي عبدالعزيز المطوع,406,النظام الأساسي الاسترشادي لجمعيات المجمع,2022
,الأنظمة والتشريعات,1,2.8 MB,PDF,abdulaziz_almutawa_407,عنوان ورابط رسالة عامة فقط؛ لم يُحمّل الملف.,,False,,,https://t.me/azizlawyer/407,دليل,,قناة ثقافة قانونية — المحامي عبدالعزيز المطوع (@azizlawyer),المحامي عبدالعزيز المطوع,407,الدليل الفني لمواصفات ومعايير فرز وإعادة فرز العقارات والوحدات,2022
,الأنظمة والتشريعات,1,1.2 MB,PDF,abdulaziz_almutawa_409,عنوان ورابط رسالة عامة فقط؛ لم يُحمّل الملف.,,False,,,https://t.me/azizlawyer/409,كتاب,,قناة ثقافة قانونية — المحامي عبدالعزيز المطوع (@azizlawyer),المحامي عبدالعزيز المطوع,409,معايير ترخيص المنصات العقارية الإلكترونية وتصنيفها,2022
,الأنظمة والتشريعات,1,814.6 KB,PDF,abdulaziz_almutawa_410,عنوان ورابط رسالة عامة فقط؛ لم يُحمّل الملف.,,False,,,https://t.me/azizlawyer/410,كتاب,,قناة ثقافة قانونية — المحامي عبدالعزيز المطوع (@azizlawyer),المحامي عبدالعزيز المطوع,410,ضوابط الإعلانات العقارية,2022
,الأنظمة والتشريعات,1,1.0 MB,PDF,abdulaziz_almutawa_411,عنوان ورابط رسالة عامة فقط؛ لم يُحمّل الملف.,,False,,,https://t.me/azizlawyer/411,كتاب,,قناة ثقافة قانونية — المحامي عبدالعزيز المطوع (@azizlawyer),المحامي عبدالعزيز المطوع,411,ضوابط تحليل أسواق العقار,2022
,القضاء والإثبات,1,1.6 MB,PDF,abdulaziz_almutawa_415,عنوان ورابط رسالة عامة فقط؛ لم يُحمّل الملف.,,False,,,https://t.me/azizlawyer/415,نظام,,قناة ثقافة قانونية — المحامي عبدالعزيز المطوع (@azizlawyer),المحامي عبدالعزيز المطوع,415,نظام عقوبات نشر الوثائق السرية,2022
,الأنظمة والتشريعات,1,2.6 MB,PDF,abdulaziz_almutawa_416,عنوان ورابط رسالة عامة فقط؛ لم يُحمّل الملف.,,False,,,https://t.me/azizlawyer/416,دليل,,قناة ثقافة قانونية — المحامي عبدالعزيز المطوع (@azizlawyer),المحامي عبدالعزيز المطوع,416,الدليل الإرشادي للائحة تقييم الأداء الوظيفي,2022
,الأنظمة والتشريعات,1,2.7 MB,PDF,abdulaziz_almutawa_417,عنوان ورابط رسالة عامة فقط؛ لم يُحمّل الملف.,,False,,,https://t.me/azizlawyer/417,نظام,,قناة ثقافة قانونية — المحامي عبدالعزيز المطوع (@azizlawyer),المحامي عبدالعزيز المطوع,417,لائحة الأداء الوظيفي,2022
,الأنظمة والتشريعات,1,250.4 KB,PDF,abdulaziz_almutawa_419,عنوان ورابط رسالة عامة فقط؛ لم يُحمّل الملف.,,False,,,https://t.me/azizlawyer/419,نظام,,قناة ثقافة قانونية — المحامي عبدالعزيز المطوع (@azizlawyer),المحامي عبدالعزيز المطوع,419,نظام الهيئة العامة للتخصصات الصحية,2022
,الأنظمة والتشريعات,1,6.6 MB,PDF,abdulaziz_almutawa_422,عنوان ورابط رسالة عامة فقط؛ لم يُحمّل الملف.,,False,,,https://t.me/azizlawyer/422,كتاب,,قناة ثقافة قانونية — المحامي عبدالعزيز المطوع (@azizlawyer),المحامي عبدالعزيز المطوع,422,إجراءات و ضوابط المواد المخدرة و المؤثرات العقلية,2022
,الأنظمة والتشريعات,1,434.3 KB,PDF,abdulaziz_almutawa_423,عنوان ورابط رسالة عامة فقط؛ لم يُحمّل الملف.,,False,,,https://t.me/azizlawyer/423,نظام,,قناة ثقافة قانونية — المحامي عبدالعزيز المطوع (@azizlawyer),المحامي عبدالعزيز المطوع,423,اللائحة التنظيمية لخدمات طب الأسنان,2022
,القضاء والإثبات,1,1.0 MB,PDF,abdulaziz_almutawa_427,عنوان ورابط رسالة عامة فقط؛ لم يُحمّل الملف.,,False,,,https://t.me/azizlawyer/427,نظام,,قناة ثقافة قانونية — المحامي عبدالعزيز المطوع (@azizlawyer),المحامي عبدالعزيز المطوع,427,اللائحة التنفيذية لنظام المنشات والمستحضرات الصيدلانية,2022
,القضاء والإثبات,1,193.0 KB,PDF,abdulaziz_almutawa_428,عنوان ورابط رسالة عامة فقط؛ لم يُحمّل الملف.,,False,,,https://t.me/azizlawyer/428,نظام,,قناة ثقافة قانونية — المحامي عبدالعزيز المطوع (@azizlawyer),المحامي عبدالعزيز المطوع,428,اللائحة التنفيذية لنظام الضمان الصحي التعاوني ووثيقة الضمان الصحي,2022
,القضاء والإثبات,1,99.2 KB,PDF,abdulaziz_almutawa_429,عنوان ورابط رسالة عامة فقط؛ لم يُحمّل الملف.,,False,,,https://t.me/azizlawyer/429,نظام,,قناة ثقافة قانونية — المحامي عبدالعزيز المطوع (@azizlawyer),المحامي عبدالعزيز المطوع,429,اللائحة التنفيذية للنظام الصحي,2022
,الأنظمة والتشريعات,1,121.5 KB,PDF,abdulaziz_almutawa_438,عنوان ورابط رسالة عامة فقط؛ لم يُحمّل الملف.,,False,,,https://t.me/azizlawyer/438,نظام,,قناة ثقافة قانونية — المحامي عبدالعزيز المطوع (@azizlawyer),المحامي عبدالعزيز المطوع,438,نظام مكافحة جرائم المعلوماتية 1428,2022
,الأنظمة والتشريعات,1,904.5 KB,PDF,abdulaziz_almutawa_439,عنوان ورابط رسالة عامة فقط؛ لم يُحمّل الملف.,,False,,,https://t.me/azizlawyer/439,نظام,,قناة ثقافة قانونية — المحامي عبدالعزيز المطوع (@azizlawyer),المحامي عبدالعزيز المطوع,439,نظام امن الحدود 1394,2022
,الأنظمة والتشريعات,1,160.5 KB,PDF,abdulaziz_almutawa_440,عنوان ورابط رسالة عامة فقط؛ لم يُحمّل الملف.,,False,,,https://t.me/azizlawyer/440,نظام,,قناة ثقافة قانونية — المحامي عبدالعزيز المطوع (@azizlawyer),المحامي عبدالعزيز المطوع,440,نظام المتفجرات والمفرقعات 1428,2022
,الأنظمة والتشريعات,1,2.3 MB,PDF,abdulaziz_almutawa_441,عنوان ورابط رسالة عامة فقط؛ لم يُحمّل الملف.,,False,,,https://t.me/azizlawyer/441,نظام,,قناة ثقافة قانونية — المحامي عبدالعزيز المطوع (@azizlawyer),المحامي عبدالعزيز المطوع,441,نظام مكافحة المخدرات 1426,2022
,الأنظمة والتشريعات,1,1.4 MB,PDF,abdulaziz_almutawa_442,عنوان ورابط رسالة عامة فقط؛ لم يُحمّل الملف.,,False,,,https://t.me/azizlawyer/442,نظام,,قناة ثقافة قانونية — المحامي عبدالعزيز المطوع (@azizlawyer),المحامي عبدالعزيز المطوع,442,نظام الأسلحة والذخيرة 1426,2022
,الأنظمة والتشريعات,1,577.9 KB,PDF,abdulaziz_almutawa_443,عنوان ورابط رسالة عامة فقط؛ لم يُحمّل الملف.,,False,,,https://t.me/azizlawyer/443,نظام,,قناة ثقافة قانونية — المحامي عبدالعزيز المطوع (@azizlawyer),المحامي عبدالعزيز المطوع,443,نظام الحراسات الامنية المدنية والخاصة 1426,2022
,الأنظمة والتشريعات,1,1.7 MB,PDF,abdulaziz_almutawa_444,عنوان ورابط رسالة عامة فقط؛ لم يُحمّل الملف.,,False,,,https://t.me/azizlawyer/444,نظام,,قناة ثقافة قانونية — المحامي عبدالعزيز المطوع (@azizlawyer),المحامي عبدالعزيز المطوع,444,نظام الدفاع المدني 1406,2022
,القضاء والإثبات,1,305.3 KB,PDF,abdulaziz_almutawa_445,عنوان ورابط رسالة عامة فقط؛ لم يُحمّل الملف.,,False,,,https://t.me/azizlawyer/445,نظام,,قناة ثقافة قانونية — المحامي عبدالعزيز المطوع (@azizlawyer),المحامي عبدالعزيز المطوع,445,نظام عقوبات انتحال صفة رجل السلطة العامة 1408,2022
,القضاء والإثبات,1,543.4 KB,PDF,abdulaziz_almutawa_446,عنوان ورابط رسالة عامة فقط؛ لم يُحمّل الملف.,,False,,,https://t.me/azizlawyer/446,نظام,,قناة ثقافة قانونية — المحامي عبدالعزيز المطوع (@azizlawyer),المحامي عبدالعزيز المطوع,446,نظام السجن والتوقيف 1398,2022
,الأنظمة والتشريعات,1,236.8 KB,PDF,abdulaziz_almutawa_447,عنوان ورابط رسالة عامة فقط؛ لم يُحمّل الملف.,,False,,,https://t.me/azizlawyer/447,نظام,,قناة ثقافة قانونية — المحامي عبدالعزيز المطوع (@azizlawyer),المحامي عبدالعزيز المطوع,447,نظام استبدال الغرامات بالحبس 1380,2022
,الأنظمة والتشريعات,1,1.2 MB,PDF,abdulaziz_almutawa_448,عنوان ورابط رسالة عامة فقط؛ لم يُحمّل الملف.,,False,,,https://t.me/azizlawyer/448,نظام,,قناة ثقافة قانونية — المحامي عبدالعزيز المطوع (@azizlawyer),المحامي عبدالعزيز المطوع,448,نظام مكافحة التزوير 1380,2022
,الأنظمة والتشريعات,1,1.1 MB,PDF,abdulaziz_almutawa_449,عنوان ورابط رسالة عامة فقط؛ لم يُحمّل الملف.,,False,,,https://t.me/azizlawyer/449,نظام,,قناة ثقافة قانونية — المحامي عبدالعزيز المطوع (@azizlawyer),المحامي عبدالعزيز المطوع,449,النظام الجزائي الخاص بتزييف وتقليد النقود 1379,2022
,الأنظمة والتشريعات,1,993.7 KB,PDF,abdulaziz_almutawa_450,عنوان ورابط رسالة عامة فقط؛ لم يُحمّل الملف.,,False,,,https://t.me/azizlawyer/450,نظام,,قناة ثقافة قانونية — المحامي عبدالعزيز المطوع (@azizlawyer),المحامي عبدالعزيز المطوع,450,نظام مكافحة غسيل الأموال 1424,2022
,الأنظمة والتشريعات,1,461.5 KB,PDF,abdulaziz_almutawa_453,عنوان ورابط رسالة عامة فقط؛ لم يُحمّل الملف.,,False,,,https://t.me/azizlawyer/453,نظام,,قناة ثقافة قانونية — المحامي عبدالعزيز المطوع (@azizlawyer),المحامي عبدالعزيز المطوع,453,نظام جوازات السفر,2022
,الأنظمة والتشريعات,1,15.5 MB,PDF,abdulaziz_almutawa_461,عنوان ورابط رسالة عامة فقط؛ لم يُحمّل الملف.,,False,,,https://t.me/azizlawyer/461,نظام,,قناة ثقافة قانونية — المحامي عبدالعزيز المطوع (@azizlawyer),المحامي عبدالعزيز المطوع,461,كتاب المذكرات واللوائح القانونية في النظام السعودي,2022
,الأنظمة والتشريعات,1,816.3 KB,PDF,abdulaziz_almutawa_476,عنوان ورابط رسالة عامة فقط؛ لم يُحمّل الملف.,,False,,,https://t.me/azizlawyer/476,كتاب,,قناة ثقافة قانونية — المحامي عبدالعزيز المطوع (@azizlawyer),المحامي عبدالعزيز المطوع,476,التعويض عن التأخر في سداد الديون,2022
,الأنظمة والتشريعات,1,8.6 MB,PDF,abdulaziz_almutawa_478,عنوان ورابط رسالة عامة فقط؛ لم يُحمّل الملف.,,False,,,https://t.me/azizlawyer/478,كتاب,,قناة ثقافة قانونية — المحامي عبدالعزيز المطوع (@azizlawyer),المحامي عبدالعزيز المطوع,478,كتاب الاوراق التجارية علي جمال الدين,2022
,الأنظمة والتشريعات,1,5.0 MB,PDF,abdulaziz_almutawa_482,عنوان ورابط رسالة عامة فقط؛ لم يُحمّل الملف.,,False,,,https://t.me/azizlawyer/482,كتاب,,قناة ثقافة قانونية — المحامي عبدالعزيز المطوع (@azizlawyer),المحامي عبدالعزيز المطوع,482,الاختيار في مسائل التعويض عن الاضرار,2022
,الأنظمة والتشريعات,1,753.0 KB,PDF,abdulaziz_almutawa_484,عنوان ورابط رسالة عامة فقط؛ لم يُحمّل الملف.,,False,,,https://t.me/azizlawyer/484,نظام,,قناة ثقافة قانونية — المحامي عبدالعزيز المطوع (@azizlawyer),المحامي عبدالعزيز المطوع,484,القواعد الخاصة بإعلانات الشركات تداول,2022
,الأنظمة والتشريعات,1,790.3 KB,PDF,abdulaziz_almutawa_486,عنوان ورابط رسالة عامة فقط؛ لم يُحمّل الملف.,,False,,,https://t.me/azizlawyer/486,نظام,,قناة ثقافة قانونية — المحامي عبدالعزيز المطوع (@azizlawyer),المحامي عبدالعزيز المطوع,486,لائحة مراكز مقاصة الأوراق المالية تداول,2022
,الأنظمة والتشريعات,1,1.5 MB,PDF,abdulaziz_almutawa_487,عنوان ورابط رسالة عامة فقط؛ لم يُحمّل الملف.,,False,,,https://t.me/azizlawyer/487,نظام,,قناة ثقافة قانونية — المحامي عبدالعزيز المطوع (@azizlawyer),المحامي عبدالعزيز المطوع,487,لائحة مؤسسات السوق المالية تداول,2022
,الأنظمة والتشريعات,1,595.2 KB,PDF,abdulaziz_almutawa_488,عنوان ورابط رسالة عامة فقط؛ لم يُحمّل الملف.,,False,,,https://t.me/azizlawyer/488,كتاب,,قناة ثقافة قانونية — المحامي عبدالعزيز المطوع (@azizlawyer),المحامي عبدالعزيز المطوع,488,الضوابط والاجراءات التنظيمية للشركات المدرجة بالسوق تداول,2022
,الأنظمة والتشريعات,1,311.8 KB,PDF,abdulaziz_almutawa_489,عنوان ورابط رسالة عامة فقط؛ لم يُحمّل الملف.,,False,,,https://t.me/azizlawyer/489,نظام,,قناة ثقافة قانونية — المحامي عبدالعزيز المطوع (@azizlawyer),المحامي عبدالعزيز المطوع,489,لائحة سلوكيات السوق- تداول,2022
,الأنظمة والتشريعات,1,429.1 KB,PDF,abdulaziz_almutawa_490,عنوان ورابط رسالة عامة فقط؛ لم يُحمّل الملف.,,False,,,https://t.me/azizlawyer/490,نظام,,قناة ثقافة قانونية — المحامي عبدالعزيز المطوع (@azizlawyer),المحامي عبدالعزيز المطوع,490,لائحة اجراءات الفصل في المنازعات المالية تداول,2022
,الأنظمة والتشريعات,1,604.7 KB,PDF,abdulaziz_almutawa_491,عنوان ورابط رسالة عامة فقط؛ لم يُحمّل الملف.,,False,,,https://t.me/azizlawyer/491,نظام,,قناة ثقافة قانونية — المحامي عبدالعزيز المطوع (@azizlawyer),المحامي عبدالعزيز المطوع,491,نظام السوق المالية - تداول,2022
,القضاء والإثبات,1,287.3 KB,PDF,abdulaziz_almutawa_499,عنوان ورابط رسالة عامة فقط؛ لم يُحمّل الملف.,,False,,,https://t.me/azizlawyer/499,نظام,,قناة ثقافة قانونية — المحامي عبدالعزيز المطوع (@azizlawyer),المحامي عبدالعزيز المطوع,499,اللائحة التنفيذية لنظام حماية حقوق المؤلف,2022
,القضاء والإثبات,1,784.8 KB,PDF,abdulaziz_almutawa_512,عنوان ورابط رسالة عامة فقط؛ لم يُحمّل الملف.,,False,,,https://t.me/azizlawyer/512,كتاب,,قناة ثقافة قانونية — المحامي عبدالعزيز المطوع (@azizlawyer),المحامي عبدالعزيز المطوع,512,التسببيات القضائية للأحكام التجارية للقاضي أحمد الحارثي,2022
,الأنظمة والتشريعات,1,71.1 MB,PDF,abdulaziz_almutawa_519,عنوان ورابط رسالة عامة فقط؛ لم يُحمّل الملف.,,False,,,https://t.me/azizlawyer/519,نظام,,قناة ثقافة قانونية — المحامي عبدالعزيز المطوع (@azizlawyer),المحامي عبدالعزيز المطوع,519,كتاب المبادئ القانونية العامة,2022
,الأنظمة والتشريعات,1,528.4 KB,PDF,abdulaziz_almutawa_522,عنوان ورابط رسالة عامة فقط؛ لم يُحمّل الملف.,,False,,,https://t.me/azizlawyer/522,بحث,,قناة ثقافة قانونية — المحامي عبدالعزيز المطوع (@azizlawyer),المحامي عبدالعزيز المطوع,522,بحث المسؤولية المدنية للمقاول في أعمال التشييد والبناء,2022
,الأنظمة والتشريعات,1,1.1 MB,PDF,abdulaziz_almutawa_523,عنوان ورابط رسالة عامة فقط؛ لم يُحمّل الملف.,,False,,,https://t.me/azizlawyer/523,نظام,,قناة ثقافة قانونية — المحامي عبدالعزيز المطوع (@azizlawyer),المحامي عبدالعزيز المطوع,523,لائحة تقويم الطالب 1443,2022
,الأنظمة والتشريعات,1,1.0 MB,PDF,abdulaziz_almutawa_526,عنوان ورابط رسالة عامة فقط؛ لم يُحمّل الملف.,,False,,,https://t.me/azizlawyer/526,نظام,,قناة ثقافة قانونية — المحامي عبدالعزيز المطوع (@azizlawyer),المحامي عبدالعزيز المطوع,526,لائحة تنظيم المدارس الأهلية,2022
,الأنظمة والتشريعات,1,1.0 MB,PDF,abdulaziz_almutawa_528,عنوان ورابط رسالة عامة فقط؛ لم يُحمّل الملف.,,False,,,https://t.me/azizlawyer/528,دليل,,قناة ثقافة قانونية — المحامي عبدالعزيز المطوع (@azizlawyer),المحامي عبدالعزيز المطوع,528,الدليل التنظيمي لنظام التسريع بوازرة التعليم,2022
,القضاء والإثبات,1,3.1 MB,PDF,abdulaziz_almutawa_529,عنوان ورابط رسالة عامة فقط؛ لم يُحمّل الملف.,,False,,,https://t.me/azizlawyer/529,نظام,,قناة ثقافة قانونية — المحامي عبدالعزيز المطوع (@azizlawyer),المحامي عبدالعزيز المطوع,529,القواعد التنفيذية والإجراءات الإدارية والفنية للائحة الكليات,2022
,القضاء والإثبات,1,502.8 KB,PDF,abdulaziz_almutawa_530,عنوان ورابط رسالة عامة فقط؛ لم يُحمّل الملف.,,False,,,https://t.me/azizlawyer/530,نظام,,قناة ثقافة قانونية — المحامي عبدالعزيز المطوع (@azizlawyer),المحامي عبدالعزيز المطوع,530,القواعد التنفيذية لإنشاء المؤسسات الخيرية الخاصة بالأغراض التعليمية,2022
,الأنظمة والتشريعات,1,13.5 MB,PDF,abdulaziz_almutawa_531,عنوان ورابط رسالة عامة فقط؛ لم يُحمّل الملف.,,False,,,https://t.me/azizlawyer/531,نظام,,قناة ثقافة قانونية — المحامي عبدالعزيز المطوع (@azizlawyer),المحامي عبدالعزيز المطوع,531,لائحة الحقوق والمزايا الموارد البشرية,2022
,القضاء والإثبات,1,10.0 MB,PDF,abdulaziz_almutawa_532,عنوان ورابط رسالة عامة فقط؛ لم يُحمّل الملف.,,False,,,https://t.me/azizlawyer/532,نظام,,قناة ثقافة قانونية — المحامي عبدالعزيز المطوع (@azizlawyer),المحامي عبدالعزيز المطوع,532,اللائحة التنفيذية لنظام المنافسات والمشتريات الحكومية,2022
,الأنظمة والتشريعات,1,1.1 MB,PDF,abdulaziz_almutawa_533,عنوان ورابط رسالة عامة فقط؛ لم يُحمّل الملف.,,False,,,https://t.me/azizlawyer/533,نظام,,قناة ثقافة قانونية — المحامي عبدالعزيز المطوع (@azizlawyer),المحامي عبدالعزيز المطوع,533,لائحة الجامعات الأهلية,2022
,الأنظمة والتشريعات,1,1.3 MB,PDF,abdulaziz_almutawa_534,عنوان ورابط رسالة عامة فقط؛ لم يُحمّل الملف.,,False,,,https://t.me/azizlawyer/534,نظام,,قناة ثقافة قانونية — المحامي عبدالعزيز المطوع (@azizlawyer),المحامي عبدالعزيز المطوع,534,لائحة تنظيم العمل الداخلي برياض الاطفال,2022
,الأحوال الشخصية والتركات,1,6.2 MB,PDF,abdulaziz_almutawa_535,عنوان ورابط رسالة عامة فقط؛ لم يُحمّل الملف.,,False,,,https://t.me/azizlawyer/535,نظام,,قناة ثقافة قانونية — المحامي عبدالعزيز المطوع (@azizlawyer),المحامي عبدالعزيز المطوع,535,نظام رعاية المعوقين في المملكة العربية السعودية,2022
,الأنظمة والتشريعات,1,3.2 MB,PDF,abdulaziz_almutawa_536,عنوان ورابط رسالة عامة فقط؛ لم يُحمّل الملف.,,False,,,https://t.me/azizlawyer/536,نظام,,قناة ثقافة قانونية — المحامي عبدالعزيز المطوع (@azizlawyer),المحامي عبدالعزيز المطوع,536,لائحة الكليات الأهلية,2022
,الأنظمة والتشريعات,1,606.7 KB,PDF,abdulaziz_almutawa_538,عنوان ورابط رسالة عامة فقط؛ لم يُحمّل الملف.,,False,,,https://t.me/azizlawyer/538,نظام,,قناة ثقافة قانونية — المحامي عبدالعزيز المطوع (@azizlawyer),المحامي عبدالعزيز المطوع,538,القواعد التنظيمية لرعاية الموهوبين,2022
,الأنظمة والتشريعات,1,3.0 MB,PDF,abdulaziz_almutawa_540,عنوان ورابط رسالة عامة فقط؛ لم يُحمّل الملف.,,False,,,https://t.me/azizlawyer/540,نظام,,قناة ثقافة قانونية — المحامي عبدالعزيز المطوع (@azizlawyer),المحامي عبدالعزيز المطوع,540,لائحة لجنة معادلة الشهادات الجامعية,2022
,الأنظمة والتشريعات,1,707.9 KB,PDF,abdulaziz_almutawa_541,عنوان ورابط رسالة عامة فقط؛ لم يُحمّل الملف.,,False,,,https://t.me/azizlawyer/541,نظام,,قناة ثقافة قانونية — المحامي عبدالعزيز المطوع (@azizlawyer),المحامي عبدالعزيز المطوع,541,لائحة الوظائف التعليمية - محدث,2022
,القضاء والإثبات,1,872.7 KB,PDF,abdulaziz_almutawa_546,عنوان ورابط رسالة عامة فقط؛ لم يُحمّل الملف.,,False,,,https://t.me/azizlawyer/546,نظام,,قناة ثقافة قانونية — المحامي عبدالعزيز المطوع (@azizlawyer),المحامي عبدالعزيز المطوع,546,اللائحة التنفيذية للموارد البشرية في الخدمة المدنية 1442,2022
,الأنظمة والتشريعات,1,861.2 KB,PDF,abdulaziz_almutawa_548,عنوان ورابط رسالة عامة فقط؛ لم يُحمّل الملف.,,False,,,https://t.me/azizlawyer/548,نظام,,قناة ثقافة قانونية — المحامي عبدالعزيز المطوع (@azizlawyer),المحامي عبدالعزيز المطوع,548,لائحة الوظائف الدبلوماسية,2022
,القضاء والإثبات,1,5.6 MB,PDF,abdulaziz_almutawa_551,عنوان ورابط رسالة عامة فقط؛ لم يُحمّل الملف.,,False,,,https://t.me/azizlawyer/551,نظام,,قناة ثقافة قانونية — المحامي عبدالعزيز المطوع (@azizlawyer),المحامي عبدالعزيز المطوع,551,اللائحة التنفيذية لنظام الإعلام المرئي والمسموع,2022
,الأنظمة والتشريعات,1,370.8 KB,PDF,abdulaziz_almutawa_552,عنوان ورابط رسالة عامة فقط؛ لم يُحمّل الملف.,,False,,,https://t.me/azizlawyer/552,نظام,,قناة ثقافة قانونية — المحامي عبدالعزيز المطوع (@azizlawyer),المحامي عبدالعزيز المطوع,552,اساءة استعمال السلطة في القرار الاداري,2022
,الأنظمة والتشريعات,1,527.1 KB,PDF,abdulaziz_almutawa_553,عنوان ورابط رسالة عامة فقط؛ لم يُحمّل الملف.,,False,,,https://t.me/azizlawyer/553,نظام,,قناة ثقافة قانونية — المحامي عبدالعزيز المطوع (@azizlawyer),المحامي عبدالعزيز المطوع,553,الهيئة العامة للمنافسة نظام المنافسة,2022
,القضاء والإثبات,1,615.3 KB,PDF,abdulaziz_almutawa_554,عنوان ورابط رسالة عامة فقط؛ لم يُحمّل الملف.,,False,,,https://t.me/azizlawyer/554,نظام,,قناة ثقافة قانونية — المحامي عبدالعزيز المطوع (@azizlawyer),المحامي عبدالعزيز المطوع,554,الهيئة العامة للمنافسة اللائحة التنفيذية,2022
,القضاء والإثبات,1,1.8 MB,PDF,abdulaziz_almutawa_555,عنوان ورابط رسالة عامة فقط؛ لم يُحمّل الملف.,,False,,,https://t.me/azizlawyer/555,نظام,,قناة ثقافة قانونية — المحامي عبدالعزيز المطوع (@azizlawyer),المحامي عبدالعزيز المطوع,555,اللائحة التنفيذية لنظام الضمان الصحي التعاوني,2022
,القضاء والإثبات,1,2.8 MB,PDF,abdulaziz_almutawa_556,عنوان ورابط رسالة عامة فقط؛ لم يُحمّل الملف.,,False,,,https://t.me/azizlawyer/556,نظام,,قناة ثقافة قانونية — المحامي عبدالعزيز المطوع (@azizlawyer),المحامي عبدالعزيز المطوع,556,التعديلات على اللائحة التنفيذية لنظام الضمان الصحي التعاوني,2022
,القضاء والإثبات,1,795.6 KB,PDF,abdulaziz_almutawa_557,عنوان ورابط رسالة عامة فقط؛ لم يُحمّل الملف.,,False,,,https://t.me/azizlawyer/557,نظام,,قناة ثقافة قانونية — المحامي عبدالعزيز المطوع (@azizlawyer),المحامي عبدالعزيز المطوع,557,اللائحة التنفيذية لنظام المطبوعات والنشر,2022
,القضاء والإثبات,1,1.1 MB,PDF,abdulaziz_almutawa_561,عنوان ورابط رسالة عامة فقط؛ لم يُحمّل الملف.,,False,,,https://t.me/azizlawyer/561,نظام,,قناة ثقافة قانونية — المحامي عبدالعزيز المطوع (@azizlawyer),المحامي عبدالعزيز المطوع,561,اللائحة التنفيذية للمناطق المحمية,2022
,القضاء والإثبات,1,941.8 KB,PDF,abdulaziz_almutawa_562,عنوان ورابط رسالة عامة فقط؛ لم يُحمّل الملف.,,False,,,https://t.me/azizlawyer/562,نظام,,قناة ثقافة قانونية — المحامي عبدالعزيز المطوع (@azizlawyer),المحامي عبدالعزيز المطوع,562,اللائحة التنفيذية لمخالفات الاحتطاب,2022
,القضاء والإثبات,1,7.0 MB,PDF,abdulaziz_almutawa_563,عنوان ورابط رسالة عامة فقط؛ لم يُحمّل الملف.,,False,,,https://t.me/azizlawyer/563,نظام,,قناة ثقافة قانونية — المحامي عبدالعزيز المطوع (@azizlawyer),المحامي عبدالعزيز المطوع,563,اللائحة التنفيذية للضوابط والاجراءات المتعلقة بالمقابل المالي,2022
,القضاء والإثبات,1,941.7 KB,PDF,abdulaziz_almutawa_565,عنوان ورابط رسالة عامة فقط؛ لم يُحمّل الملف.,,False,,,https://t.me/azizlawyer/565,نظام,,قناة ثقافة قانونية — المحامي عبدالعزيز المطوع (@azizlawyer),المحامي عبدالعزيز المطوع,565,مشروع اللائحة التنفيذية للضوضاء لنظام البيئة,2022
,المحاماة والمرافعات,1,1.6 MB,PDF,abdulaziz_almutawa_572,عنوان ورابط رسالة عامة فقط؛ لم يُحمّل الملف.,,False,,,https://t.me/azizlawyer/572,نظام,,قناة ثقافة قانونية — المحامي عبدالعزيز المطوع (@azizlawyer),المحامي عبدالعزيز المطوع,572,سقوط الحق في نظام المرافعات الشرعية عبدالرحمن اللحيدان,2022
,القضاء والإثبات,1,1022.0 KB,PDF,abdulaziz_almutawa_573,عنوان ورابط رسالة عامة فقط؛ لم يُحمّل الملف.,,False,,,https://t.me/azizlawyer/573,نظام,,قناة ثقافة قانونية — المحامي عبدالعزيز المطوع (@azizlawyer),المحامي عبدالعزيز المطوع,573,اللائحة التنفيذية لنظام مكافحة التستر,2022
,التحكيم والوساطة,1,1022.0 KB,PDF,abdulaziz_almutawa_575,عنوان ورابط رسالة عامة فقط؛ لم يُحمّل الملف.,,False,,,https://t.me/azizlawyer/575,نظام,,قناة ثقافة قانونية — المحامي عبدالعزيز المطوع (@azizlawyer),المحامي عبدالعزيز المطوع,575,اللائحة التنفيذية لنظام التحكيم التجاري,2022
,التحكيم والوساطة,1,4.0 MB,PDF,abdulaziz_almutawa_576,عنوان ورابط رسالة عامة فقط؛ لم يُحمّل الملف.,,False,,,https://t.me/azizlawyer/576,نظام,,قناة ثقافة قانونية — المحامي عبدالعزيز المطوع (@azizlawyer),المحامي عبدالعزيز المطوع,576,نظام التحكيم - وزارة التجارة,2022
,الأنظمة والتشريعات,1,710.7 KB,PDF,abdulaziz_almutawa_592,عنوان ورابط رسالة عامة فقط؛ لم يُحمّل الملف.,,False,,,https://t.me/azizlawyer/592,نظام,,قناة ثقافة قانونية — المحامي عبدالعزيز المطوع (@azizlawyer),المحامي عبدالعزيز المطوع,592,مشروع نظام التعليم العام,2022
,الأنظمة والتشريعات,1,10.7 MB,PDF,abdulaziz_almutawa_596,عنوان ورابط رسالة عامة فقط؛ لم يُحمّل الملف.,,False,,,https://t.me/azizlawyer/596,كتاب,,قناة ثقافة قانونية — المحامي عبدالعزيز المطوع (@azizlawyer),المحامي عبدالعزيز المطوع,596,قضايا الشركات - عبدالله الحمودي,2022
,الأنظمة والتشريعات,1,1.1 MB,PDF,abdulaziz_almutawa_597,عنوان ورابط رسالة عامة فقط؛ لم يُحمّل الملف.,,False,,,https://t.me/azizlawyer/597,كتاب,,قناة ثقافة قانونية — المحامي عبدالعزيز المطوع (@azizlawyer),المحامي عبدالعزيز المطوع,597,الاختصاص في المطالبات المالية,2022
,القضاء والإثبات,1,332.6 KB,PDF,abdulaziz_almutawa_598,عنوان ورابط رسالة عامة فقط؛ لم يُحمّل الملف.,,False,,,https://t.me/azizlawyer/598,نظام,,قناة ثقافة قانونية — المحامي عبدالعزيز المطوع (@azizlawyer),المحامي عبدالعزيز المطوع,598,المدد في نظام المحاكم التجارية,2022
,الأنظمة والتشريعات,1,2.2 MB,PDF,abdulaziz_almutawa_608,عنوان ورابط رسالة عامة فقط؛ لم يُحمّل الملف.,,False,,,https://t.me/azizlawyer/608,نظام,,قناة ثقافة قانونية — المحامي عبدالعزيز المطوع (@azizlawyer),المحامي عبدالعزيز المطوع,608,نظام الهيئة العامة للولاية على اموال القاصرين,2022
,القضاء والإثبات,1,5.9 MB,PDF,abdulaziz_almutawa_609,عنوان ورابط رسالة عامة فقط؛ لم يُحمّل الملف.,,False,,,https://t.me/azizlawyer/609,نظام,,قناة ثقافة قانونية — المحامي عبدالعزيز المطوع (@azizlawyer),المحامي عبدالعزيز المطوع,609,اللائحة التنفيذية لنظام الهيئة العامة للولاية على اموال القاصرين,2022
,القضاء والإثبات,1,2.6 MB,PDF,abdulaziz_almutawa_616,عنوان ورابط رسالة عامة فقط؛ لم يُحمّل الملف.,,False,,,https://t.me/azizlawyer/616,بحث,,قناة ثقافة قانونية — المحامي عبدالعزيز المطوع (@azizlawyer),المحامي عبدالعزيز المطوع,616,الإجراءات القضائية دراسة نظرية,2022
,القضاء والإثبات,1,2.3 MB,PDF,abdulaziz_almutawa_628,عنوان ورابط رسالة عامة فقط؛ لم يُحمّل الملف.,,False,,,https://t.me/azizlawyer/628,كتاب,,قناة ثقافة قانونية — المحامي عبدالعزيز المطوع (@azizlawyer),المحامي عبدالعزيز المطوع,628,جدول المخالفات والعقوبات تنظيم أعمال النظارة,2022
,الأنظمة والتشريعات,1,13.6 MB,PDF,abdulaziz_almutawa_642,عنوان ورابط رسالة عامة فقط؛ لم يُحمّل الملف.,,False,,,https://t.me/azizlawyer/642,نظام,,قناة ثقافة قانونية — المحامي عبدالعزيز المطوع (@azizlawyer),المحامي عبدالعزيز المطوع,642,نظام تعرفة الطيران المدني,2022
,الأنظمة والتشريعات,1,4.4 MB,PDF,abdulaziz_almutawa_643,عنوان ورابط رسالة عامة فقط؛ لم يُحمّل الملف.,,False,,,https://t.me/azizlawyer/643,نظام,,قناة ثقافة قانونية — المحامي عبدالعزيز المطوع (@azizlawyer),المحامي عبدالعزيز المطوع,643,لائحة حماية حقوق العملاء للطيران المدني,2022
,القضاء والإثبات,1,9.0 MB,PDF,abdulaziz_almutawa_644,عنوان ورابط رسالة عامة فقط؛ لم يُحمّل الملف.,,False,,,https://t.me/azizlawyer/644,نظام,,قناة ثقافة قانونية — المحامي عبدالعزيز المطوع (@azizlawyer),المحامي عبدالعزيز المطوع,644,اللائحة التنفيذية لنظام المؤسسات الصحية الخاصة,2022
,القضاء والإثبات,1,31.0 MB,PDF,abdulaziz_almutawa_649,عنوان ورابط رسالة عامة فقط؛ لم يُحمّل الملف.,,False,,,https://t.me/azizlawyer/649,كتاب,,قناة ثقافة قانونية — المحامي عبدالعزيز المطوع (@azizlawyer),المحامي عبدالعزيز المطوع,649,كتاب القضاء الاداري قضاء التعويض,2022
,الأنظمة والتشريعات,1,7.8 MB,PDF,abdulaziz_almutawa_652,عنوان ورابط رسالة عامة فقط؛ لم يُحمّل الملف.,,False,,,https://t.me/azizlawyer/652,كتاب,,قناة ثقافة قانونية — المحامي عبدالعزيز المطوع (@azizlawyer),المحامي عبدالعزيز المطوع,652,كتاب أحكام لزوم العقد,2022
,الأنظمة والتشريعات,1,465.4 KB,PDF,abdulaziz_almutawa_666,عنوان ورابط رسالة عامة فقط؛ لم يُحمّل الملف.,,False,,,https://t.me/azizlawyer/666,نظام,,قناة ثقافة قانونية — المحامي عبدالعزيز المطوع (@azizlawyer),المحامي عبدالعزيز المطوع,666,المدد النظامية في الأنظمة الجنائية,2022
,المحاماة والمرافعات,1,20.7 MB,PDF,abdulaziz_almutawa_668,عنوان ورابط رسالة عامة فقط؛ لم يُحمّل الملف.,,False,,,https://t.me/azizlawyer/668,كتاب,,قناة ثقافة قانونية — المحامي عبدالعزيز المطوع (@azizlawyer),المحامي عبدالعزيز المطوع,668,كتاب فن المرافعة و صناعة المحامى,2022
,الأنظمة والتشريعات,1,4.2 MB,PDF,abdulaziz_almutawa_686,عنوان ورابط رسالة عامة فقط؛ لم يُحمّل الملف.,,False,,,https://t.me/azizlawyer/686,كتاب,,قناة ثقافة قانونية — المحامي عبدالعزيز المطوع (@azizlawyer),المحامي عبدالعزيز المطوع,686,شركة الصحة القابضة,2022
,القضاء والإثبات,1,451.6 KB,PDF,abdulaziz_almutawa_693,عنوان ورابط رسالة عامة فقط؛ لم يُحمّل الملف.,,False,,,https://t.me/azizlawyer/693,كتاب,,قناة ثقافة قانونية — المحامي عبدالعزيز المطوع (@azizlawyer),المحامي عبدالعزيز المطوع,693,صياغة الأحكام القضائية,2022
,المحاماة والمرافعات,1,2.3 MB,PDF,abdulaziz_almutawa_701,عنوان ورابط رسالة عامة فقط؛ لم يُحمّل الملف.,,False,,,https://t.me/azizlawyer/701,كتاب,,قناة ثقافة قانونية — المحامي عبدالعزيز المطوع (@azizlawyer),المحامي عبدالعزيز المطوع,701,مقرر المرافعات الشرعية سؤال وجواب,2022
,الأحوال الشخصية والتركات,1,434.0 KB,PDF,abdulaziz_almutawa_710,عنوان ورابط رسالة عامة فقط؛ لم يُحمّل الملف.,,False,,,https://t.me/azizlawyer/710,بحث,,قناة ثقافة قانونية — المحامي عبدالعزيز المطوع (@azizlawyer),المحامي عبدالعزيز المطوع,710,ورقة موقف القضاء من العيوب في النكاح,2022
,القضاء والإثبات,1,12.2 MB,PDF,abdulaziz_almutawa_713,عنوان ورابط رسالة عامة فقط؛ لم يُحمّل الملف.,,False,,,https://t.me/azizlawyer/713,نظام,,قناة ثقافة قانونية — المحامي عبدالعزيز المطوع (@azizlawyer),المحامي عبدالعزيز المطوع,713,نظام حقوق كبير السن لائحة التنفيذية,2022
,المحاماة والمرافعات,1,3.1 MB,PDF,abdulaziz_almutawa_717,عنوان ورابط رسالة عامة فقط؛ لم يُحمّل الملف.,,False,,,https://t.me/azizlawyer/717,نظام,,قناة ثقافة قانونية — المحامي عبدالعزيز المطوع (@azizlawyer),المحامي عبدالعزيز المطوع,717,تعديلات نظام المحاماة 1443,2022
,الأنظمة والتشريعات,1,301.4 KB,PDF,abdulaziz_almutawa_730,عنوان ورابط رسالة عامة فقط؛ لم يُحمّل الملف.,,False,,,https://t.me/azizlawyer/730,نظام,,قناة ثقافة قانونية — المحامي عبدالعزيز المطوع (@azizlawyer),المحامي عبدالعزيز المطوع,730,نظام التأمين ضد التعطل عن العمل ساند,2022
,الأنظمة والتشريعات,1,95.9 KB,PDF,abdulaziz_almutawa_732,عنوان ورابط رسالة عامة فقط؛ لم يُحمّل الملف.,,False,,,https://t.me/azizlawyer/732,نظام,,قناة ثقافة قانونية — المحامي عبدالعزيز المطوع (@azizlawyer),المحامي عبدالعزيز المطوع,732,نظام تبادل المنافع,2022
,الأنظمة والتشريعات,1,2.0 MB,PDF,abdulaziz_almutawa_740,عنوان ورابط رسالة عامة فقط؛ لم يُحمّل الملف.,,False,,,https://t.me/azizlawyer/740,نظام,,قناة ثقافة قانونية — المحامي عبدالعزيز المطوع (@azizlawyer),المحامي عبدالعزيز المطوع,740,نظام الاحوال الشخصية 2022,2022
,القضاء والإثبات,1,2.6 MB,PDF,abdulaziz_almutawa_751,عنوان ورابط رسالة عامة فقط؛ لم يُحمّل الملف.,,False,,,https://t.me/azizlawyer/751,بحث,,قناة ثقافة قانونية — المحامي عبدالعزيز المطوع (@azizlawyer),المحامي عبدالعزيز المطوع,751,الإجراءات القضائية دراسة تطبيقية,2022
,الأنظمة والتشريعات,1,934.8 KB,PDF,abdulaziz_almutawa_755,عنوان ورابط رسالة عامة فقط؛ لم يُحمّل الملف.,,False,,,https://t.me/azizlawyer/755,كتاب,,قناة ثقافة قانونية — المحامي عبدالعزيز المطوع (@azizlawyer),المحامي عبدالعزيز المطوع,755,الحكم برفض طلب قيمة الانتفاع بالعقار بعد إبطال عقد البيع المرهون,2022
,الأنظمة والتشريعات,1,3.5 MB,PDF,abdulaziz_almutawa_760,عنوان ورابط رسالة عامة فقط؛ لم يُحمّل الملف.,,False,,,https://t.me/azizlawyer/760,نظام,,قناة ثقافة قانونية — المحامي عبدالعزيز المطوع (@azizlawyer),المحامي عبدالعزيز المطوع,760,اللائحة المنظمة لنشاط تأجير السيارات ووسطاء التأجير,2022
,الأنظمة والتشريعات,1,3.1 MB,PDF,abdulaziz_almutawa_768,عنوان ورابط رسالة عامة فقط؛ لم يُحمّل الملف.,,False,,,https://t.me/azizlawyer/768,بحث,,قناة ثقافة قانونية — المحامي عبدالعزيز المطوع (@azizlawyer),المحامي عبدالعزيز المطوع,768,عقود الشركات - دراسة فقهية,2022
,الأنظمة والتشريعات,1,1.4 MB,PDF,abdulaziz_almutawa_777,عنوان ورابط رسالة عامة فقط؛ لم يُحمّل الملف.,,False,,,https://t.me/azizlawyer/777,نظام,,قناة ثقافة قانونية — المحامي عبدالعزيز المطوع (@azizlawyer),المحامي عبدالعزيز المطوع,777,معلومات في نظام الإجراءات الجزائية,2022
,الأنظمة والتشريعات,1,802.2 KB,PDF,abdulaziz_almutawa_781,عنوان ورابط رسالة عامة فقط؛ لم يُحمّل الملف.,,False,,,https://t.me/azizlawyer/781,كتاب,,قناة ثقافة قانونية — المحامي عبدالعزيز المطوع (@azizlawyer),المحامي عبدالعزيز المطوع,781,مذكرة في الأوراق التجارية,2022
,الأنظمة والتشريعات,1,4.2 MB,PDF,abdulaziz_almutawa_783,عنوان ورابط رسالة عامة فقط؛ لم يُحمّل الملف.,,False,,,https://t.me/azizlawyer/783,شرح,,قناة ثقافة قانونية — المحامي عبدالعزيز المطوع (@azizlawyer),المحامي عبدالعزيز المطوع,783,شرح مبسط لنظام الشركات,2022
,الأنظمة والتشريعات,1,6.4 MB,PDF,abdulaziz_almutawa_785,عنوان ورابط رسالة عامة فقط؛ لم يُحمّل الملف.,,False,,,https://t.me/azizlawyer/785,كتاب,,قناة ثقافة قانونية — المحامي عبدالعزيز المطوع (@azizlawyer),المحامي عبدالعزيز المطوع,785,ضوابط الحماية في بيئة العمل,2022
,القضاء والإثبات,1,739.4 KB,PDF,abdulaziz_almutawa_788,عنوان ورابط رسالة عامة فقط؛ لم يُحمّل الملف.,,False,,,https://t.me/azizlawyer/788,كتاب,,قناة ثقافة قانونية — المحامي عبدالعزيز المطوع (@azizlawyer),المحامي عبدالعزيز المطوع,788,القضاء بالقرائن عند ابن قيم الجوزية,2022
,الأنظمة والتشريعات,1,3.7 MB,PDF,abdulaziz_almutawa_793,عنوان ورابط رسالة عامة فقط؛ لم يُحمّل الملف.,,False,,,https://t.me/azizlawyer/793,كتاب,,قناة ثقافة قانونية — المحامي عبدالعزيز المطوع (@azizlawyer),المحامي عبدالعزيز المطوع,793,كتاب خلاصة المبادئ التجارية 1408 1435,2022
,الأنظمة والتشريعات,1,8.7 MB,PDF,abdulaziz_almutawa_801,عنوان ورابط رسالة عامة فقط؛ لم يُحمّل الملف.,,False,,,https://t.me/azizlawyer/801,كتاب,,قناة ثقافة قانونية — المحامي عبدالعزيز المطوع (@azizlawyer),المحامي عبدالعزيز المطوع,801,تقدير التعويض عن السجن الخطأ,2022
,الأنظمة والتشريعات,1,1.8 MB,PDF,abdulaziz_almutawa_805,عنوان ورابط رسالة عامة فقط؛ لم يُحمّل الملف.,,False,,,https://t.me/azizlawyer/805,كتاب,,قناة ثقافة قانونية — المحامي عبدالعزيز المطوع (@azizlawyer),المحامي عبدالعزيز المطوع,805,مبادئ الأوراق التجارية 2020,2022
,القضاء والإثبات,1,2.1 MB,PDF,abdulaziz_almutawa_816,عنوان ورابط رسالة عامة فقط؛ لم يُحمّل الملف.,,False,,,https://t.me/azizlawyer/816,بحث,,قناة ثقافة قانونية — المحامي عبدالعزيز المطوع (@azizlawyer),المحامي عبدالعزيز المطوع,816,التوقيع على بياض (دراسة قضائية,2022
,الأنظمة والتشريعات,1,2.0 MB,PDF,abdulaziz_almutawa_824,عنوان ورابط رسالة عامة فقط؛ لم يُحمّل الملف.,,False,,,https://t.me/azizlawyer/824,نظام,,قناة ثقافة قانونية — المحامي عبدالعزيز المطوع (@azizlawyer),المحامي عبدالعزيز المطوع,824,النظام الأساسي للاتحاد الاسيوي لكرة القدم,2022
,القضاء والإثبات,1,487.5 KB,PDF,abdulaziz_almutawa_827,عنوان ورابط رسالة عامة فقط؛ لم يُحمّل الملف.,,False,,,https://t.me/azizlawyer/827,بحث,,قناة ثقافة قانونية — المحامي عبدالعزيز المطوع (@azizlawyer),المحامي عبدالعزيز المطوع,827,بحث عن ضمان الأضرار الناتجة عن التقاضي,2022
,الأنظمة والتشريعات,1,15.5 MB,PDF,abdulaziz_almutawa_831,عنوان ورابط رسالة عامة فقط؛ لم يُحمّل الملف.,,False,,,https://t.me/azizlawyer/831,نظام,,قناة ثقافة قانونية — المحامي عبدالعزيز المطوع (@azizlawyer),المحامي عبدالعزيز المطوع,831,المذكرات واللوائح القانونية في النظام السعودي ٢٠٢١,2022
,الأنظمة والتشريعات,1,2.2 MB,PDF,abdulaziz_almutawa_836,عنوان ورابط رسالة عامة فقط؛ لم يُحمّل الملف.,,False,,,https://t.me/azizlawyer/836,نظام,,قناة ثقافة قانونية — المحامي عبدالعزيز المطوع (@azizlawyer),المحامي عبدالعزيز المطوع,836,بطلان التفتيش في نظام الإجراءات,2022
,القضاء والإثبات,1,1.8 MB,PDF,abdulaziz_almutawa_868,عنوان ورابط رسالة عامة فقط؛ لم يُحمّل الملف.,,False,,,https://t.me/azizlawyer/868,كتاب,,قناة ثقافة قانونية — المحامي عبدالعزيز المطوع (@azizlawyer),المحامي عبدالعزيز المطوع,868,المدخل إلى إجراءات التقاضي في محاكم القضاء العام,2022
,المحاماة والمرافعات,1,2.6 MB,PDF,abdulaziz_almutawa_889,عنوان ورابط رسالة عامة فقط؛ لم يُحمّل الملف.,,False,,,https://t.me/azizlawyer/889,كتاب,,قناة ثقافة قانونية — المحامي عبدالعزيز المطوع (@azizlawyer),المحامي عبدالعزيز المطوع,889,مهارات الترافع أمام القضاء وإدارة الدعوى,2022
,الأنظمة والتشريعات,1,4.7 MB,PDF,abdulaziz_almutawa_896,عنوان ورابط رسالة عامة فقط؛ لم يُحمّل الملف.,,False,,,https://t.me/azizlawyer/896,نظام,,قناة ثقافة قانونية — المحامي عبدالعزيز المطوع (@azizlawyer),المحامي عبدالعزيز المطوع,896,نظام الشركات - مجلس الوزراء,2022
,التحكيم والوساطة,1,563.6 KB,PDF,abdulaziz_almutawa_898,عنوان ورابط رسالة عامة فقط؛ لم يُحمّل الملف.,,False,,,https://t.me/azizlawyer/898,نظام,,قناة ثقافة قانونية — المحامي عبدالعزيز المطوع (@azizlawyer),المحامي عبدالعزيز المطوع,898,نظام الوساطة العقارية + المرسوم الملكي,2022
,الأنظمة والتشريعات,1,1.0 MB,PDF,abdulaziz_almutawa_922,عنوان ورابط رسالة عامة فقط؛ لم يُحمّل الملف.,,False,,,https://t.me/azizlawyer/922,كتاب,,قناة ثقافة قانونية — المحامي عبدالعزيز المطوع (@azizlawyer),المحامي عبدالعزيز المطوع,922,أمر ملكي بشأن آلية استرداد الاموال,2022
,القضاء والإثبات,1,784.8 KB,PDF,abdulaziz_almutawa_926,عنوان ورابط رسالة عامة فقط؛ لم يُحمّل الملف.,,False,,,https://t.me/azizlawyer/926,كتاب,,قناة ثقافة قانونية — المحامي عبدالعزيز المطوع (@azizlawyer),المحامي عبدالعزيز المطوع,926,التسببيات القضائية للأحكام التجارية,2022
,الأنظمة والتشريعات,1,1.9 MB,PDF,abdulaziz_almutawa_934,عنوان ورابط رسالة عامة فقط؛ لم يُحمّل الملف.,,False,,,https://t.me/azizlawyer/934,كتاب,,قناة ثقافة قانونية — المحامي عبدالعزيز المطوع (@azizlawyer),المحامي عبدالعزيز المطوع,934,شركة الشخص الواحد,2022
,القضاء والإثبات,1,405.5 KB,PDF,abdulaziz_almutawa_939,عنوان ورابط رسالة عامة فقط؛ لم يُحمّل الملف.,,False,,,https://t.me/azizlawyer/939,كتاب,,قناة ثقافة قانونية — المحامي عبدالعزيز المطوع (@azizlawyer),المحامي عبدالعزيز المطوع,939,السوابق القضائية 03,2022
,التحكيم والوساطة,1,1.1 MB,PDF,abdulaziz_almutawa_949,عنوان ورابط رسالة عامة فقط؛ لم يُحمّل الملف.,,False,,,https://t.me/azizlawyer/949,نظام,,قناة ثقافة قانونية — المحامي عبدالعزيز المطوع (@azizlawyer),المحامي عبدالعزيز المطوع,949,نظام التحكيم (محدث,2022
,الأنظمة والتشريعات,1,749.0 KB,PDF,abdulaziz_almutawa_967,عنوان ورابط رسالة عامة فقط؛ لم يُحمّل الملف.,,False,,,https://t.me/azizlawyer/967,نظام,,قناة ثقافة قانونية — المحامي عبدالعزيز المطوع (@azizlawyer),المحامي عبدالعزيز المطوع,967,نظام الاتصالات وتقنية المعلومات ١٤٤٣,2022
,التحكيم والوساطة,1,26.9 MB,PDF,abdulaziz_almutawa_992,عنوان ورابط رسالة عامة فقط؛ لم يُحمّل الملف.,,False,,,https://t.me/azizlawyer/992,كتاب,,قناة ثقافة قانونية — المحامي عبدالعزيز المطوع (@azizlawyer),المحامي عبدالعزيز المطوع,992,مجموعة المبادئ المحكمة الإدارية العليا 1,2022
,التحكيم والوساطة,1,20.2 MB,PDF,abdulaziz_almutawa_993,عنوان ورابط رسالة عامة فقط؛ لم يُحمّل الملف.,,False,,,https://t.me/azizlawyer/993,كتاب,,قناة ثقافة قانونية — المحامي عبدالعزيز المطوع (@azizlawyer),المحامي عبدالعزيز المطوع,993,مجموعة المبادئ المحكمة الإدارية العليا 2,2022
,القضاء والإثبات,1,1.6 MB,PDF,abdulaziz_almutawa_1005,عنوان ورابط رسالة عامة فقط؛ لم يُحمّل الملف.,,False,,,https://t.me/azizlawyer/1005,نظام,,قناة ثقافة قانونية — المحامي عبدالعزيز المطوع (@azizlawyer),المحامي عبدالعزيز المطوع,1005,اللائحة التنفيذية لضريبة التصرفات العقارية,2022
,التحكيم والوساطة,1,30.4 MB,PDF,abdulaziz_almutawa_1024,عنوان ورابط رسالة عامة فقط؛ لم يُحمّل الملف.,,False,,,https://t.me/azizlawyer/1024,كتاب,,قناة ثقافة قانونية — المحامي عبدالعزيز المطوع (@azizlawyer),المحامي عبدالعزيز المطوع,1024,طلبات إلتماس أعادة النظر للمحكمة التجارية,2022
,الأنظمة والتشريعات,1,841.4 KB,PDF,abdulaziz_almutawa_1026,عنوان ورابط رسالة عامة فقط؛ لم يُحمّل الملف.,,False,,,https://t.me/azizlawyer/1026,نظام,,قناة ثقافة قانونية — المحامي عبدالعزيز المطوع (@azizlawyer),المحامي عبدالعزيز المطوع,1026,لائحة الانضباط والأخلاق 2022,2022
,المحاماة والمرافعات,1,2.0 MB,PDF,abdulaziz_almutawa_1042,عنوان ورابط رسالة عامة فقط؛ لم يُحمّل الملف.,,False,,,https://t.me/azizlawyer/1042,نظام,,قناة ثقافة قانونية — المحامي عبدالعزيز المطوع (@azizlawyer),المحامي عبدالعزيز المطوع,1042,اللائحة التنفيذية لترخيص مكاتب المحاماة الأجنبية,2022
,الأنظمة والتشريعات,1,339.5 KB,PDF,abdulaziz_almutawa_1044,عنوان ورابط رسالة عامة فقط؛ لم يُحمّل الملف.,,False,,,https://t.me/azizlawyer/1044,نظام,,قناة ثقافة قانونية — المحامي عبدالعزيز المطوع (@azizlawyer),المحامي عبدالعزيز المطوع,1044,الاسئلة القانونية في المقابلات الوظيفية,2022
,المحاماة والمرافعات,1,3.7 MB,PDF,abdulaziz_almutawa_1049,عنوان ورابط رسالة عامة فقط؛ لم يُحمّل الملف.,,False,,,https://t.me/azizlawyer/1049,نظام,,قناة ثقافة قانونية — المحامي عبدالعزيز المطوع (@azizlawyer),المحامي عبدالعزيز المطوع,1049,نظام المرافعات 1444,2022
,الأنظمة والتشريعات,1,629.7 KB,PDF,abdulaziz_almutawa_1056,عنوان ورابط رسالة عامة فقط؛ لم يُحمّل الملف.,,False,,,https://t.me/azizlawyer/1056,كتاب,,قناة ثقافة قانونية — المحامي عبدالعزيز المطوع (@azizlawyer),المحامي عبدالعزيز المطوع,1056,شركة المضاربة سؤال وجواب,2022
,القضاء والإثبات,1,3.5 MB,PDF,abdulaziz_almutawa_1065,عنوان ورابط رسالة عامة فقط؛ لم يُحمّل الملف.,,False,,,https://t.me/azizlawyer/1065,نظام,,قناة ثقافة قانونية — المحامي عبدالعزيز المطوع (@azizlawyer),المحامي عبدالعزيز المطوع,1065,نظام المحاكم التجارية ولائحته التنفيذية 1444,2022
,القضاء والإثبات,1,548.7 KB,PDF,abdulaziz_almutawa_1067,عنوان ورابط رسالة عامة فقط؛ لم يُحمّل الملف.,,False,,,https://t.me/azizlawyer/1067,شرح,,قناة ثقافة قانونية — المحامي عبدالعزيز المطوع (@azizlawyer),المحامي عبدالعزيز المطوع,1067,تسهيل نظام التكاليف القضائية,2022
,الأنظمة والتشريعات,1,9.0 MB,PDF,abdulaziz_almutawa_1071,عنوان ورابط رسالة عامة فقط؛ لم يُحمّل الملف.,,False,,,https://t.me/azizlawyer/1071,نظام,,قناة ثقافة قانونية — المحامي عبدالعزيز المطوع (@azizlawyer),المحامي عبدالعزيز المطوع,1071,نظام الجمارك الموحد,2022
,الأنظمة والتشريعات,1,1.4 MB,PDF,abdulaziz_almutawa_1075,عنوان ورابط رسالة عامة فقط؛ لم يُحمّل الملف.,,False,,,https://t.me/azizlawyer/1075,كتاب,,قناة ثقافة قانونية — المحامي عبدالعزيز المطوع (@azizlawyer),المحامي عبدالعزيز المطوع,1075,توثيق قاعدة المفرط أولى بالخسارة,2022
,القضاء والإثبات,1,31.9 MB,PDF,abdulaziz_almutawa_1078,عنوان ورابط رسالة عامة فقط؛ لم يُحمّل الملف.,,False,,,https://t.me/azizlawyer/1078,كتاب,,قناة ثقافة قانونية — المحامي عبدالعزيز المطوع (@azizlawyer),المحامي عبدالعزيز المطوع,1078,السوابق القضائية التأمينية 1443,2022
,المحاماة والمرافعات,1,260.1 KB,PDF,abdulaziz_almutawa_1097,عنوان ورابط رسالة عامة فقط؛ لم يُحمّل الملف.,,False,,,https://t.me/azizlawyer/1097,كتاب,,قناة ثقافة قانونية — المحامي عبدالعزيز المطوع (@azizlawyer),المحامي عبدالعزيز المطوع,1097,دعوى استرداد الحيازة,2022
,الأحوال الشخصية والتركات,1,4.3 MB,PDF,abdulaziz_almutawa_1099,عنوان ورابط رسالة عامة فقط؛ لم يُحمّل الملف.,,False,,,https://t.me/azizlawyer/1099,نظام,,قناة ثقافة قانونية — المحامي عبدالعزيز المطوع (@azizlawyer),المحامي عبدالعزيز المطوع,1099,تطريز نظام الأحوال بالأسانيد الشرعية و التطبيقات القضائية 1444,2022
,المحاماة والمرافعات,1,531.6 KB,PDF,abdulaziz_almutawa_1105,عنوان ورابط رسالة عامة فقط؛ لم يُحمّل الملف.,,False,,,https://t.me/azizlawyer/1105,كتاب,,قناة ثقافة قانونية — المحامي عبدالعزيز المطوع (@azizlawyer),المحامي عبدالعزيز المطوع,1105,اختصاص دوائر الاستئناف مرافعة وتدقيق,2022
,الأنظمة والتشريعات,1,535.0 KB,PDF,abdulaziz_almutawa_1107,عنوان ورابط رسالة عامة فقط؛ لم يُحمّل الملف.,,False,,,https://t.me/azizlawyer/1107,كتاب,,قناة ثقافة قانونية — المحامي عبدالعزيز المطوع (@azizlawyer),المحامي عبدالعزيز المطوع,1107,شركة العنان سؤال وجواب,2022
,القضاء والإثبات,1,2.8 MB,PDF,abdulaziz_almutawa_1139,عنوان ورابط رسالة عامة فقط؛ لم يُحمّل الملف.,,False,,,https://t.me/azizlawyer/1139,كتاب,,قناة ثقافة قانونية — المحامي عبدالعزيز المطوع (@azizlawyer),المحامي عبدالعزيز المطوع,1139,سوابق قضائية لمنازعات عمالية,2022
,القضاء والإثبات,1,998.6 KB,PDF,abdulaziz_almutawa_1145,عنوان ورابط رسالة عامة فقط؛ لم يُحمّل الملف.,,False,,,https://t.me/azizlawyer/1145,نظام,,قناة ثقافة قانونية — المحامي عبدالعزيز المطوع (@azizlawyer),المحامي عبدالعزيز المطوع,1145,اللائحة التنفيذية للاستئناف,2022
,الأنظمة والتشريعات,1,739.2 KB,PDF,abdulaziz_almutawa_1158,عنوان ورابط رسالة عامة فقط؛ لم يُحمّل الملف.,,False,,,https://t.me/azizlawyer/1158,دليل,,قناة ثقافة قانونية — المحامي عبدالعزيز المطوع (@azizlawyer),المحامي عبدالعزيز المطوع,1158,دليل المستخدم لوائح تنظيم العمل,2022
,الأنظمة والتشريعات,1,714.4 KB,PDF,abdulaziz_almutawa_1163,عنوان ورابط رسالة عامة فقط؛ لم يُحمّل الملف.,,False,,,https://t.me/azizlawyer/1163,دليل,,قناة ثقافة قانونية — المحامي عبدالعزيز المطوع (@azizlawyer),المحامي عبدالعزيز المطوع,1163,الدليل الإجرائي للضوابط والإجراءات الخاصة بانقطاع العامل عن العمل,2022
,القضاء والإثبات,1,305.2 KB,PDF,abdulaziz_almutawa_1172,عنوان ورابط رسالة عامة فقط؛ لم يُحمّل الملف.,,False,,,https://t.me/azizlawyer/1172,نظام,,قناة ثقافة قانونية — المحامي عبدالعزيز المطوع (@azizlawyer),المحامي عبدالعزيز المطوع,1172,القواعد الخاصة بتنظيم شؤون الخبرة أمام المحاكم,2022
,الأحوال الشخصية والتركات,1,4.2 MB,PDF,abdulaziz_almutawa_1178,عنوان ورابط رسالة عامة فقط؛ لم يُحمّل الملف.,,False,,,https://t.me/azizlawyer/1178,نظام,,قناة ثقافة قانونية — المحامي عبدالعزيز المطوع (@azizlawyer),المحامي عبدالعزيز المطوع,1178,اللائحة التنفيذية لنظام الأحوال المدنية,2022
,المحاماة والمرافعات,1,2.8 MB,PDF,abdulaziz_almutawa_1195,عنوان ورابط رسالة عامة فقط؛ لم يُحمّل الملف.,,False,,,https://t.me/azizlawyer/1195,نظام,,قناة ثقافة قانونية — المحامي عبدالعزيز المطوع (@azizlawyer),المحامي عبدالعزيز المطوع,1195,نظام المرافعات 6-4-1444,2022
,القضاء والإثبات,1,26.0 MB,PDF,abdulaziz_almutawa_1198,عنوان ورابط رسالة عامة فقط؛ لم يُحمّل الملف.,,False,,,https://t.me/azizlawyer/1198,كتاب,,قناة ثقافة قانونية — المحامي عبدالعزيز المطوع (@azizlawyer),المحامي عبدالعزيز المطوع,1198,مدونة السوابق القضائية التأمينية للجنة الاستئنافية للفصل في المنازعات,2022
,الأحوال الشخصية والتركات,1,669.8 KB,PDF,abdulaziz_almutawa_1224,عنوان ورابط رسالة عامة فقط؛ لم يُحمّل الملف.,,False,,,https://t.me/azizlawyer/1224,دليل,,قناة ثقافة قانونية — المحامي عبدالعزيز المطوع (@azizlawyer),المحامي عبدالعزيز المطوع,1224,الدليل الاجرائي لانهاء العلاقة التعاقدية نسخة محدثة,2022
,الأنظمة والتشريعات,1,3.3 MB,PDF,abdulaziz_almutawa_1233,عنوان ورابط رسالة عامة فقط؛ لم يُحمّل الملف.,,False,,,https://t.me/azizlawyer/1233,نظام,,قناة ثقافة قانونية — المحامي عبدالعزيز المطوع (@azizlawyer),المحامي عبدالعزيز المطوع,1233,ملف ربط نظام المنافسات والمشتريات الحكومية ولائحته,2022
,الأنظمة والتشريعات,1,1003.4 KB,PDF,abdulaziz_almutawa_1236,عنوان ورابط رسالة عامة فقط؛ لم يُحمّل الملف.,,False,,,https://t.me/azizlawyer/1236,كتاب,,قناة ثقافة قانونية — المحامي عبدالعزيز المطوع (@azizlawyer),المحامي عبدالعزيز المطوع,1236,زيادة قيمة التعويض عن نزع العقار ٢٠٪,2022
,القضاء والإثبات,1,710.8 KB,PDF,abdulaziz_almutawa_1247,عنوان ورابط رسالة عامة فقط؛ لم يُحمّل الملف.,,False,,,https://t.me/azizlawyer/1247,نظام,,قناة ثقافة قانونية — المحامي عبدالعزيز المطوع (@azizlawyer),المحامي عبدالعزيز المطوع,1247,مشروع اللائحة التنفيذية لنظام الشركات,2022
,القضاء والإثبات,1,1.6 MB,PDF,abdulaziz_almutawa_1258,عنوان ورابط رسالة عامة فقط؛ لم يُحمّل الملف.,,False,,,https://t.me/azizlawyer/1258,نظام,,قناة ثقافة قانونية — المحامي عبدالعزيز المطوع (@azizlawyer),المحامي عبدالعزيز المطوع,1258,نظام الإثبات 5-1444,2022
,القضاء والإثبات,1,1.1 MB,PDF,abdulaziz_almutawa_1262,عنوان ورابط رسالة عامة فقط؛ لم يُحمّل الملف.,,False,,,https://t.me/azizlawyer/1262,كتاب,,قناة ثقافة قانونية — المحامي عبدالعزيز المطوع (@azizlawyer),المحامي عبدالعزيز المطوع,1262,القضاء الطبي,2022
,المحاماة والمرافعات,1,484.0 KB,PDF,abdulaziz_almutawa_1274,عنوان ورابط رسالة عامة فقط؛ لم يُحمّل الملف.,,False,,,https://t.me/azizlawyer/1274,نظام,,قناة ثقافة قانونية — المحامي عبدالعزيز المطوع (@azizlawyer),المحامي عبدالعزيز المطوع,1274,قواعد التوزيع الداخلي للدعاوى,2022
,القضاء والإثبات,1,4.7 MB,PDF,abdulaziz_almutawa_1279,عنوان ورابط رسالة عامة فقط؛ لم يُحمّل الملف.,,False,,,https://t.me/azizlawyer/1279,كتاب,,قناة ثقافة قانونية — المحامي عبدالعزيز المطوع (@azizlawyer),المحامي عبدالعزيز المطوع,1279,التكاليف القضائية,2022
,الأنظمة والتشريعات,1,4.5 MB,PDF,abdulaziz_almutawa_1291,عنوان ورابط رسالة عامة فقط؛ لم يُحمّل الملف.,,False,,,https://t.me/azizlawyer/1291,نظام,,قناة ثقافة قانونية — المحامي عبدالعزيز المطوع (@azizlawyer),المحامي عبدالعزيز المطوع,1291,القواعد المنظمة لإجراءات الإفلاس العابرة للحدود,2022
,القضاء والإثبات,1,5.1 MB,PDF,abdulaziz_almutawa_1293,عنوان ورابط رسالة عامة فقط؛ لم يُحمّل الملف.,,False,,,https://t.me/azizlawyer/1293,كتاب,,قناة ثقافة قانونية — المحامي عبدالعزيز المطوع (@azizlawyer),المحامي عبدالعزيز المطوع,1293,مجموعة الاحكام القضائية 14,2022
,المحاماة والمرافعات,1,1.7 MB,PDF,abdulaziz_almutawa_1302,عنوان ورابط رسالة عامة فقط؛ لم يُحمّل الملف.,,False,,,https://t.me/azizlawyer/1302,نظام,,قناة ثقافة قانونية — المحامي عبدالعزيز المطوع (@azizlawyer),المحامي عبدالعزيز المطوع,1302,نظام المحاماة 1444,2022
,الأنظمة والتشريعات,1,12.9 MB,PDF,abdulaziz_almutawa_1307,عنوان ورابط رسالة عامة فقط؛ لم يُحمّل الملف.,,False,,,https://t.me/azizlawyer/1307,نظام,,قناة ثقافة قانونية — المحامي عبدالعزيز المطوع (@azizlawyer),المحامي عبدالعزيز المطوع,1307,لائحة خدمات السفر والسياحة,2022
,الأنظمة والتشريعات,1,16.1 MB,PDF,abdulaziz_almutawa_1308,عنوان ورابط رسالة عامة فقط؛ لم يُحمّل الملف.,,False,,,https://t.me/azizlawyer/1308,نظام,,قناة ثقافة قانونية — المحامي عبدالعزيز المطوع (@azizlawyer),المحامي عبدالعزيز المطوع,1308,لائحة مرفق الضيافة السياحي,2022
,الأنظمة والتشريعات,1,10.1 MB,PDF,abdulaziz_almutawa_1309,عنوان ورابط رسالة عامة فقط؛ لم يُحمّل الملف.,,False,,,https://t.me/azizlawyer/1309,نظام,,قناة ثقافة قانونية — المحامي عبدالعزيز المطوع (@azizlawyer),المحامي عبدالعزيز المطوع,1309,لائحة مرفق الضيافة السياحي الخاص,2022
,القضاء والإثبات,1,3.4 MB,PDF,abdulaziz_almutawa_1321,عنوان ورابط رسالة عامة فقط؛ لم يُحمّل الملف.,,False,,,https://t.me/azizlawyer/1321,شرح,,قناة ثقافة قانونية — المحامي عبدالعزيز المطوع (@azizlawyer),المحامي عبدالعزيز المطوع,1321,تسهيل نظام الإثبات 6-1444,2023
,التحكيم والوساطة,1,563.6 KB,PDF,abdulaziz_almutawa_1351,عنوان ورابط رسالة عامة فقط؛ لم يُحمّل الملف.,,False,,,https://t.me/azizlawyer/1351,نظام,,قناة ثقافة قانونية — المحامي عبدالعزيز المطوع (@azizlawyer),المحامي عبدالعزيز المطوع,1351,نظام الوساطة العقارية 2023,2023
,القضاء والإثبات,1,537.0 KB,PDF,abdulaziz_almutawa_1353,عنوان ورابط رسالة عامة فقط؛ لم يُحمّل الملف.,,False,,,https://t.me/azizlawyer/1353,نظام,,قناة ثقافة قانونية — المحامي عبدالعزيز المطوع (@azizlawyer),المحامي عبدالعزيز المطوع,1353,اللائحة التنفيذية لنظام الشركات الخاصة بشركات المساهمة المدرجة,2023
,القضاء والإثبات,1,900.6 KB,PDF,abdulaziz_almutawa_1354,عنوان ورابط رسالة عامة فقط؛ لم يُحمّل الملف.,,False,,,https://t.me/azizlawyer/1354,نظام,,قناة ثقافة قانونية — المحامي عبدالعزيز المطوع (@azizlawyer),المحامي عبدالعزيز المطوع,1354,اللائحة التنفيذية للموارد البشرية في الخدمة المدنية 3 6 1444,2023
,القضاء والإثبات,1,2.2 MB,PDF,abdulaziz_almutawa_1358,عنوان ورابط رسالة عامة فقط؛ لم يُحمّل الملف.,,False,,,https://t.me/azizlawyer/1358,نظام,,قناة ثقافة قانونية — المحامي عبدالعزيز المطوع (@azizlawyer),المحامي عبدالعزيز المطوع,1358,نظام الشركات ولائحته التنفيذية 2023,2023
,الأنظمة والتشريعات,1,1.4 MB,PDF,abdulaziz_almutawa_1386,عنوان ورابط رسالة عامة فقط؛ لم يُحمّل الملف.,,False,,,https://t.me/azizlawyer/1386,نظام,,قناة ثقافة قانونية — المحامي عبدالعزيز المطوع (@azizlawyer),المحامي عبدالعزيز المطوع,1386,قرار العمل المرن,2023
,التحكيم والوساطة,1,9.7 MB,PDF,abdulaziz_almutawa_1432,عنوان ورابط رسالة عامة فقط؛ لم يُحمّل الملف.,,False,,,https://t.me/azizlawyer/1432,كتاب,,قناة ثقافة قانونية — المحامي عبدالعزيز المطوع (@azizlawyer),المحامي عبدالعزيز المطوع,1432,مبادئ المحكمة العليا حتى 1444,2023
,القضاء والإثبات,1,2.5 MB,PDF,abdulaziz_almutawa_1478,عنوان ورابط رسالة عامة فقط؛ لم يُحمّل الملف.,,False,,,https://t.me/azizlawyer/1478,نظام,,قناة ثقافة قانونية — المحامي عبدالعزيز المطوع (@azizlawyer),المحامي عبدالعزيز المطوع,1478,نظام الشركات ولوائحه التنفيذية 230321 203257,2023
,الأنظمة والتشريعات,1,2.7 MB,PDF,abdulaziz_almutawa_1484,عنوان ورابط رسالة عامة فقط؛ لم يُحمّل الملف.,,False,,,https://t.me/azizlawyer/1484,كتاب,,قناة ثقافة قانونية — المحامي عبدالعزيز المطوع (@azizlawyer),المحامي عبدالعزيز المطوع,1484,انظمة ولوائح الملكية الفكرية,2023
,الأنظمة والتشريعات,1,7.6 MB,PDF,abdulaziz_almutawa_1493,عنوان ورابط رسالة عامة فقط؛ لم يُحمّل الملف.,,False,,,https://t.me/azizlawyer/1493,نظام,,قناة ثقافة قانونية — المحامي عبدالعزيز المطوع (@azizlawyer),المحامي عبدالعزيز المطوع,1493,نظام المرور 1439,2023
,الأحوال الشخصية والتركات,1,274.4 KB,PDF,abdulaziz_almutawa_1499,عنوان ورابط رسالة عامة فقط؛ لم يُحمّل الملف.,,False,,,https://t.me/azizlawyer/1499,بحث,,قناة ثقافة قانونية — المحامي عبدالعزيز المطوع (@azizlawyer),المحامي عبدالعزيز المطوع,1499,تسبيبات الحضانة,2023
,القضاء والإثبات,1,1.9 MB,PDF,abdulaziz_almutawa_1529,عنوان ورابط رسالة عامة فقط؛ لم يُحمّل الملف.,,False,,,https://t.me/azizlawyer/1529,نظام,,قناة ثقافة قانونية — المحامي عبدالعزيز المطوع (@azizlawyer),المحامي عبدالعزيز المطوع,1529,نظام الإثبات سعد الخنفري الاصدار الثاني 1444ه 2022م pdf,2023
,القضاء والإثبات,1,1.6 MB,PDF,abdulaziz_almutawa_1579,عنوان ورابط رسالة عامة فقط؛ لم يُحمّل الملف.,,False,,,https://t.me/azizlawyer/1579,نظام,,قناة ثقافة قانونية — المحامي عبدالعزيز المطوع (@azizlawyer),المحامي عبدالعزيز المطوع,1579,نظام الإثبات مع الفهارس 1,2023
,الأحوال الشخصية والتركات,1,1.3 MB,PDF,abdulaziz_almutawa_1587,عنوان ورابط رسالة عامة فقط؛ لم يُحمّل الملف.,,False,,,https://t.me/azizlawyer/1587,كتاب,,قناة ثقافة قانونية — المحامي عبدالعزيز المطوع (@azizlawyer),المحامي عبدالعزيز المطوع,1587,جدول المخالفات والغرامات البلدية 2023,2023
,المحاماة والمرافعات,1,1.7 MB,PDF,abdulaziz_almutawa_1599,عنوان ورابط رسالة عامة فقط؛ لم يُحمّل الملف.,,False,,,https://t.me/azizlawyer/1599,نظام,,قناة ثقافة قانونية — المحامي عبدالعزيز المطوع (@azizlawyer),المحامي عبدالعزيز المطوع,1599,نظام المحاماة نسخة محدثة 1-12-1444,2023
,الأنظمة والتشريعات,1,802.8 KB,PDF,abdulaziz_almutawa_1603,عنوان ورابط رسالة عامة فقط؛ لم يُحمّل الملف.,,False,,,https://t.me/azizlawyer/1603,كتاب,,قناة ثقافة قانونية — المحامي عبدالعزيز المطوع (@azizlawyer),المحامي عبدالعزيز المطوع,1603,عقد تسويق عقاري حصري,2023
,الأنظمة والتشريعات,1,5.1 MB,PDF,abdulaziz_almutawa_1606,عنوان ورابط رسالة عامة فقط؛ لم يُحمّل الملف.,,False,,,https://t.me/azizlawyer/1606,نظام,,قناة ثقافة قانونية — المحامي عبدالعزيز المطوع (@azizlawyer),المحامي عبدالعزيز المطوع,1606,نظام المعاملات المدنية- البقمي,2023
,الأنظمة والتشريعات,1,757.9 KB,PDF,abdulaziz_almutawa_1609,عنوان ورابط رسالة عامة فقط؛ لم يُحمّل الملف.,,False,,,https://t.me/azizlawyer/1609,نظام,,قناة ثقافة قانونية — المحامي عبدالعزيز المطوع (@azizlawyer),المحامي عبدالعزيز المطوع,1609,المدد الواردة في نظام المعاملات المدنية,2023
,الأحوال الشخصية والتركات,1,18.0 MB,PDF,abdulaziz_almutawa_1612,عنوان ورابط رسالة عامة فقط؛ لم يُحمّل الملف.,,False,,,https://t.me/azizlawyer/1612,كتاب,,قناة ثقافة قانونية — المحامي عبدالعزيز المطوع (@azizlawyer),المحامي عبدالعزيز المطوع,1612,قسمة المال بين الورثة بالحياة,2023
,الأحوال الشخصية والتركات,1,4.1 MB,PDF,abdulaziz_almutawa_1614,عنوان ورابط رسالة عامة فقط؛ لم يُحمّل الملف.,,False,,,https://t.me/azizlawyer/1614,نظام,,قناة ثقافة قانونية — المحامي عبدالعزيز المطوع (@azizlawyer),المحامي عبدالعزيز المطوع,1614,نظام الأحوال الشخصية - البقمي,2023
,القضاء والإثبات,1,31.9 MB,PDF,abdulaziz_almutawa_1619,عنوان ورابط رسالة عامة فقط؛ لم يُحمّل الملف.,,False,,,https://t.me/azizlawyer/1619,كتاب,,قناة ثقافة قانونية — المحامي عبدالعزيز المطوع (@azizlawyer),المحامي عبدالعزيز المطوع,1619,السوابق القضائية التأمينية للجنة الاستئنافية للفصل في المنازعات,2023
,الأنظمة والتشريعات,1,351.1 KB,PDF,abdulaziz_almutawa_1626,عنوان ورابط رسالة عامة فقط؛ لم يُحمّل الملف.,,False,,,https://t.me/azizlawyer/1626,نظام,,قناة ثقافة قانونية — المحامي عبدالعزيز المطوع (@azizlawyer),المحامي عبدالعزيز المطوع,1626,الملامح العامة لنظام المساهمات العقارية,2023
,الأنظمة والتشريعات,1,138.0 KB,PDF,abdulaziz_almutawa_1630,عنوان ورابط رسالة عامة فقط؛ لم يُحمّل الملف.,,False,,,https://t.me/azizlawyer/1630,نظام,,قناة ثقافة قانونية — المحامي عبدالعزيز المطوع (@azizlawyer),المحامي عبدالعزيز المطوع,1630,نظام المساهمات العقارية الاحيدب,2023
,الأنظمة والتشريعات,1,958.8 KB,PDF,abdulaziz_almutawa_1652,عنوان ورابط رسالة عامة فقط؛ لم يُحمّل الملف.,,False,,,https://t.me/azizlawyer/1652,كتاب,,قناة ثقافة قانونية — المحامي عبدالعزيز المطوع (@azizlawyer),المحامي عبدالعزيز المطوع,1652,العلامات التجارية,2023
,الأحوال الشخصية والتركات,1,1.6 MB,PDF,abdulaziz_almutawa_1660,عنوان ورابط رسالة عامة فقط؛ لم يُحمّل الملف.,,False,,,https://t.me/azizlawyer/1660,نظام,,قناة ثقافة قانونية — المحامي عبدالعزيز المطوع (@azizlawyer),المحامي عبدالعزيز المطوع,1660,نظام الأحوال الشخصية مع الفهارس 1445,2023
,الأنظمة والتشريعات,1,1.9 MB,PDF,abdulaziz_almutawa_1661,عنوان ورابط رسالة عامة فقط؛ لم يُحمّل الملف.,,False,,,https://t.me/azizlawyer/1661,نظام,,قناة ثقافة قانونية — المحامي عبدالعزيز المطوع (@azizlawyer),المحامي عبدالعزيز المطوع,1661,لائحة الانضباط والاخلاق 2023,2023
,الأحوال الشخصية والتركات,1,1.6 MB,PDF,abdulaziz_almutawa_1698,عنوان ورابط رسالة عامة فقط؛ لم يُحمّل الملف.,,False,,,https://t.me/azizlawyer/1698,نظام,,قناة ثقافة قانونية — المحامي عبدالعزيز المطوع (@azizlawyer),المحامي عبدالعزيز المطوع,1698,نظام الأحوال الشخصية 1-1-1445,2023
,الأنظمة والتشريعات,1,9.9 MB,PDF,abdulaziz_almutawa_1720,عنوان ورابط رسالة عامة فقط؛ لم يُحمّل الملف.,,False,,,https://t.me/azizlawyer/1720,نظام,,قناة ثقافة قانونية — المحامي عبدالعزيز المطوع (@azizlawyer),المحامي عبدالعزيز المطوع,1720,لائحة العمالة المنزلية ومن في حكمها وتاريخ 17 03 1445ه,2023
,الأحوال الشخصية والتركات,1,1.3 MB,PDF,abdulaziz_almutawa_1729,عنوان ورابط رسالة عامة فقط؛ لم يُحمّل الملف.,,False,,,https://t.me/azizlawyer/1729,كتاب,,قناة ثقافة قانونية — المحامي عبدالعزيز المطوع (@azizlawyer),المحامي عبدالعزيز المطوع,1729,جدول المخالفات البلدية 1444,2023
,الأنظمة والتشريعات,1,1.3 MB,PDF,abdulaziz_almutawa_1756,عنوان ورابط رسالة عامة فقط؛ لم يُحمّل الملف.,,False,,,https://t.me/azizlawyer/1756,نظام,,قناة ثقافة قانونية — المحامي عبدالعزيز المطوع (@azizlawyer),المحامي عبدالعزيز المطوع,1756,تعديل المادة 15 من نظام الكليات العسكرية,2023
,الأنظمة والتشريعات,1,710.1 KB,PDF,abdulaziz_almutawa_1800,عنوان ورابط رسالة عامة فقط؛ لم يُحمّل الملف.,,False,,,https://t.me/azizlawyer/1800,نظام,,قناة ثقافة قانونية — المحامي عبدالعزيز المطوع (@azizlawyer),المحامي عبدالعزيز المطوع,1800,العقود الواردة في نظام المعاملات المدنية,2023
,الأنظمة والتشريعات,1,6.4 MB,PDF,abdulaziz_almutawa_1805,عنوان ورابط رسالة عامة فقط؛ لم يُحمّل الملف.,,False,,,https://t.me/azizlawyer/1805,نظام,,قناة ثقافة قانونية — المحامي عبدالعزيز المطوع (@azizlawyer),المحامي عبدالعزيز المطوع,1805,لائحة حماية حقوق المسافرين,2023
,القضاء والإثبات,1,1.3 MB,PDF,abdulaziz_almutawa_1807,عنوان ورابط رسالة عامة فقط؛ لم يُحمّل الملف.,,False,,,https://t.me/azizlawyer/1807,نظام,,قناة ثقافة قانونية — المحامي عبدالعزيز المطوع (@azizlawyer),المحامي عبدالعزيز المطوع,1807,قرار جدول المخالفات والعقوبات,2023
,الأنظمة والتشريعات,1,4.6 MB,PDF,abdulaziz_almutawa_1813,عنوان ورابط رسالة عامة فقط؛ لم يُحمّل الملف.,,False,,,https://t.me/azizlawyer/1813,نظام,,قناة ثقافة قانونية — المحامي عبدالعزيز المطوع (@azizlawyer),المحامي عبدالعزيز المطوع,1813,قواعد تنظيم الدفع الآجل,2023
,الأنظمة والتشريعات,1,4.5 MB,PDF,abdulaziz_almutawa_1815,عنوان ورابط رسالة عامة فقط؛ لم يُحمّل الملف.,,False,,,https://t.me/azizlawyer/1815,نظام,,قناة ثقافة قانونية — المحامي عبدالعزيز المطوع (@azizlawyer),المحامي عبدالعزيز المطوع,1815,مشجرات نظام المعاملات المدنية,2023
,الأنظمة والتشريعات,1,5.8 MB,PDF,abdulaziz_almutawa_1816,عنوان ورابط رسالة عامة فقط؛ لم يُحمّل الملف.,,False,,,https://t.me/azizlawyer/1816,بحث,,قناة ثقافة قانونية — المحامي عبدالعزيز المطوع (@azizlawyer),المحامي عبدالعزيز المطوع,1816,تسبيبات المعاملات المدنية 1445,2023
,الأحوال الشخصية والتركات,1,6.3 MB,PDF,abdulaziz_almutawa_1836,عنوان ورابط رسالة عامة فقط؛ لم يُحمّل الملف.,,False,,,https://t.me/azizlawyer/1836,نظام,,قناة ثقافة قانونية — المحامي عبدالعزيز المطوع (@azizlawyer),المحامي عبدالعزيز المطوع,1836,قرار وزاري باعتماد القواعد والإجراءات المنظمة للتسوية الودية,2024
,الأنظمة والتشريعات,1,5.8 MB,PDF,abdulaziz_almutawa_1856,عنوان ورابط رسالة عامة فقط؛ لم يُحمّل الملف.,,False,,,https://t.me/azizlawyer/1856,بحث,,قناة ثقافة قانونية — المحامي عبدالعزيز المطوع (@azizlawyer),المحامي عبدالعزيز المطوع,1856,تسبيبات المعاملات المدنية 1,2024
,القضاء والإثبات,1,1.1 MB,PDF,abdulaziz_almutawa_1870,عنوان ورابط رسالة عامة فقط؛ لم يُحمّل الملف.,,False,,,https://t.me/azizlawyer/1870,نظام,,قناة ثقافة قانونية — المحامي عبدالعزيز المطوع (@azizlawyer),المحامي عبدالعزيز المطوع,1870,اللائحة التنفيذية المحدثة لنظام التخصيص,2024
,المحاماة والمرافعات,1,2.6 MB,PDF,abdulaziz_almutawa_1883,عنوان ورابط رسالة عامة فقط؛ لم يُحمّل الملف.,,False,,,https://t.me/azizlawyer/1883,دليل,,قناة ثقافة قانونية — المحامي عبدالعزيز المطوع (@azizlawyer),المحامي عبدالعزيز المطوع,1883,دليل المحامين,2024
,الأنظمة والتشريعات,1,2.4 MB,PDF,abdulaziz_almutawa_1884,عنوان ورابط رسالة عامة فقط؛ لم يُحمّل الملف.,,False,,,https://t.me/azizlawyer/1884,نظام,,قناة ثقافة قانونية — المحامي عبدالعزيز المطوع (@azizlawyer),المحامي عبدالعزيز المطوع,1884,لائحة الإحتراف وأوضاع الأعبين,2024
,التحكيم والوساطة,1,565.1 KB,PDF,abdulaziz_almutawa_1885,عنوان ورابط رسالة عامة فقط؛ لم يُحمّل الملف.,,False,,,https://t.me/azizlawyer/1885,نظام,,قناة ثقافة قانونية — المحامي عبدالعزيز المطوع (@azizlawyer),المحامي عبدالعزيز المطوع,1885,القواعد الإجرائية لمركز التحكيم الرياضي السعودي المعتمدة في,2024
,القضاء والإثبات,1,1.9 MB,PDF,abdulaziz_almutawa_1895,عنوان ورابط رسالة عامة فقط؛ لم يُحمّل الملف.,,False,,,https://t.me/azizlawyer/1895,نظام,,قناة ثقافة قانونية — المحامي عبدالعزيز المطوع (@azizlawyer),المحامي عبدالعزيز المطوع,1895,اللائحة التنفيذية للمساهمات العقارية,2024
,الأنظمة والتشريعات,1,5.8 MB,PDF,abdulaziz_almutawa_1897,عنوان ورابط رسالة عامة فقط؛ لم يُحمّل الملف.,,False,,,https://t.me/azizlawyer/1897,كتاب,,قناة ثقافة قانونية — المحامي عبدالعزيز المطوع (@azizlawyer),المحامي عبدالعزيز المطوع,1897,تسبيب المعاملات المدنية,2024
,الأنظمة والتشريعات,1,3.0 MB,PDF,abdulaziz_almutawa_1909,عنوان ورابط رسالة عامة فقط؛ لم يُحمّل الملف.,,False,,,https://t.me/azizlawyer/1909,نظام,,قناة ثقافة قانونية — المحامي عبدالعزيز المطوع (@azizlawyer),المحامي عبدالعزيز المطوع,1909,نظام حماية المبلغين والشهود والضحايا,2024
,الأنظمة والتشريعات,1,4.2 MB,PDF,abdulaziz_almutawa_1931,عنوان ورابط رسالة عامة فقط؛ لم يُحمّل الملف.,,False,,,https://t.me/azizlawyer/1931,نظام,,قناة ثقافة قانونية — المحامي عبدالعزيز المطوع (@azizlawyer),المحامي عبدالعزيز المطوع,1931,كشاف مسائل نظام الشركات,2024
,الأنظمة والتشريعات,1,21.0 MB,PDF,abdulaziz_almutawa_1964,عنوان ورابط رسالة عامة فقط؛ لم يُحمّل الملف.,,False,,,https://t.me/azizlawyer/1964,كتاب,,قناة ثقافة قانونية — المحامي عبدالعزيز المطوع (@azizlawyer),المحامي عبدالعزيز المطوع,1964,كتاب مسائل حوكمة الشركات,2024
,الأنظمة والتشريعات,1,8.8 MB,PDF,abdulaziz_almutawa_1970,عنوان ورابط رسالة عامة فقط؛ لم يُحمّل الملف.,,False,,,https://t.me/azizlawyer/1970,دليل,,قناة ثقافة قانونية — المحامي عبدالعزيز المطوع (@azizlawyer),المحامي عبدالعزيز المطوع,1970,دليل قواعد عمل اللجان الزكوية والضريبية والجمركية,2024
,الأنظمة والتشريعات,1,305.2 KB,PDF,abdulaziz_almutawa_1972,عنوان ورابط رسالة عامة فقط؛ لم يُحمّل الملف.,,False,,,https://t.me/azizlawyer/1972,كتاب,,قناة ثقافة قانونية — المحامي عبدالعزيز المطوع (@azizlawyer),المحامي عبدالعزيز المطوع,1972,عقد الفرنشايز,2024
,القضاء والإثبات,1,136.7 KB,PDF,abdulaziz_almutawa_1986,عنوان ورابط رسالة عامة فقط؛ لم يُحمّل الملف.,,False,,,https://t.me/azizlawyer/1986,نظام,,قناة ثقافة قانونية — المحامي عبدالعزيز المطوع (@azizlawyer),المحامي عبدالعزيز المطوع,1986,الموافقة على تعديل بعض مواد اللائحة التنفيذية لنظام المنافسات,2024
,الأنظمة والتشريعات,1,14.1 MB,PDF,abdulaziz_almutawa_1990,عنوان ورابط رسالة عامة فقط؛ لم يُحمّل الملف.,,False,,,https://t.me/azizlawyer/1990,نظام,,قناة ثقافة قانونية — المحامي عبدالعزيز المطوع (@azizlawyer),المحامي عبدالعزيز المطوع,1990,نظام الشركات - خالد المالكي,2024
,القضاء والإثبات,1,2.9 MB,PDF,abdulaziz_almutawa_2016,عنوان ورابط رسالة عامة فقط؛ لم يُحمّل الملف.,,False,,,https://t.me/azizlawyer/2016,نظام,,قناة ثقافة قانونية — المحامي عبدالعزيز المطوع (@azizlawyer),المحامي عبدالعزيز المطوع,2016,اللائحة التنفيذية لنظام بيع وتأجير مشروعات عقارية على الخارطة,2024
,الأنظمة والتشريعات,1,978.7 KB,PDF,abdulaziz_almutawa_2019,عنوان ورابط رسالة عامة فقط؛ لم يُحمّل الملف.,,False,,,https://t.me/azizlawyer/2019,نظام,,قناة ثقافة قانونية — المحامي عبدالعزيز المطوع (@azizlawyer),المحامي عبدالعزيز المطوع,2019,تقدير التعويض في نظام المعاملات المدنية,2024
,الأنظمة والتشريعات,1,288.4 KB,PDF,abdulaziz_almutawa_2021,عنوان ورابط رسالة عامة فقط؛ لم يُحمّل الملف.,,False,,,https://t.me/azizlawyer/2021,نظام,,قناة ثقافة قانونية — المحامي عبدالعزيز المطوع (@azizlawyer),المحامي عبدالعزيز المطوع,2021,لحالات التقادم في نظام المعاملات المدنية السعودي,2024
,الأنظمة والتشريعات,1,1.6 MB,PDF,abdulaziz_almutawa_2040,عنوان ورابط رسالة عامة فقط؛ لم يُحمّل الملف.,,False,,,https://t.me/azizlawyer/2040,دليل,,قناة ثقافة قانونية — المحامي عبدالعزيز المطوع (@azizlawyer),المحامي عبدالعزيز المطوع,2040,الدليل الإجرائي لتنظيم العمل المرن,2024
,الأنظمة والتشريعات,1,383.5 KB,PDF,abdulaziz_almutawa_2042,عنوان ورابط رسالة عامة فقط؛ لم يُحمّل الملف.,,False,,,https://t.me/azizlawyer/2042,نظام,,قناة ثقافة قانونية — المحامي عبدالعزيز المطوع (@azizlawyer),المحامي عبدالعزيز المطوع,2042,لائحة الوظائف التعليمية,2024
,الأنظمة والتشريعات,1,563.2 KB,PDF,abdulaziz_almutawa_2044,عنوان ورابط رسالة عامة فقط؛ لم يُحمّل الملف.,,False,,,https://t.me/azizlawyer/2044,نظام,,قناة ثقافة قانونية — المحامي عبدالعزيز المطوع (@azizlawyer),المحامي عبدالعزيز المطوع,2044,نظام الخدمة المدنية 1442,2024
,القضاء والإثبات,1,673.4 KB,PDF,abdulaziz_almutawa_2045,عنوان ورابط رسالة عامة فقط؛ لم يُحمّل الملف.,,False,,,https://t.me/azizlawyer/2045,نظام,,قناة ثقافة قانونية — المحامي عبدالعزيز المطوع (@azizlawyer),المحامي عبدالعزيز المطوع,2045,اللائحة التنفيذية للموارد البشرية,2024
,الأنظمة والتشريعات,1,377.3 KB,PDF,abdulaziz_almutawa_2046,عنوان ورابط رسالة عامة فقط؛ لم يُحمّل الملف.,,False,,,https://t.me/azizlawyer/2046,نظام,,قناة ثقافة قانونية — المحامي عبدالعزيز المطوع (@azizlawyer),المحامي عبدالعزيز المطوع,2046,لائحة المستخدمين 1442,2024
,الأنظمة والتشريعات,1,665.4 KB,PDF,abdulaziz_almutawa_2047,عنوان ورابط رسالة عامة فقط؛ لم يُحمّل الملف.,,False,,,https://t.me/azizlawyer/2047,نظام,,قناة ثقافة قانونية — المحامي عبدالعزيز المطوع (@azizlawyer),المحامي عبدالعزيز المطوع,2047,لائحة الحقوق والمزايا المالية الهوية الجديدة ذوالقعدة 1442ه,2024
,الأنظمة والتشريعات,1,423.5 KB,PDF,abdulaziz_almutawa_2049,عنوان ورابط رسالة عامة فقط؛ لم يُحمّل الملف.,,False,,,https://t.me/azizlawyer/2049,نظام,,قناة ثقافة قانونية — المحامي عبدالعزيز المطوع (@azizlawyer),المحامي عبدالعزيز المطوع,2049,لائحة المعينين على بند الاجور,2024
,الأنظمة والتشريعات,1,1.3 MB,PDF,abdulaziz_almutawa_2051,عنوان ورابط رسالة عامة فقط؛ لم يُحمّل الملف.,,False,,,https://t.me/azizlawyer/2051,نظام,,قناة ثقافة قانونية — المحامي عبدالعزيز المطوع (@azizlawyer),المحامي عبدالعزيز المطوع,2051,المسؤوليات في نظام الشركات ١٤٤٣,2024
,الأنظمة والتشريعات,1,14.1 MB,PDF,abdulaziz_almutawa_2052,عنوان ورابط رسالة عامة فقط؛ لم يُحمّل الملف.,,False,,,https://t.me/azizlawyer/2052,نظام,,قناة ثقافة قانونية — المحامي عبدالعزيز المطوع (@azizlawyer),المحامي عبدالعزيز المطوع,2052,نظام الشركات مع الفهارس,2024
,الأنظمة والتشريعات,1,437.7 KB,PDF,abdulaziz_almutawa_2059,عنوان ورابط رسالة عامة فقط؛ لم يُحمّل الملف.,,False,,,https://t.me/azizlawyer/2059,كتاب,,قناة ثقافة قانونية — المحامي عبدالعزيز المطوع (@azizlawyer),المحامي عبدالعزيز المطوع,2059,الاختصاص في حجز وبيع حصص ملكية المنفذ ضده في الشركات 1445,2024
,القضاء والإثبات,1,7.5 MB,PDF,abdulaziz_almutawa_2064,عنوان ورابط رسالة عامة فقط؛ لم يُحمّل الملف.,,False,,,https://t.me/azizlawyer/2064,كتاب,,قناة ثقافة قانونية — المحامي عبدالعزيز المطوع (@azizlawyer),المحامي عبدالعزيز المطوع,2064,كتاب تسبيب الاحكام القضائية في الشريعة الاسلامية,2024
,الأنظمة والتشريعات,1,685.8 KB,PDF,abdulaziz_almutawa_2077,عنوان ورابط رسالة عامة فقط؛ لم يُحمّل الملف.,,False,,,https://t.me/azizlawyer/2077,كتاب,,قناة ثقافة قانونية — المحامي عبدالعزيز المطوع (@azizlawyer),المحامي عبدالعزيز المطوع,2077,المستجدات في عقود الشركات,2024
,الأنظمة والتشريعات,1,5.6 MB,PDF,abdulaziz_almutawa_2122,عنوان ورابط رسالة عامة فقط؛ لم يُحمّل الملف.,,False,,,https://t.me/azizlawyer/2122,نظام,,قناة ثقافة قانونية — المحامي عبدالعزيز المطوع (@azizlawyer),المحامي عبدالعزيز المطوع,2122,تعديلات نظام التامينات الاجتماعية 1445,2024
,الأنظمة والتشريعات,1,1.2 MB,PDF,abdulaziz_almutawa_2131,عنوان ورابط رسالة عامة فقط؛ لم يُحمّل الملف.,,False,,,https://t.me/azizlawyer/2131,نظام,,قناة ثقافة قانونية — المحامي عبدالعزيز المطوع (@azizlawyer),المحامي عبدالعزيز المطوع,2131,لائحة الاحتراف وأوضاع اللاعبين وانتقالاتهم 2024 2025,2024
,الأنظمة والتشريعات,1,1.9 MB,PDF,abdulaziz_almutawa_2174,عنوان ورابط رسالة عامة فقط؛ لم يُحمّل الملف.,,False,,,https://t.me/azizlawyer/2174,نظام,,قناة ثقافة قانونية — المحامي عبدالعزيز المطوع (@azizlawyer),المحامي عبدالعزيز المطوع,2174,تعديلات نظام العمل 1446,2024
,الأنظمة والتشريعات,1,387.8 KB,PDF,abdulaziz_almutawa_2181,عنوان ورابط رسالة عامة فقط؛ لم يُحمّل الملف.,,False,,,https://t.me/azizlawyer/2181,نظام,,قناة ثقافة قانونية — المحامي عبدالعزيز المطوع (@azizlawyer),المحامي عبدالعزيز المطوع,2181,نظام الاستثمار 2024,2024
,القضاء والإثبات,1,2.3 MB,PDF,abdulaziz_almutawa_2182,عنوان ورابط رسالة عامة فقط؛ لم يُحمّل الملف.,,False,,,https://t.me/azizlawyer/2182,نظام,,قناة ثقافة قانونية — المحامي عبدالعزيز المطوع (@azizlawyer),المحامي عبدالعزيز المطوع,2182,النسخة التنفيذية لنظام الاستثمار المحدث 2024,2024
,الأنظمة والتشريعات,1,769.0 KB,PDF,abdulaziz_almutawa_2197,عنوان ورابط رسالة عامة فقط؛ لم يُحمّل الملف.,,False,,,https://t.me/azizlawyer/2197,نظام,,قناة ثقافة قانونية — المحامي عبدالعزيز المطوع (@azizlawyer),المحامي عبدالعزيز المطوع,2197,القواعد والمسائل القانونية في إدارة الشركات1,2024
,الأنظمة والتشريعات,1,329.7 KB,PDF,abdulaziz_almutawa_2258,عنوان ورابط رسالة عامة فقط؛ لم يُحمّل الملف.,,False,,,https://t.me/azizlawyer/2258,نظام,,قناة ثقافة قانونية — المحامي عبدالعزيز المطوع (@azizlawyer),المحامي عبدالعزيز المطوع,2258,لائحة العمالة المنزلية ومن في حكمهم 1446,2024
,الأنظمة والتشريعات,1,2.9 MB,PDF,abdulaziz_almutawa_2272,عنوان ورابط رسالة عامة فقط؛ لم يُحمّل الملف.,,False,,,https://t.me/azizlawyer/2272,نظام,,قناة ثقافة قانونية — المحامي عبدالعزيز المطوع (@azizlawyer),المحامي عبدالعزيز المطوع,2272,تعديل بعض مواد نظام العمل,2024
,المحاماة والمرافعات,1,2.5 MB,PDF,abdulaziz_almutawa_2290,عنوان ورابط رسالة عامة فقط؛ لم يُحمّل الملف.,,False,,,https://t.me/azizlawyer/2290,كتاب,,قناة ثقافة قانونية — المحامي عبدالعزيز المطوع (@azizlawyer),المحامي عبدالعزيز المطوع,2290,المحامي الوكيل بالخصومة مسائل وأحكام لعام 1445,2024
,القضاء والإثبات,1,2.3 MB,PDF,abdulaziz_almutawa_2295,عنوان ورابط رسالة عامة فقط؛ لم يُحمّل الملف.,,False,,,https://t.me/azizlawyer/2295,كتاب,,قناة ثقافة قانونية — المحامي عبدالعزيز المطوع (@azizlawyer),المحامي عبدالعزيز المطوع,2295,تعميم محضر اللجنة للقضاء التجاري,2024
,الأنظمة والتشريعات,1,2.2 MB,PDF,abdulaziz_almutawa_2302,عنوان ورابط رسالة عامة فقط؛ لم يُحمّل الملف.,,False,,,https://t.me/azizlawyer/2302,نظام,,قناة ثقافة قانونية — المحامي عبدالعزيز المطوع (@azizlawyer),المحامي عبدالعزيز المطوع,2302,نظام السجل التجاري الجديد,2024
,الأنظمة والتشريعات,1,7.1 MB,PDF,abdulaziz_almutawa_2304,عنوان ورابط رسالة عامة فقط؛ لم يُحمّل الملف.,,False,,,https://t.me/azizlawyer/2304,دليل,,قناة ثقافة قانونية — المحامي عبدالعزيز المطوع (@azizlawyer),المحامي عبدالعزيز المطوع,2304,نظام المساهمات العقارية مقدمة وفهرس,2024
,الأنظمة والتشريعات,1,62.9 MB,PDF,abdulaziz_almutawa_2328,عنوان ورابط رسالة عامة فقط؛ لم يُحمّل الملف.,,False,,,https://t.me/azizlawyer/2328,نظام,,قناة ثقافة قانونية — المحامي عبدالعزيز المطوع (@azizlawyer),المحامي عبدالعزيز المطوع,2328,اسئلة وأجوبة في نظام الشركات,2024
,التحكيم والوساطة,1,431.1 KB,PDF,abdulaziz_almutawa_2351,عنوان ورابط رسالة عامة فقط؛ لم يُحمّل الملف.,,False,,,https://t.me/azizlawyer/2351,نظام,,قناة ثقافة قانونية — المحامي عبدالعزيز المطوع (@azizlawyer),المحامي عبدالعزيز المطوع,2351,لائحة غرفة التحكيم المختصة بالنظر في طلبات التحكيم الاستئنافي,2024
,القضاء والإثبات,1,2.8 MB,PDF,abdulaziz_almutawa_2428,عنوان ورابط رسالة عامة فقط؛ لم يُحمّل الملف.,,False,,,https://t.me/azizlawyer/2428,شرح,,قناة ثقافة قانونية — المحامي عبدالعزيز المطوع (@azizlawyer),المحامي عبدالعزيز المطوع,2428,شرح نظام الإثبات من إعداد من مركز البحوث بوزارة العدل,2024
,الأحوال الشخصية والتركات,1,931.6 KB,PDF,abdulaziz_almutawa_2436,عنوان ورابط رسالة عامة فقط؛ لم يُحمّل الملف.,,False,,,https://t.me/azizlawyer/2436,كتاب,,قناة ثقافة قانونية — المحامي عبدالعزيز المطوع (@azizlawyer),المحامي عبدالعزيز المطوع,2436,مسألة استرداد الرسوم الدراسية في الجامعات السعودية,2024
,التحكيم والوساطة,1,1.3 MB,PDF,abdulaziz_almutawa_2438,عنوان ورابط رسالة عامة فقط؛ لم يُحمّل الملف.,,False,,,https://t.me/azizlawyer/2438,نظام,,قناة ثقافة قانونية — المحامي عبدالعزيز المطوع (@azizlawyer),المحامي عبدالعزيز المطوع,2438,نظام الوساطة العقارية ولوائحه التنفيذية والتنظيمية عمر الجماز,2024
,الأنظمة والتشريعات,1,1.9 MB,PDF,abdulaziz_almutawa_2449,عنوان ورابط رسالة عامة فقط؛ لم يُحمّل الملف.,,False,,,https://t.me/azizlawyer/2449,نظام,,قناة ثقافة قانونية — المحامي عبدالعزيز المطوع (@azizlawyer),المحامي عبدالعزيز المطوع,2449,تعديلات مواد نظام العمل,2024
,الأنظمة والتشريعات,1,154.3 KB,PDF,abdulaziz_almutawa_2461,عنوان ورابط رسالة عامة فقط؛ لم يُحمّل الملف.,,False,,,https://t.me/azizlawyer/2461,كتاب,,قناة ثقافة قانونية — المحامي عبدالعزيز المطوع (@azizlawyer),المحامي عبدالعزيز المطوع,2461,أثر العقد ونفاذه بالنسبة للأشخاص,2025
,التحكيم والوساطة,1,7.3 MB,PDF,abdulaziz_almutawa_2466,عنوان ورابط رسالة عامة فقط؛ لم يُحمّل الملف.,,False,,,https://t.me/azizlawyer/2466,نظام,,قناة ثقافة قانونية — المحامي عبدالعزيز المطوع (@azizlawyer),المحامي عبدالعزيز المطوع,2466,اللائحة التنفيذية لنظام الوساطة العقارية لعام 1444ه,2025
,الأنظمة والتشريعات,1,13.6 MB,PDF,abdulaziz_almutawa_2470,عنوان ورابط رسالة عامة فقط؛ لم يُحمّل الملف.,,False,,,https://t.me/azizlawyer/2470,دليل,,قناة ثقافة قانونية — المحامي عبدالعزيز المطوع (@azizlawyer),المحامي عبدالعزيز المطوع,2470,دليل الشهادات المهنية في المجال القانوني,2025
,القضاء والإثبات,1,1.1 MB,PDF,abdulaziz_almutawa_2529,عنوان ورابط رسالة عامة فقط؛ لم يُحمّل الملف.,,False,,,https://t.me/azizlawyer/2529,نظام,,قناة ثقافة قانونية — المحامي عبدالعزيز المطوع (@azizlawyer),المحامي عبدالعزيز المطوع,2529,نظام الأسلحة والذخائر ولائحته التنفيذية,2025
,الأنظمة والتشريعات,1,1007.1 KB,PDF,abdulaziz_almutawa_2532,عنوان ورابط رسالة عامة فقط؛ لم يُحمّل الملف.,,False,,,https://t.me/azizlawyer/2532,نظام,,قناة ثقافة قانونية — المحامي عبدالعزيز المطوع (@azizlawyer),المحامي عبدالعزيز المطوع,2532,نظام العمل 2-2025,2025
,الأحوال الشخصية والتركات,1,1.6 MB,PDF,abdulaziz_almutawa_2536,عنوان ورابط رسالة عامة فقط؛ لم يُحمّل الملف.,,False,,,https://t.me/azizlawyer/2536,نظام,,قناة ثقافة قانونية — المحامي عبدالعزيز المطوع (@azizlawyer),المحامي عبدالعزيز المطوع,2536,لائحة نظام الأحوال الشخصية 1446,2025
,الأنظمة والتشريعات,1,529.5 KB,PDF,abdulaziz_almutawa_2585,عنوان ورابط رسالة عامة فقط؛ لم يُحمّل الملف.,,False,,,https://t.me/azizlawyer/2585,نظام,,قناة ثقافة قانونية — المحامي عبدالعزيز المطوع (@azizlawyer),المحامي عبدالعزيز المطوع,2585,لائحة تنظيم عقد العمل البحري 1446,2025
,القضاء والإثبات,1,201.2 KB,PDF,abdulaziz_almutawa_2591,عنوان ورابط رسالة عامة فقط؛ لم يُحمّل الملف.,,False,,,https://t.me/azizlawyer/2591,نظام,,قناة ثقافة قانونية — المحامي عبدالعزيز المطوع (@azizlawyer),المحامي عبدالعزيز المطوع,2591,القواعد التنفيذية للائحة التعليم الالكترونية,2025
,القضاء والإثبات,1,287.1 KB,PDF,abdulaziz_almutawa_2612,عنوان ورابط رسالة عامة فقط؛ لم يُحمّل الملف.,,False,,,https://t.me/azizlawyer/2612,دليل,,قناة ثقافة قانونية — المحامي عبدالعزيز المطوع (@azizlawyer),المحامي عبدالعزيز المطوع,2612,الدليل الإرشادي لإجراءات الحراسة القضائية,2025
,الأنظمة والتشريعات,1,14.1 MB,PDF,abdulaziz_almutawa_2626,عنوان ورابط رسالة عامة فقط؛ لم يُحمّل الملف.,,False,,,https://t.me/azizlawyer/2626,بحث,,قناة ثقافة قانونية — المحامي عبدالعزيز المطوع (@azizlawyer),المحامي عبدالعزيز المطوع,2626,نظام الشركات مع الفهارس وبعض التعليقات المتعلقة به، مدعماً بعدد,2025
,الأنظمة والتشريعات,1,176.9 KB,PDF,abdulaziz_almutawa_2637,عنوان ورابط رسالة عامة فقط؛ لم يُحمّل الملف.,,False,,,https://t.me/azizlawyer/2637,نظام,,قناة ثقافة قانونية — المحامي عبدالعزيز المطوع (@azizlawyer),المحامي عبدالعزيز المطوع,2637,تعديل نظام رسوم الأراضي البيضاء 2025,2025
,التحكيم والوساطة,1,466.2 KB,PDF,abdulaziz_almutawa_2657,عنوان ورابط رسالة عامة فقط؛ لم يُحمّل الملف.,,False,,,https://t.me/azizlawyer/2657,نظام,,قناة ثقافة قانونية — المحامي عبدالعزيز المطوع (@azizlawyer),المحامي عبدالعزيز المطوع,2657,النظام الأساسي لمركز التحكيم الرياضي السعودي 2023,2025
,القضاء والإثبات,1,1.9 MB,PDF,abdulaziz_almutawa_2690,عنوان ورابط رسالة عامة فقط؛ لم يُحمّل الملف.,,False,,,https://t.me/azizlawyer/2690,نظام,,قناة ثقافة قانونية — المحامي عبدالعزيز المطوع (@azizlawyer),المحامي عبدالعزيز المطوع,2690,نظام ايرادات الدولة واللائحة التنفيذية,2025
,القضاء والإثبات,1,3.0 MB,PDF,abdulaziz_almutawa_2704,عنوان ورابط رسالة عامة فقط؛ لم يُحمّل الملف.,,False,,,https://t.me/azizlawyer/2704,نظام,,قناة ثقافة قانونية — المحامي عبدالعزيز المطوع (@azizlawyer),المحامي عبدالعزيز المطوع,2704,نظام التوثيق ولائحته التنفيذية الإصدار الأول محرم1447ه,2025
,الأحوال الشخصية والتركات,1,3.5 MB,PDF,abdulaziz_almutawa_2705,عنوان ورابط رسالة عامة فقط؛ لم يُحمّل الملف.,,False,,,https://t.me/azizlawyer/2705,كتاب,,قناة ثقافة قانونية — المحامي عبدالعزيز المطوع (@azizlawyer),المحامي عبدالعزيز المطوع,2705,الاشتراطات البلدية للورش المهنية,2025
,الأنظمة والتشريعات,1,435.8 KB,PDF,abdulaziz_almutawa_2718,عنوان ورابط رسالة عامة فقط؛ لم يُحمّل الملف.,,False,,,https://t.me/azizlawyer/2718,نظام,,قناة ثقافة قانونية — المحامي عبدالعزيز المطوع (@azizlawyer),المحامي عبدالعزيز المطوع,2718,الأسئلة والإجابات للنظام المحدث لتملك غير السعوديين للعقار,2025
,التحكيم والوساطة,1,3.1 MB,PDF,abdulaziz_almutawa_2724,عنوان ورابط رسالة عامة فقط؛ لم يُحمّل الملف.,,False,,,https://t.me/azizlawyer/2724,نظام,,قناة ثقافة قانونية — المحامي عبدالعزيز المطوع (@azizlawyer),المحامي عبدالعزيز المطوع,2724,تعديلات نظام المحاماة والتوثيق والتحكيم,2025
,الأنظمة والتشريعات,1,5.5 MB,PDF,abdulaziz_almutawa_2765,عنوان ورابط رسالة عامة فقط؛ لم يُحمّل الملف.,,False,,,https://t.me/azizlawyer/2765,نظام,,قناة ثقافة قانونية — المحامي عبدالعزيز المطوع (@azizlawyer),المحامي عبدالعزيز المطوع,2765,نظام نزع الملكية للمنفعة العامة ١٤٤٧ه,2025
,الأنظمة والتشريعات,1,5.5 MB,PDF,abdulaziz_almutawa_2772,عنوان ورابط رسالة عامة فقط؛ لم يُحمّل الملف.,,False,,,https://t.me/azizlawyer/2772,نظام,,قناة ثقافة قانونية — المحامي عبدالعزيز المطوع (@azizlawyer),المحامي عبدالعزيز المطوع,2772,نظام نزع الملكية للمنفعة العامة ١٤٤٧ه 2,2025
,الأحوال الشخصية والتركات,1,1.7 MB,PDF,abdulaziz_almutawa_2786,عنوان ورابط رسالة عامة فقط؛ لم يُحمّل الملف.,,False,,,https://t.me/azizlawyer/2786,نظام,,قناة ثقافة قانونية — المحامي عبدالعزيز المطوع (@azizlawyer),المحامي عبدالعزيز المطوع,2786,القواعد التنفيذية للائحة الجزاءات عن المخالفات البلدية,2025
,التحكيم والوساطة,1,20.7 MB,PDF,abdulaziz_almutawa_2798,عنوان ورابط رسالة عامة فقط؛ لم يُحمّل الملف.,,False,,,https://t.me/azizlawyer/2798,كتاب,,قناة ثقافة قانونية — المحامي عبدالعزيز المطوع (@azizlawyer),المحامي عبدالعزيز المطوع,2798,مبادئ المحكمة الإدارية العليا,2025
,الأحوال الشخصية والتركات,1,1.5 MB,PDF,abdulaziz_almutawa_2812,عنوان ورابط رسالة عامة فقط؛ لم يُحمّل الملف.,,False,,,https://t.me/azizlawyer/2812,نظام,,قناة ثقافة قانونية — المحامي عبدالعزيز المطوع (@azizlawyer),المحامي عبدالعزيز المطوع,2812,اللائحة الأساسية للأندية الرياضية 23مايو 2024,2025
,الأنظمة والتشريعات,1,2.0 MB,PDF,abdulaziz_almutawa_2820,عنوان ورابط رسالة عامة فقط؛ لم يُحمّل الملف.,,False,,,https://t.me/azizlawyer/2820,نظام,,قناة ثقافة قانونية — المحامي عبدالعزيز المطوع (@azizlawyer),المحامي عبدالعزيز المطوع,2820,قواعد المستفيد الحقيقي وزراة التجارة,2025
,الأنظمة والتشريعات,1,5.8 MB,PDF,abdulaziz_almutawa_2821,عنوان ورابط رسالة عامة فقط؛ لم يُحمّل الملف.,,False,,,https://t.me/azizlawyer/2821,نظام,,قناة ثقافة قانونية — المحامي عبدالعزيز المطوع (@azizlawyer),المحامي عبدالعزيز المطوع,2821,نظام الرياضة 2026,2025
,المحاماة والمرافعات,1,723.9 KB,PDF,abdulaziz_almutawa_2825,عنوان ورابط رسالة عامة فقط؛ لم يُحمّل الملف.,,False,,,https://t.me/azizlawyer/2825,دليل,,قناة ثقافة قانونية — المحامي عبدالعزيز المطوع (@azizlawyer),المحامي عبدالعزيز المطوع,2825,الدليل الإرشادي للمرخَّصين بمزاولة مهنة المحاماة والتوثيق بشأن,2025
,القضاء والإثبات,1,1.2 MB,PDF,abdulaziz_almutawa_2845,عنوان ورابط رسالة عامة فقط؛ لم يُحمّل الملف.,,False,,,https://t.me/azizlawyer/2845,نظام,,قناة ثقافة قانونية — المحامي عبدالعزيز المطوع (@azizlawyer),المحامي عبدالعزيز المطوع,2845,نظام الامتياز التجاري ولائحته التنفيذية وملحقاته وليد إبراهيم,2026
,الأنظمة والتشريعات,1,453.0 KB,PDF,abdulaziz_almutawa_2849,عنوان ورابط رسالة عامة فقط؛ لم يُحمّل الملف.,,False,,,https://t.me/azizlawyer/2849,نظام,,قناة ثقافة قانونية — المحامي عبدالعزيز المطوع (@azizlawyer),المحامي عبدالعزيز المطوع,2849,اللائحة التنظيمية للاستشارات والتحليلات العقارية لعام 1445ه,2026
,القضاء والإثبات,1,16.7 MB,PDF,abdulaziz_almutawa_2856,عنوان ورابط رسالة عامة فقط؛ لم يُحمّل الملف.,,False,,,https://t.me/azizlawyer/2856,نظام,,قناة ثقافة قانونية — المحامي عبدالعزيز المطوع (@azizlawyer),المحامي عبدالعزيز المطوع,2856,اللائحة التنفيذية لنظام مراقبة شركات التمويل 2 7 1447,2026
,الأنظمة والتشريعات,1,133.7 KB,PDF,abdulaziz_almutawa_2866,عنوان ورابط رسالة عامة فقط؛ لم يُحمّل الملف.,,False,,,https://t.me/azizlawyer/2866,نظام,,قناة ثقافة قانونية — المحامي عبدالعزيز المطوع (@azizlawyer),المحامي عبدالعزيز المطوع,2866,قواعد العمل في مكاتب المصالحة,2026
,الأنظمة والتشريعات,1,5.0 MB,PDF,abdulaziz_almutawa_2883,عنوان ورابط رسالة عامة فقط؛ لم يُحمّل الملف.,,False,,,https://t.me/azizlawyer/2883,نظام,,قناة ثقافة قانونية — المحامي عبدالعزيز المطوع (@azizlawyer),المحامي عبدالعزيز المطوع,2883,نظام حقوق المؤلف,2026
,الأنظمة والتشريعات,1,33.6 MB,PDF,abdulaziz_almutawa_2886,عنوان ورابط رسالة عامة فقط؛ لم يُحمّل الملف.,,False,,,https://t.me/azizlawyer/2886,كتاب,,قناة ثقافة قانونية — المحامي عبدالعزيز المطوع (@azizlawyer),المحامي عبدالعزيز المطوع,2886,مخالفات العمل 6-9-1447,2026
,التحكيم والوساطة,1,565.1 KB,PDF,abdulaziz_almutawa_2901,عنوان ورابط رسالة عامة فقط؛ لم يُحمّل الملف.,,False,,,https://t.me/azizlawyer/2901,نظام,,قناة ثقافة قانونية — المحامي عبدالعزيز المطوع (@azizlawyer),المحامي عبدالعزيز المطوع,2901,القواعد الإجرائية لمركز التحكيم الرياضي 24,2026
,الأنظمة والتشريعات,1,5.0 MB,PDF,abdulaziz_almutawa_2930,عنوان ورابط رسالة عامة فقط؛ لم يُحمّل الملف.,,False,,,https://t.me/azizlawyer/2930,نظام,,قناة ثقافة قانونية — المحامي عبدالعزيز المطوع (@azizlawyer),المحامي عبدالعزيز المطوع,2930,نظام حقوق المؤلف الجديد 2026 1447,2026
,القضاء والإثبات,1,1.0 MB,PDF,abdulaziz_almutawa_2931,عنوان ورابط رسالة عامة فقط؛ لم يُحمّل الملف.,,False,,,https://t.me/azizlawyer/2931,كتاب,,قناة ثقافة قانونية — المحامي عبدالعزيز المطوع (@azizlawyer),المحامي عبدالعزيز المطوع,2931,مسقطات العقوبة الجنائية,2026
,الأنظمة والتشريعات,1,4.5 MB,PDF,abdulaziz_almutawa_2945,عنوان ورابط رسالة عامة فقط؛ لم يُحمّل الملف.,,False,,,https://t.me/azizlawyer/2945,نظام,,قناة ثقافة قانونية — المحامي عبدالعزيز المطوع (@azizlawyer),المحامي عبدالعزيز المطوع,2945,النشرة التعريفية للائحة التنظيمية للتسويق والاعلانات العقارية,2026
,الأنظمة والتشريعات,1,6.6 MB,PDF,abdulaziz_almutawa_2956,عنوان ورابط رسالة عامة فقط؛ لم يُحمّل الملف.,,False,,,https://t.me/azizlawyer/2956,بحث,,قناة ثقافة قانونية — المحامي عبدالعزيز المطوع (@azizlawyer),المحامي عبدالعزيز المطوع,2956,تسبيبات نظام المعاملات المدنية عبدالمحسن الدوسري,2026
,القضاء والإثبات,1,1.5 MB,PDF,abdulaziz_almutawa_2968,عنوان ورابط رسالة عامة فقط؛ لم يُحمّل الملف.,,False,,,https://t.me/azizlawyer/2968,نظام,,قناة ثقافة قانونية — المحامي عبدالعزيز المطوع (@azizlawyer),المحامي عبدالعزيز المطوع,2968,اللائحة التنفيذية لرسوم العقارات الشاغرة,2026
,الأنظمة والتشريعات,1,566.1 KB,PDF,abdulaziz_almutawa_2980,عنوان ورابط رسالة عامة فقط؛ لم يُحمّل الملف.,,False,,,https://t.me/azizlawyer/2980,نظام,,قناة ثقافة قانونية — المحامي عبدالعزيز المطوع (@azizlawyer),المحامي عبدالعزيز المطوع,2980,المواد الملازمة لإنهاء المنازعات العمالية حسب نظام العم1 2,2026
,الأنظمة والتشريعات,1,984.5 KB,PDF,abdulaziz_almutawa_3013,عنوان ورابط رسالة عامة فقط؛ لم يُحمّل الملف.,,False,,,https://t.me/azizlawyer/3013,نظام,,قناة ثقافة قانونية — المحامي عبدالعزيز المطوع (@azizlawyer),المحامي عبدالعزيز المطوع,3013,نظام تملك غير السعوديين,2026
,الأنظمة والتشريعات,1,3.3 MB,PDF,abdulaziz_almutawa_3015,عنوان ورابط رسالة عامة فقط؛ لم يُحمّل الملف.,,False,,,https://t.me/azizlawyer/3015,دليل,,قناة ثقافة قانونية — المحامي عبدالعزيز المطوع (@azizlawyer),المحامي عبدالعزيز المطوع,3015,دليل تملك غير السعوديين للعقار,2026
,القضاء والإثبات,1,13.9 MB,PDF,abdulaziz_almutawa_3017,عنوان ورابط رسالة عامة فقط؛ لم يُحمّل الملف.,,False,,,https://t.me/azizlawyer/3017,نظام,,قناة ثقافة قانونية — المحامي عبدالعزيز المطوع (@azizlawyer),المحامي عبدالعزيز المطوع,3017,اللائحة التنفيذية لنظام مكافحة غسل الأموال,2026
,القضاء والإثبات,1,55.5 MB,PDF,abdulaziz_almutawa_3031,عنوان ورابط رسالة عامة فقط؛ لم يُحمّل الملف.,,False,,,https://t.me/azizlawyer/3031,شرح,,قناة ثقافة قانونية — المحامي عبدالعزيز المطوع (@azizlawyer),المحامي عبدالعزيز المطوع,3031,النوماس في شرح نظام الإثبات ولوائحه التنفيذية,2026
,القضاء والإثبات,1,2.8 MB,PDF,abdulaziz_almutawa_3033,عنوان ورابط رسالة عامة فقط؛ لم يُحمّل الملف.,,False,,,https://t.me/azizlawyer/3033,شرح,,قناة ثقافة قانونية — المحامي عبدالعزيز المطوع (@azizlawyer),المحامي عبدالعزيز المطوع,3033,شرح نظام الإثبات - العدل,2026
,الأنظمة والتشريعات,1,2.6 MB,PDF,abdulaziz_almutawa_3045,عنوان ورابط رسالة عامة فقط؛ لم يُحمّل الملف.,,False,,,https://t.me/azizlawyer/3045,كتاب,,قناة ثقافة قانونية — المحامي عبدالعزيز المطوع (@azizlawyer),المحامي عبدالعزيز المطوع,3045,أحكام رجوع الكفيل على المدين,2026
,القضاء والإثبات,1,354.1 KB,PDF,abdulaziz_almutawa_3048,عنوان ورابط رسالة عامة فقط؛ لم يُحمّل الملف.,,False,,,https://t.me/azizlawyer/3048,نظام,,قناة ثقافة قانونية — المحامي عبدالعزيز المطوع (@azizlawyer),المحامي عبدالعزيز المطوع,3048,أبرز أحكام الاعتراض في نظام الإفلاس ولائحته التنفيذية وقواعده,2026
,الأنظمة والتشريعات,1,850.3 KB,PDF,abdulaziz_almutawa_3071,عنوان ورابط رسالة عامة فقط؛ لم يُحمّل الملف.,,False,,,https://t.me/azizlawyer/3071,كتاب,,قناة ثقافة قانونية — المحامي عبدالعزيز المطوع (@azizlawyer),المحامي عبدالعزيز المطوع,3071,ضوابط التمديد المبكر للعقود الإيجارية,2026
,الأنظمة والتشريعات,1,1.6 MB,PDF,abdulaziz_almutawa_3108,عنوان ورابط رسالة عامة فقط؛ لم يُحمّل الملف.,,False,,,https://t.me/azizlawyer/3108,نظام,,قناة ثقافة قانونية — المحامي عبدالعزيز المطوع (@azizlawyer),المحامي عبدالعزيز المطوع,3108,لائحة صلاحيات تطبيق هيئة الرقابة ومكافحة الفساد للأحكام الواردة,2026
,الأنظمة والتشريعات,1,5.4 MB,PDF,abdulaziz_almutawa_3157,عنوان ورابط رسالة عامة فقط؛ لم يُحمّل الملف.,,False,,,https://t.me/azizlawyer/3157,نظام,,قناة ثقافة قانونية — المحامي عبدالعزيز المطوع (@azizlawyer),المحامي عبدالعزيز المطوع,3157,نظام التعليم العام,2026
