date,message_id,reason,score,text_preview,title
2022-05-18T22:17:05,1,لا يحقق معيار منشور قانوني نصي مستقل وعالي الثقة,0,,
2022-05-19T02:05:38,8,لا يحقق معيار منشور قانوني نصي مستقل وعالي الثقة,-4,https://drive.google.com/drive/u/0/mobile/folders/0ByfBlGkYELiMVU4c21QSjNqNVU,https://drive.google.com/drive/u/0/mobile/folders/0ByfBlGkYELiMVU4c21QSjNqNVU
2022-05-19T02:05:54,9,لا يحقق معيار منشور قانوني نصي مستقل وعالي الثقة,5,مكتبة قانونية,مكتبة قانونية
2022-05-19T02:11:55,10,لا يحقق معيار منشور قانوني نصي مستقل وعالي الثقة,-4,https://drive.google.com/file/d/1EnIrXhO2BCC0w9My0NUTB8Uo2XmrIEp/edit,https://drive.google.com/file/d/1EnIrXhO2BCC0w9My0NUTB8Uo2XmrIEp/edit
2022-05-19T02:28:16,11,لا يحقق معيار منشور قانوني نصي مستقل وعالي الثقة,-4,https://drive.google.com/drive/mobile/folders/0B-h3G40acMXZbEl4LS1SclBzTDQ,https://drive.google.com/drive/mobile/folders/0B-h3G40acMXZbEl4LS1SclBzTDQ
2022-05-19T02:28:29,12,لا يحقق معيار منشور قانوني نصي مستقل وعالي الثقة,-13,كتاب كشف القناع,كتاب كشف القناع
2022-05-20T14:25:40,92,لا يحقق معيار منشور قانوني نصي مستقل وعالي الثقة,-4,https://drive.google.com/drive/u/0/mobile/folders/1-ArO3mCeeFcz7Tt3UaOvFJGwmiO9b9n,https://drive.google.com/drive/u/0/mobile/folders/1-ArO3mCeeFcz7Tt3UaOvFJGwmiO9b9n
2022-05-20T14:31:12,100,لا يحقق معيار منشور قانوني نصي مستقل وعالي الثقة,-4,https://drive.google.com/drive/u/0/mobile/folders/1MzGF3lAI-FN-40Jz43gADy4aHNALkU7?usp=sharing,https://drive.google.com/drive/u/0/mobile/folders/1MzGF3lAI-FN-40Jz43gADy4aHNALkU7?usp=sharing
2022-05-20T14:31:53,101,لا يحقق معيار منشور قانوني نصي مستقل وعالي الثقة,2,نماذج عرائض (اعتراض)(اعتراضات),نماذج عرائض (اعتراض)(اعتراضات)
2022-05-20T14:38:13,109,لا يحقق معيار منشور قانوني نصي مستقل وعالي الثقة,2,الفروق بين تعارض الأدلة وتعارض البينات,الفروق بين تعارض الأدلة وتعارض البينات
2022-05-20T14:47:25,114,لا يحقق معيار منشور قانوني نصي مستقل وعالي الثقة,3,أخطاء شائعة في صياغة العقود,أخطاء شائعة في صياغة العقود
2022-05-20T15:03:44,121,لا يحقق معيار منشور قانوني نصي مستقل وعالي الثقة,-4,https://drive.google.com/drive/mobile/folders/0B-h3G40acMXZbEl4LS1SclBzTDQ,https://drive.google.com/drive/mobile/folders/0B-h3G40acMXZbEl4LS1SclBzTDQ
2022-05-20T15:03:58,122,لا يحقق معيار منشور قانوني نصي مستقل وعالي الثقة,0,كشاف القناع,كشاف القناع
2022-05-20T15:07:34,123,لا يحقق معيار منشور قانوني نصي مستقل وعالي الثقة,5,القضاء الإداري,القضاء الإداري
2022-05-20T15:08:13,126,لا يحقق معيار منشور قانوني نصي مستقل وعالي الثقة,3,الورثة أصحاب الفروض,الورثة أصحاب الفروض
2022-05-20T15:27:56,150,لا يحقق معيار منشور قانوني نصي مستقل وعالي الثقة,3,الفرق بين (الفسخ والانفساخ والتفاسخ) في العقود,الفرق بين (الفسخ والانفساخ والتفاسخ) في العقود
2022-05-20T15:36:36,160,لا يحقق معيار منشور قانوني نصي مستقل وعالي الثقة,0,30 قاعدة فقهية,30 قاعدة فقهية
2022-05-20T17:47:44,184,لا يحقق معيار منشور قانوني نصي مستقل وعالي الثقة,2,الفوائد المنتقاة من مجموعة القضاة,الفوائد المنتقاة من مجموعة القضاة
2022-05-20T17:56:34,190,لا يحقق معيار منشور قانوني نصي مستقل وعالي الثقة,3,أفراغ العقار المرهون,أفراغ العقار المرهون
2022-05-20T17:57:03,192,لا يحقق معيار منشور قانوني نصي مستقل وعالي الثقة,2,شروط الإفراغ للمواطن الخليجي,شروط الإفراغ للمواطن الخليجي
2022-05-20T17:57:58,194,لا يحقق معيار منشور قانوني نصي مستقل وعالي الثقة,3,شروط افراغ العقار,شروط افراغ العقار
2022-05-20T18:09:49,205,لا يحقق معيار منشور قانوني نصي مستقل وعالي الثقة,3,نماذج عقود جاهزة,نماذج عقود جاهزة
2022-05-20T18:09:50,206,لا يحقق معيار منشور قانوني نصي مستقل وعالي الثقة,-6,https://www.bibliotdroit.com/2019/04/300-doc.html,https://www.bibliotdroit.com/2019/04/300-doc.html
2022-05-20T18:20:50,214,لا يحقق معيار منشور قانوني نصي مستقل وعالي الثقة,4,الآلية الجديـــــــدة لإجــراءات قــرار 46 فــي المحكـــــمة الافتراضيةللتنفــيذ,الآلية الجديـــــــدة لإجــراءات قــرار 46 فــي المحكـــــمة الافتراضيةللتنفــيذ
2022-05-20T18:33:15,219,لا يحقق معيار منشور قانوني نصي مستقل وعالي الثقة,-6,تعميم/ إلزام المحكوم له بإحضار المحكوم عليه لإكمال إجراءات الإفراغ، فيه ضرر كبير عليه؛ لأن حقه أصبح معلقاً بحضور خصمه لكتابة العدل وعليه يكتفى بصك الحكم,تعميم/ إلزام المحكوم له بإحضار المحكوم عليه لإكمال إجراءات الإفراغ، فيه ضرر كبير عليه؛ لأن حقه أصبح معلقاً بحضور خصمه لكتابة العدل وعليه يكتفى بصك الحكم
2022-05-20T18:35:12,223,لا يحقق معيار منشور قانوني نصي مستقل وعالي الثقة,3,المبالغ المستثناة من الحجز بموجب الأوامر القضائية,المبالغ المستثناة من الحجز بموجب الأوامر القضائية
2022-05-20T18:40:42,227,لا يحقق معيار منشور قانوني نصي مستقل وعالي الثقة,-4,https://www.docdroid.net/PWiS19H/ktab-almaaayyr-alshraay-pdf,https://www.docdroid.net/PWiS19H/ktab-almaaayyr-alshraay-pdf
2022-05-21T00:28:09,242,لا يحقق معيار منشور قانوني نصي مستقل وعالي الثقة,0,أنواع القرائن,أنواع القرائن
2022-05-21T00:30:11,244,لا يحقق معيار منشور قانوني نصي مستقل وعالي الثقة,7,مكتبية إمارة القصيم القانونية,مكتبية إمارة القصيم القانونية
2022-05-21T00:30:11,245,لا يحقق معيار منشور قانوني نصي مستقل وعالي الثقة,-4,http://www.alqassim.gov.sa/lawlibrary/Arabic/pages/default.aspx,http://www.alqassim.gov.sa/lawlibrary/Arabic/pages/default.aspx
2022-05-21T00:37:17,248,تطابق عنواني منضبط مع مادة قائمة أو مرشحة,8,الفرق بين الإقرار القضائي والإقرار غير القضائي,الفرق بين الإقرار القضائي والإقرار غير القضائي
2022-05-21T01:46:26,252,لا يحقق معيار منشور قانوني نصي مستقل وعالي الثقة,6,فصل الموظف بسبب صدور حكم جزائي,فصل الموظف بسبب صدور حكم جزائي
2022-05-21T01:48:53,254,لا يحقق معيار منشور قانوني نصي مستقل وعالي الثقة,4,مـتـى يُـكـيَّـف عـقـد المحـامـاة (وكـالـة) أو (إجـارة) أو (جُـعـالـة)؟,مـتـى يُـكـيَّـف عـقـد المحـامـاة (وكـالـة) أو (إجـارة) أو (جُـعـالـة)؟
2022-05-21T01:49:27,256,لا يحقق معيار منشور قانوني نصي مستقل وعالي الثقة,4,عقوبات التعدي على العلامة التجارية,عقوبات التعدي على العلامة التجارية
2022-05-21T01:50:24,258,لا يحقق معيار منشور قانوني نصي مستقل وعالي الثقة,7,نظام الأسلحة والذخائر,نظام الأسلحة والذخائر
2022-05-21T01:59:49,260,لا يحقق معيار منشور قانوني نصي مستقل وعالي الثقة,2,طلبات الاعتراض والنقض,طلبات الاعتراض والنقض
2022-05-21T02:00:30,262,لا يحقق معيار منشور قانوني نصي مستقل وعالي الثقة,3,ضوابط اعلان المحامي,ضوابط اعلان المحامي
2022-05-21T02:02:12,264,لا يحقق معيار منشور قانوني نصي مستقل وعالي الثقة,3,"الفرق بين الضرر الأدبي ""المعنوي"" والضرر المالي","الفرق بين الضرر الأدبي ""المعنوي"" والضرر المالي"
2022-05-21T02:07:30,266,لا يحقق معيار منشور قانوني نصي مستقل وعالي الثقة,2,الفرق بين القتل العمد وشبة العمد,الفرق بين القتل العمد وشبة العمد
2022-05-21T02:10:10,270,لا يحقق معيار منشور قانوني نصي مستقل وعالي الثقة,2,الفرق بين الشخصية الطبيعية والشخصية الاعتبارية,الفرق بين الشخصية الطبيعية والشخصية الاعتبارية
2022-05-21T02:10:49,272,لا يحقق معيار منشور قانوني نصي مستقل وعالي الثقة,7,مذكرات قانونية مختلفة,مذكرات قانونية مختلفة
2022-05-21T02:10:49,273,لا يحقق معيار منشور قانوني نصي مستقل وعالي الثقة,-4,https://drive.google.com/drive/mobile/folders/0ByfBlGkYELifktQYWRTZFN3X3o2bC1sc0ZfbHppb0Z5RXkzNm0zajZPdnJLaVpXdkxUSnc?usp=sharing&resourcekey=0-G7vyTN2Aaa8d1Ls-oKJMhg,https://drive.google.com/drive/mobile/folders/0ByfBlGkYELifktQYWRTZFN3X3o2bC1sc0ZfbHppb0Z5RXkzNm0zajZPdnJLaVpXdkxUSnc?usp=sharing&resourcekey=0-G7vyTN2Aaa8d1Ls-oKJMhg
2022-05-21T03:01:27,386,لا يحقق معيار منشور قانوني نصي مستقل وعالي الثقة,2,كل ما يخص اللجان الضريبية ️,كل ما يخص اللجان الضريبية ️
2022-05-21T03:17:23,400,لا يحقق معيار منشور قانوني نصي مستقل وعالي الثقة,2,ما يخص الاتحاد السعودي لكرة القدم ️,ما يخص الاتحاد السعودي لكرة القدم ️
2022-05-21T03:18:33,413,لا يحقق معيار منشور قانوني نصي مستقل وعالي الثقة,3,ما يخص الهيئة العامة للعقار ️,ما يخص الهيئة العامة للعقار ️
2022-05-21T03:38:40,437,لا يحقق معيار منشور قانوني نصي مستقل وعالي الثقة,2,ما يخص وزارة الصحة ️,ما يخص وزارة الصحة ️
2022-05-21T03:51:12,455,لا يحقق معيار منشور قانوني نصي مستقل وعالي الثقة,2,ما يخص وزارة الداخلية ️,ما يخص وزارة الداخلية ️
2022-05-21T04:31:08,464,لا يحقق معيار منشور قانوني نصي مستقل وعالي الثقة,5,قضايا العقود الخاصة أمام المحاكم التجارية,قضايا العقود الخاصة أمام المحاكم التجارية
2022-05-21T04:33:25,466,لا يحقق معيار منشور قانوني نصي مستقل وعالي الثقة,3,دليل التواصل مع الدوائر القضائية- ايميلات,دليل التواصل مع الدوائر القضائية- ايميلات
2022-05-22T00:14:25,481,لا يحقق معيار منشور قانوني نصي مستقل وعالي الثقة,4,الرشوة وأحكامها في الفقه الإسلامي د.مجيد صالح إبراهيم الكرطاني,الرشوة وأحكامها في الفقه الإسلامي
2022-05-22T08:22:42,483,لا يحقق معيار منشور قانوني نصي مستقل وعالي الثقة,-8,كتاب التعويض عن الضرر المادي المتحقق بالفعل - التعويض عن الربح الفائت - التعويض عن الضرر المعنوي,كتاب التعويض عن الضرر المادي المتحقق بالفعل
2022-05-22T08:57:07,492,لا يحقق معيار منشور قانوني نصي مستقل وعالي الثقة,2,ما يخص السوق السعودي للأسهم - تداول,ما يخص السوق السعودي للأسهم - تداول
2022-05-22T15:02:06,503,لا يحقق معيار منشور قانوني نصي مستقل وعالي الثقة,2,مدة حماية الصور الفوتوغرافية,مدة حماية الصور الفوتوغرافية
2022-05-24T00:08:24,590,لا يحقق معيار منشور قانوني نصي مستقل وعالي الثقة,6,إذا كان الشاهد سجين بسبب قضية مخدرات فإنه يعد فاسقاً ولا تقبل شهادته. انظر (مجموعة الأحكام القضائية لعام ١٤٣٥ : ١١٢/١),إذا كان الشاهد سجين بسبب قضية مخدرات فإنه يعد فاسقاً ولا تقبل شهادته
2022-05-25T12:54:36,617,لا يحقق معيار منشور قانوني نصي مستقل وعالي الثقة,6,الإجراءات القضائية (دراسة نظرية تطبيقية) إعداد القاضي. د. حمد الخضيري,الإجراءات القضائية (دراسة نظرية تطبيقية)
2022-05-25T13:05:06,623,لا يحقق معيار منشور قانوني نصي مستقل وعالي الثقة,-4,https://drive.google.com/drive/mobile/folders/1rTW6fZfOtmESoDtJXMYBohu1ndVzrJt,https://drive.google.com/drive/mobile/folders/1rTW6fZfOtmESoDtJXMYBohu1ndVzrJt
2022-05-25T13:05:22,624,لا يحقق معيار منشور قانوني نصي مستقل وعالي الثقة,-8,كتاب موسوعة الشركات التجارية عدد ١٤ جزء تضمنت أنواع الشركات من تأليف الدكتور الياس ناصيف,كتاب موسوعة الشركات التجارية عدد ١٤ جزء تضمنت أنواع الشركات من تأليف الدكتور الياس ناصيف
2022-05-25T13:20:37,627,لا يحقق معيار منشور قانوني نصي مستقل وعالي الثقة,7,وقف تنفيذ القرار الإداري,وقف تنفيذ القرار الإداري
2022-05-25T17:26:07,632,تطابق عنواني منضبط مع مادة قائمة أو مرشحة,9,اختصاص قاض التنفيذ في (عقد إيجار الموحد),اختصاص قاض التنفيذ في (عقد إيجار الموحد)
2022-05-26T19:52:09,635,لا يحقق معيار منشور قانوني نصي مستقل وعالي الثقة,10,اختلاف الشهود في الألفاظ وفي الواقعه الواحدة يجعلها غير صالحة للبناء عليها مبادئ المجلس الأعلى للقضاء (م ق د ٦/٤٤٣ تاريخ ١٩-٧-١٤٢١,اختلاف الشهود في الألفاظ وفي الواقعه الواحدة يجعلها غير صالحة للبناء عليها
2022-05-27T21:17:57,647,لا يحقق معيار منشور قانوني نصي مستقل وعالي الثقة,2,الدليل الشامل للمترافع بقضايا السب والشتم,الدليل الشامل للمترافع بقضايا السب والشتم
2022-05-28T17:09:20,653,لا يحقق معيار منشور قانوني نصي مستقل وعالي الثقة,-11,لكل مهتم بالعقود كتاب قيّم | أحكام لزوم العقد,لكل مهتم بالعقود
2022-05-28T20:46:26,656,لا يحقق معيار منشور قانوني نصي مستقل وعالي الثقة,5,ورقة عمل بعنوان: الترافع أمام لجنة الفصل في المنازعات والمخالفات التأمينية,ورقة عمل بعنوان: الترافع أمام لجنة الفصل في المنازعات والمخالفات التأمينية
2022-05-28T23:28:16,667,لا يحقق معيار منشور قانوني نصي مستقل وعالي الثقة,7,المدد النظامية في الأنظمة الجنائية,المدد النظامية في الأنظمة الجنائية
2022-05-29T12:06:53,669,لا يحقق معيار منشور قانوني نصي مستقل وعالي الثقة,-3,كتاب فن المرافعة وصناعة المحامي ووكيل النيابة المترافع امام المحاكم الجنائية,كتاب فن المرافعة وصناعة المحامي ووكيل النيابة المترافع امام المحاكم الجنائية
2022-05-29T18:37:14,671,لا يحقق معيار منشور قانوني نصي مستقل وعالي الثقة,7,نظام الأحوال الشخصية,نظام الأحوال الشخصية
2022-05-30T07:01:40,677,لا يحقق معيار منشور قانوني نصي مستقل وعالي الثقة,7,تقريرات محكمة التمييز,تقريرات محكمة التمييز
2022-06-01T22:07:49,681,لا يحقق معيار منشور قانوني نصي مستقل وعالي الثقة,7,حكم الغبن وأثره على العقد,حكم الغبن وأثره على العقد
2022-06-01T23:27:03,683,لا يحقق معيار منشور قانوني نصي مستقل وعالي الثقة,5,مذكرة في القضايا الإنهائية إعداد قاضي الاستئناف : سليمان الأصقه,مذكرة في القضايا الإنهائية
2022-06-02T23:01:42,694,لا يحقق معيار منشور قانوني نصي مستقل وعالي الثقة,3,صياغة الأحكام القضائية,صياغة الأحكام القضائية
2022-06-03T00:39:53,697,تطابق عنواني منضبط مع مادة قائمة أو مرشحة,8,كتاب القانون التجاري السعودي,كتاب القانون التجاري السعودي
2022-06-03T19:13:01,700,لا يحقق معيار منشور قانوني نصي مستقل وعالي الثقة,3,العقود الإدارية,العقود الإدارية
2022-06-03T22:53:09,702,لا يحقق معيار منشور قانوني نصي مستقل وعالي الثقة,-5,سؤال وجواب مع تطبيقات وتدريبات في نظام المرافعات الشرعية ️ يتكون من (١٨٤) صفحة,سؤال وجواب مع تطبيقات وتدريبات
2022-06-04T00:06:23,704,لا يحقق معيار منشور قانوني نصي مستقل وعالي الثقة,6,جامع الأنظمة الجنائية في المملكة العربية السعودية جمع وترتيب المحامية : أسماء العجلان,جامع الأنظمة الجنائية في المملكة العربية السعودية
2022-06-04T03:00:22,706,لا يحقق معيار منشور قانوني نصي مستقل وعالي الثقة,0,,
2022-06-04T03:11:55,709,لا يحقق معيار منشور قانوني نصي مستقل وعالي الثقة,4,التسبيبات الفقهية في الدعاوي الاسرية,التسبيبات الفقهية في الدعاوي الاسرية
2022-06-04T20:16:50,714,لا يحقق معيار منشور قانوني نصي مستقل وعالي الثقة,0,حقوق كبير السن,حقوق كبير السن
2022-06-06T14:59:15,718,تطابق عنواني منضبط مع مادة قائمة أو مرشحة,8,تعديلات نظام المحاماة,تعديلات نظام المحاماة
2022-06-07T18:01:43,723,لا يحقق معيار منشور قانوني نصي مستقل وعالي الثقة,16,قرر مجلس الوزراء اليوم الثلاثاء 8-11-1443 تعديل الفقرة (5) من البند (سابعاً) من آلية العمل التنفيذية لنظام القضاء ونظام ديوان المظالم، الصادرة بالمرسوم الملكي رقم ( م / 78) وتاريخ 19 / 9 / 1428هـ، والمعدلة بالمرسوم الملكي رقم ( م / 6) وتاريخ 2 / 1 / 1440هـ، وذلك بإنهاء أعمال هيئات تسوية الخلافات العمالية، وإنهاء العمل بلائحة المرافعات أمام تلك الهيئات، وبالباب (الرابع عشر) من نظام العمل الصادر بالمرسوم الملكي رقم ( م / 51) وتاريخ 23 / 8 / 1426هـ الخاص بهيئات تسوية الخلافات العمالية، بمضي (ستة) أ,قرر مجلس الوزراء اليوم الثلاثاء 8-11-1443
2022-06-07T18:02:26,724,لا يحقق معيار منشور قانوني نصي مستقل وعالي الثقة,4,كما قرر مجلس الوزراء يعامل الموظف برتبة عسكرية فيما يتعلق بإجازة (الأبوة)، والموظفة برتبة عسكرية فيما يتعلق بإجازات: (الوضع، وعدة الوفاة، والأمومة)، والموظف والموظفة برتب عسكرية فيما يتعلق بإجازتي: (المرافقة لغرض العلاج، والوفاة)، معاملة الموظفين الخاضعين لأنظمة الخدمة المدنية,كما قرر مجلس الوزراء يعامل الموظف برتبة عسكرية فيما يتعلق بإجازة (الأبوة)، والموظفة برتبة عسكرية فيما يتعلق بإجازات: (الوضع، وعدة الوفاة، والأمومة)، والموظف والموظفة برتب
2022-06-07T20:52:32,728,لا يحقق معيار منشور قانوني نصي مستقل وعالي الثقة,8,(إذا وصل بالاقرار ما يسقطه مثل أن يقول علي ألف لا يلزمني أو قد قبضه واستوفاه أو أبرأني... لزمه الألف في جميع ذلك... ولأنه أقر بالألف وادعى ما لم يثبت معه فلم يقبل منه) كشاف القناع (٦/٤٦٧),(إذا وصل بالاقرار ما يسقطه مثل أن يقول علي ألف لا يلزمني أو قد قبضه واستوفاه أو أبرأني
2022-06-07T21:13:18,731,تطابق عنواني منضبط مع مادة قائمة أو مرشحة,8,نظام التأمين ضد التعطل عن العمل (ساند),نظام التأمين ضد التعطل عن العمل (ساند)
2022-06-07T21:13:37,733,لا يحقق معيار منشور قانوني نصي مستقل وعالي الثقة,7,نظام تبادل المنافع,نظام تبادل المنافع
2022-06-07T21:53:51,735,لا يحقق معيار منشور قانوني نصي مستقل وعالي الثقة,7,نظام الاتصالات وتقنية المعلومات,نظام الاتصالات وتقنية المعلومات
2022-06-08T11:43:07,737,لا يحقق معيار منشور قانوني نصي مستقل وعالي الثقة,3,نظرية العقد في الفقة الاسلامي,نظرية العقد في الفقة الاسلامي
2022-06-08T11:44:47,738,لا يحقق معيار منشور قانوني نصي مستقل وعالي الثقة,5,"""إذا ادعت المرأة أن زوجها طلقها فأنكرها، فالقول قوله، لأن الأصل بقاء النكاح وعدم الطلاق، إلا أن يكون لها بما ادعته بينة ولا يقبل فيها إلا عدلان، فإن لم تكن بينة فهل يستحلف؟ فيه روايتان، نقل أبو الخطاب أنه يستحلف، وهو الصحيح"" ابن قدامة المقدسي","""إذا ادعت المرأة أن زوجها طلقها فأنكرها، فالقول قوله، لأن الأصل بقاء النكاح وعدم الطلاق، إلا أن يكون لها بما ادعته بينة ولا يقبل فيها إلا عدلان، فإن لم تكن بينة فهل يستحل"
2022-06-08T11:47:37,739,لا يحقق معيار منشور قانوني نصي مستقل وعالي الثقة,8,https://sjp.moj.gov.sa/ لكل ممارس وطالب قانوني: اطلاعك على الأحكام والتسبيبات القضائية مهم لتكوين الملكة القانونية لديك لذا تجدون هنا في البوابة القضائية العلمية: -جميع احكام المحاكم التجارية -جميع احكام الدوائر التجارية بالمحكمة العليا -احكام الإفلاس حتى عام١٤٤٣,https://sjp.moj.gov.sa/
2022-06-08T16:22:31,741,لا يحقق معيار منشور قانوني نصي مستقل وعالي الثقة,7,نظام الأحوال الشخصية,نظام الأحوال الشخصية
2022-06-08T16:23:04,743,لا يحقق معيار منشور قانوني نصي مستقل وعالي الثقة,3,إجراءات القضايا الجنائية للقاضي د.حمد الخضيري,إجراءات القضايا الجنائية
2022-06-08T21:57:44,745,لا يحقق معيار منشور قانوني نصي مستقل وعالي الثقة,2,فائدة: -لا يجوز بيع أو هبة أو صلح الإلجاء: -جاء في مجلة الأحكام لأحمد القاري المادة(١٥٤٦) قوله:{الإلجاء إكراه، فمن استولى على مال إنسان فطالبه فجحده حتى يبيعه، أو يهبه نصفه، أو يصالحه على بعضه، أو يضمنه، أو يقرر له بشيئ، ففعل لم يصح ذلك},فائدة
2022-06-08T23:35:50,747,لا يحقق معيار منشور قانوني نصي مستقل وعالي الثقة,3,عقود الإذعان في الفقه الإسلامي، للدكتور نزيه حماد,عقود الإذعان في الفقه الإسلامي، للدكتور نزيه حماد
2022-06-08T23:41:03,749,لا يحقق معيار منشور قانوني نصي مستقل وعالي الثقة,4,صيغة 50 عقد مختلف للعقود الأكثر استخداماً,صيغة 50 عقد مختلف للعقود الأكثر استخداماً
2022-06-09T22:15:51,752,لا يحقق معيار منشور قانوني نصي مستقل وعالي الثقة,3,الإجراءات القضائية دراسة نظرية تطبيقية,الإجراءات القضائية
2022-06-10T23:47:39,762,لا يحقق معيار منشور قانوني نصي مستقل وعالي الثقة,-8,الاختلاف في أصل العقد إذا اختلف العاقدان في أصل العقد، فقال المشتري: بعتني هذه الدار، فقال البائع: لم أبع، أو العكس. فإن القول قول المنكر مع يمينه، حكاه القرافي وغيره إجماعاً (الأخيرة 321/5، وانظر الكافي لابن قدامة105/2) لعموم قوله صلى الله عليه وسلم في حديث ابن عباس (واليمين على من أنكر) أخرجه البيهقي. ولأن الأصل عدم العقد فضيلة الشيخ د.صالح السلطان,الاختلاف في أصل العقد
2022-06-10T23:55:11,766,تطابق عنواني منضبط مع مادة قائمة أو مرشحة,11,المدد في نظام المحاكم التجارية ولائحته التنفيذية,المدد في نظام المحاكم التجارية ولائحته التنفيذية
2022-06-11T00:20:50,767,لا يحقق معيار منشور قانوني نصي مستقل وعالي الثقة,2,"اختلاف الشهود.. نص المبدأ رقم (2213) ""إذا شهد الشهود بشهادتين مختلفتين، فلاوجه لقبول شهادتهم"" كما نص المبدأ رقم (2219) على: ""اختلاف الشهود في الألفاظ في واقعة واحدة يجعلها غير صالحة للبناء عليها"" كما نص المبدأ رقم (2220) على: ""الشهادات المتخالفة لايقوي بعضها بعضاً ولا يعتمد عليها بل يردُ بعضها بعضاً"" كما نص المبدأ رقم (2233) على: ""التناقض والأختلاف في الشهود يوجب ردًّها وعدم قبولها""",اختلاف الشهود
2022-06-11T04:40:48,769,لا يحقق معيار منشور قانوني نصي مستقل وعالي الثقة,4,عقود الشركات دراسة فقهية مقارنة,عقود الشركات دراسة فقهية مقارنة
2022-06-11T14:47:37,774,لا يحقق معيار منشور قانوني نصي مستقل وعالي الثقة,-3,https://www.bog.gov.sa/ScientificContent/JudicialBlogs/Pages/AdvancedSearch.aspx البحث المتقدم في المدونات القضائية,https://www.bog.gov.sa/ScientificContent/JudicialBlogs/Pages/AdvancedSearch.aspx
2022-06-11T14:48:08,776,لا يحقق معيار منشور قانوني نصي مستقل وعالي الثقة,4,باب ما جاء في التستر التجاري,باب ما جاء في التستر التجاري
2022-06-11T14:48:29,778,لا يحقق معيار منشور قانوني نصي مستقل وعالي الثقة,7,معلومات في نظام الاجراءات الجزائية,معلومات في نظام الاجراءات الجزائية
2022-06-11T14:49:06,780,تطابق عنواني منضبط مع مادة قائمة أو مرشحة,8,نظام الافلاس ولوائحه وقواعده,نظام الافلاس ولوائحه وقواعده
2022-06-11T14:49:24,782,لا يحقق معيار منشور قانوني نصي مستقل وعالي الثقة,3,مذكرة في الأوراق التجارية,مذكرة في الأوراق التجارية
2022-06-11T14:49:52,784,تطابق عنواني منضبط مع مادة قائمة أو مرشحة,8,شرح مبسط لنظام الشركات,شرح مبسط لنظام الشركات
2022-06-11T15:06:13,786,لا يحقق معيار منشور قانوني نصي مستقل وعالي الثقة,3,ضوابط الحماية من التعديات السلوكية في بيئة العمل,ضوابط الحماية من التعديات السلوكية في بيئة العمل
2022-06-12T00:10:59,789,تطابق عنواني منضبط مع مادة قائمة أو مرشحة,9,"القضاء بالقرائن عند ابن قيم الجوزية ""من كتابه الطرق الحكمية""","القضاء بالقرائن عند ابن قيم الجوزية ""من كتابه الطرق الحكمية"""
2022-06-12T15:00:23,794,تطابق عنواني منضبط مع مادة قائمة أو مرشحة,11,خلاصة المبادئ التجارية مجموعة الأحكام التي قررتها محكمة الاستئناف للأعوام من ١٤٠٨ حتى عام ١٤٣٥,خلاصة المبادئ التجارية
2022-06-13T00:25:37,796,لا يحقق معيار منشور قانوني نصي مستقل وعالي الثقة,2,ورقات في المسئولية الجنائية,ورقات في المسئولية الجنائية
2022-06-13T21:01:34,802,لا يحقق معيار منشور قانوني نصي مستقل وعالي الثقة,3,بحث علمي بعنوان: تقدير التعويض عن السجن خطأ,بحث علمي بعنوان
2022-06-13T22:23:11,806,لا يحقق معيار منشور قانوني نصي مستقل وعالي الثقة,4,مبادئ الأوراق التجارية,مبادئ الأوراق التجارية
2022-06-14T13:07:06,810,لا يحقق معيار منشور قانوني نصي مستقل وعالي الثقة,7,بعض من التسبيبات التي وردت في احكام قضائية تتعلق بشركات المضاربة,بعض من التسبيبات التي وردت في احكام قضائية تتعلق بشركات المضاربة
2022-06-16T12:12:56,817,لا يحقق معيار منشور قانوني نصي مستقل وعالي الثقة,2,التوقيع على بياض,التوقيع على بياض
2022-06-16T22:48:41,820,لا يحقق معيار منشور قانوني نصي مستقل وعالي الثقة,4,السوابق القضائية إعداد الشيخ : عبدالله آل خنين,السوابق القضائية
2022-06-17T01:04:29,822,لا يحقق معيار منشور قانوني نصي مستقل وعالي الثقة,2,أهم 50 سؤال في القضايا الجنائية,أهم 50 سؤال في القضايا الجنائية
2022-06-17T12:56:29,825,لا يحقق معيار منشور قانوني نصي مستقل وعالي الثقة,7,الاتحاد الآسيوي ينشر نظامه الأساسي لكرة القدم نسخة 2022,الاتحاد الآسيوي ينشر نظامه الأساسي لكرة القدم نسخة 2022
2022-06-18T01:07:35,828,لا يحقق معيار منشور قانوني نصي مستقل وعالي الثقة,6,"بحث بعنوان ""ضمان الأضرار الناتجة عن التقاضي"" إعداد/ د. ناصر المحيميد","بحث بعنوان ""ضمان الأضرار الناتجة عن التقاضي"""
2022-06-18T19:09:18,834,لا يحقق معيار منشور قانوني نصي مستقل وعالي الثقة,5,جدول مُيسر في مقادير الديات والشجاج من إعداد قاضي الاستئناف/ عبدالعزيز التميمي,جدول مُيسر في مقادير الديات والشجاج من إعداد قاضي الاستئناف/ عبدالعزيز التميمي
2022-06-19T14:11:11,837,لا يحقق معيار منشور قانوني نصي مستقل وعالي الثقة,0,بطلان التفتيش,بطلان التفتيش
2022-06-19T14:11:24,839,لا يحقق معيار منشور قانوني نصي مستقل وعالي الثقة,2,منازعات التركات,منازعات التركات
2022-06-19T21:11:01,843,لا يحقق معيار منشور قانوني نصي مستقل وعالي الثقة,7,تعديلات نظام التقاعد والتأمينات الاجتماعية وتبادل المنافع,تعديلات نظام التقاعد والتأمينات الاجتماعية وتبادل المنافع
2022-06-20T15:03:18,845,لا يحقق معيار منشور قانوني نصي مستقل وعالي الثقة,4,قضائيات فوائد قضائية,قضائيات فوائد قضائية
2022-06-20T22:30:41,847,لا يحقق معيار منشور قانوني نصي مستقل وعالي الثقة,2,التزامات الخطوط الجوية تجاه الركاب في الأحوال الطارئة,التزامات الخطوط الجوية تجاه الركاب في الأحوال الطارئة
2022-06-20T22:31:03,849,لا يحقق معيار منشور قانوني نصي مستقل وعالي الثقة,2,ضوابط دفع الصائل,ضوابط دفع الصائل
2022-06-21T14:14:59,854,لا يحقق معيار منشور قانوني نصي مستقل وعالي الثقة,3,الجرائم الموجبة للتوقيف,الجرائم الموجبة للتوقيف
2022-06-21T14:15:13,856,تطابق عنواني منضبط مع مادة قائمة أو مرشحة,8,نظرات في نظام الإثبات,نظرات في نظام الإثبات
2022-06-21T21:56:11,859,لا يحقق معيار منشور قانوني نصي مستقل وعالي الثقة,4,الأختصاص القضائي - للقاضي: عاصم بن عبدالله الإحيدب,الأختصاص القضائي - للقاضي: عاصم بن عبدالله الإحيدب
2022-06-22T13:22:02,867,لا يحقق معيار منشور قانوني نصي مستقل وعالي الثقة,2,تعارض البينات في الفقه الإسلامي,تعارض البينات في الفقه الإسلامي
2022-06-22T13:22:35,869,تطابق عنواني منضبط مع مادة قائمة أو مرشحة,9,المدخل إلى إجراءات التقاضي في محاكم القضاء العام,المدخل إلى إجراءات التقاضي في محاكم القضاء العام
2022-06-22T13:22:56,871,تطابق عنواني منضبط مع مادة قائمة أو مرشحة,8,نظرات في نظام الإثبات,نظرات في نظام الإثبات
2022-06-23T08:03:34,873,تطابق عنواني منضبط مع مادة قائمة أو مرشحة,8,نظام التكاليف القضائية,نظام التكاليف القضائية
2022-06-23T11:50:38,875,لا يحقق معيار منشور قانوني نصي مستقل وعالي الثقة,6,السوابق القضائية لأحكام ديوان المظالم الإدارية (١٤٠٢ - ١٤٣٦هـ),السوابق القضائية لأحكام ديوان المظالم الإدارية (١٤٠٢ - ١٤٣٦هـ)
2022-06-28T23:35:02,879,لا يحقق معيار منشور قانوني نصي مستقل وعالي الثقة,7,المدد الواردة في نظام الأحوال الشخصية,المدد الواردة في نظام الأحوال الشخصية
2022-06-28T23:35:29,881,لا يحقق معيار منشور قانوني نصي مستقل وعالي الثقة,2,التوقيع على بياض,التوقيع على بياض
2022-06-28T23:35:51,883,لا يحقق معيار منشور قانوني نصي مستقل وعالي الثقة,4,إجراءات نظر دعاوي الملكية الفكرية,إجراءات نظر دعاوي الملكية الفكرية
2022-07-02T01:03:38,893,لا يحقق معيار منشور قانوني نصي مستقل وعالي الثقة,-4,"كتاب القواعد والضوابط الفقهية ""من كتاب المغني لابن قدامة من كتاب القضاء إلى نهاية كتاب الدعاوى والبينات""","كتاب القواعد والضوابط الفقهية ""من كتاب المغني لابن قدامة من كتاب القضاء إلى نهاية كتاب الدعاوى والبينات"""
2022-07-03T22:12:18,897,تطابق عنواني منضبط مع مادة قائمة أو مرشحة,8,نظام الشركات الجديد,نظام الشركات الجديد
2022-07-05T02:14:40,899,تطابق عنواني منضبط مع مادة قائمة أو مرشحة,9,نظام الوساطة العقارية,نظام الوساطة العقارية
2022-07-13T23:41:13,901,لا يحقق معيار منشور قانوني نصي مستقل وعالي الثقة,6,الموسوعة الجنائية ومايتصل بالجنايات من الموسوعة الفقهية الكويتية - فضيلة القاضي عبدالعزيز المسعود,الموسوعة الجنائية ومايتصل بالجنايات من الموسوعة الفقهية الكويتية - فضيلة القاضي عبدالعزيز المسعود
2022-07-17T18:17:32,903,تطابق عنواني منضبط مع مادة قائمة أو مرشحة,8,نظرات في نظام الإثبات,نظرات في نظام الإثبات
2022-07-22T19:43:28,909,لا يحقق معيار منشور قانوني نصي مستقل وعالي الثقة,3,الحيازة في العقود في الفقه الإسلامي - د.نزيه حماد,الحيازة في العقود في الفقه الإسلامي - د.نزيه حماد
2022-07-27T13:49:39,921,لا يحقق معيار منشور قانوني نصي مستقل وعالي الثقة,7,نظام الأحوال الشخصية,نظام الأحوال الشخصية
2022-07-28T13:05:02,923,لا يحقق معيار منشور قانوني نصي مستقل وعالي الثقة,7,أمر ملكي بشأن آلية استرداد مستحقات الدولة الناشئة عن الصكوك الملغاة أو التي تم صرف تعويض لها بأكثر من قيمتها,أمر ملكي بشأن آلية استرداد مستحقات الدولة الناشئة عن الصكوك الملغاة أو التي تم صرف تعويض لها بأكثر من قيمتها
2022-07-28T13:07:50,925,لا يحقق معيار منشور قانوني نصي مستقل وعالي الثقة,4,بحث بعنوان (التصرف في المبيع قبل القبض بالبيع) للدكتور طارق الخويطر,بحث بعنوان (التصرف في المبيع قبل القبض بالبيع) للدكتور طارق الخويطر
2022-07-28T19:40:04,927,لا يحقق معيار منشور قانوني نصي مستقل وعالي الثقة,5,التسبيبات القضائية للإحكام القضائية,التسبيبات القضائية للإحكام القضائية
2022-07-28T19:41:06,930,لا يحقق معيار منشور قانوني نصي مستقل وعالي الثقة,4,التسبيبات الفقهية في الدعاوى الأسرية,التسبيبات الفقهية في الدعاوى الأسرية
2022-07-29T22:15:40,932,لا يحقق معيار منشور قانوني نصي مستقل وعالي الثقة,-11,كتاب بعنوان عقود الشركات دراسة فقهية,كتاب بعنوان عقود الشركات دراسة فقهية
2022-07-31T12:54:22,938,لا يحقق معيار منشور قانوني نصي مستقل وعالي الثقة,-12,كتاب أحكام لزوم العقد,كتاب أحكام لزوم العقد
2022-07-31T12:58:08,940,لا يحقق معيار منشور قانوني نصي مستقل وعالي الثقة,4,السوابق القضائية,السوابق القضائية
2022-08-01T23:41:50,948,لا يحقق معيار منشور قانوني نصي مستقل وعالي الثقة,3,دليل التواصل للدوائر القضائية,دليل التواصل للدوائر القضائية
2022-08-02T21:19:50,952,لا يحقق معيار منشور قانوني نصي مستقل وعالي الثقة,2,جدول في مقادير الديات و الشجاج - عبدالعزيز التميمي,جدول في مقادير الديات و الشجاج - عبدالعزيز التميمي
2022-08-04T09:58:41,955,لا يحقق معيار منشور قانوني نصي مستقل وعالي الثقة,4,حالات الإعفاء من العقوبة وفق الأنظمة السعودية,حالات الإعفاء من العقوبة وفق الأنظمة السعودية
2022-08-04T10:59:35,957,لا يحقق معيار منشور قانوني نصي مستقل وعالي الثقة,2,الدليل المبسط لمبادرة الاعفاء من الغرامات الضريبة,الدليل المبسط لمبادرة الاعفاء من الغرامات الضريبة
2022-08-04T19:22:37,962,لا يحقق معيار منشور قانوني نصي مستقل وعالي الثقة,-6,https://ahkams.com/?s=09,https://ahkams.com/?s=09
2022-08-07T09:47:55,968,تطابق عنواني منضبط مع مادة قائمة أو مرشحة,11,نظام الاتصالات وتقنية المعلومات تاريخ الإصدار 1443/11/02 الموافق : 01/06/2022 (حل هذا النظام محل نظام الاتصالات لعام 1422),نظام الاتصالات وتقنية المعلومات
2022-08-08T22:48:59,971,لا يحقق معيار منشور قانوني نصي مستقل وعالي الثقة,7,الجامع المختصر في صياغة العقود والاتفاقيات)، من إعداد/ عبدالرحمن المقحم، القاضي بمحاكم وزارة العدل -سابقًا,الجامع المختصر في صياغة العقود والاتفاقيات)، من إعداد/ عبدالرحمن المقحم، القاضي بمحاكم وزارة العدل -سابقًا
2022-08-13T23:16:35,980,لا يحقق معيار منشور قانوني نصي مستقل وعالي الثقة,3,الشيكات، مفهومها وجرائمها والعقوبات المترتبة عليها,الشيكات، مفهومها وجرائمها والعقوبات المترتبة عليها
2022-08-13T23:27:05,981,لا يحقق معيار منشور قانوني نصي مستقل وعالي الثقة,-2,محادثات ( سناب شات - الواتساب ) وغيرها من وسائل التواصل تعتبر بعد سريان نظام الاثبات دليلاً مقبول أمام القضاء وتأخذ تلك المراسلات حكم الإثبات بالكتابة.. وفقاً للفقره ( 5 ) من المادة 54 والمادة 55 من نظام الإثبات,محادثات ( سناب شات - الواتساب )
2022-08-15T01:45:01,983,لا يحقق معيار منشور قانوني نصي مستقل وعالي الثقة,8,🏾فائدة: -ما الإجراء إذا انعقد الصلح في خصومة،ثم ظهرت البينة بعد الحكم بالصلح؟ -اختار شيخ الإسلام ابن تيمية رحمه الله(نقض الصلح إذا ظهرت البينة بعد انعقاد الصلح، لأنه صالح مكرهاً في الحقيقة، إذْ لو علم البينة لم يسمح بشيئ من حقه),🏾فائدة
2022-08-16T14:04:51,987,لا يحقق معيار منشور قانوني نصي مستقل وعالي الثقة,6,يعتمد قضاة وزارة العدل وديوان المظالم على الكتب الفقهية التالية:- • كشاف القناع • المغني • الروض المربع • الإنصاف • فتاوى ابن تيمية • الشرح الكبير • الأشباه والنظائر • شرح منتهى الإرادات • تبصرة الحكام • حاشية ابن عابدين وهي معتبرة لدى قضاتنا في محاكمنا السعودية,يعتمد قضاة وزارة العدل وديوان المظالم على الكتب الفقهية التالية
2022-08-17T08:08:13,989,لا يحقق معيار منشور قانوني نصي مستقل وعالي الثقة,4,ملف جامع لقضايا المقاولات المنشورة في موقع وزارة العدل من شهر رجب عام 1441 إلى شهر ذي الحجة عام 1441,ملف جامع لقضايا المقاولات المنشورة في موقع وزارة العدل من شهر رجب عام 1441 إلى شهر ذي الحجة عام 1441
2022-08-17T14:33:19,991,لا يحقق معيار منشور قانوني نصي مستقل وعالي الثقة,7,الجوانب القانونية في منازعات ضريبة القيمة المضافة,الجوانب القانونية في منازعات ضريبة القيمة المضافة
2022-08-18T16:08:11,998,لا يحقق معيار منشور قانوني نصي مستقل وعالي الثقة,3,التعويض عن الضرر المعنوي,التعويض عن الضرر المعنوي
2022-08-19T19:10:28,1011,لا يحقق معيار منشور قانوني نصي مستقل وعالي الثقة,0,,
2022-08-19T22:57:00,1013,لا يحقق معيار منشور قانوني نصي مستقل وعالي الثقة,3,شركة الشخص الواحد,شركة الشخص الواحد
2022-08-20T18:34:48,1018,لا يحقق معيار منشور قانوني نصي مستقل وعالي الثقة,3,المدخل إلى فقه المرافعات,المدخل إلى فقه المرافعات
2022-08-20T23:06:00,1023,تطابق عنواني منضبط مع مادة قائمة أو مرشحة,8,منازعات اسناد الضرر في دعوى التعويض,منازعات اسناد الضرر في دعوى التعويض
2022-08-20T23:13:04,1025,تطابق عنواني منضبط مع مادة قائمة أو مرشحة,8,طلبات إلتماس أعادة النظر للمحكمة التجارية,طلبات إلتماس أعادة النظر للمحكمة التجارية
2022-08-23T18:40:54,1029,لا يحقق معيار منشور قانوني نصي مستقل وعالي الثقة,10,"(الفرق بين الكتابة والصياغة) ""كتابة""العقد ، عمل (مادي) قد يجيده الجميع. ""صياغة""العقد ، عمل (فني) لايجيده سوى المتمرس في أعمال العقود. د. عمر الخولي",(الفرق بين الكتابة والصياغة)
2022-08-23T19:38:11,1032,لا يحقق معيار منشور قانوني نصي مستقل وعالي الثقة,-6,ادعاء التزوير في الأوراق التجارية لدى قاضي التنفيذ,ادعاء التزوير في الأوراق التجارية لدى قاضي التنفيذ
2022-08-24T16:02:02,1035,لا يحقق معيار منشور قانوني نصي مستقل وعالي الثقة,3,تلخيص القواعد الفقهية (للمبتدئين),تلخيص القواعد الفقهية (للمبتدئين)
2022-08-25T18:56:20,1039,لا يحقق معيار منشور قانوني نصي مستقل وعالي الثقة,3,طرق تقدير التعويض عن الضرر المعنوي,طرق تقدير التعويض عن الضرر المعنوي
2022-08-26T13:36:29,1040,لا يحقق معيار منشور قانوني نصي مستقل وعالي الثقة,4,(لو بنى مشتري الارض فيها، او غرس، ثم ظهر لها مستحق، فإذا كانت قيمة البناء أكثر، حق للمشتري ان يتملك الارض بقيمتها جبرا على صاحبها المستحق، والعكس بالعكس). الاشباه والنظائر لابن نجم,(لو بنى مشتري الارض فيها، او غرس، ثم ظهر لها مستحق، فإذا كانت قيمة البناء أكثر، حق للمشتري ان يتملك الارض بقيمتها جبرا على صاحبها المستحق، والعكس بالعكس)
2022-08-26T15:37:17,1041,لا يحقق معيار منشور قانوني نصي مستقل وعالي الثقة,8,أثناء الترافع. -إذا سألتك الدائرة لا تقل ليس لدي بينة.. -والأفضل أن تقول لا أعلم لي حالياً بينة.. -جاءفي قرار محكمة التمييز رقم٧٠٠/ق٥/ب في ١٤٢٩/١٠/٢٧ مانصه{إذا وجد المدعي بينة بعد المرافعة ولم يكن علم بها من قبل سمعت},أثناء الترافع
2022-08-26T18:51:07,1043,تطابق عنواني منضبط مع مادة قائمة أو مرشحة,9,اللائحة التنفيذية لترخيص مكاتب المحاماة الأجنبية,اللائحة التنفيذية لترخيص مكاتب المحاماة الأجنبية
2022-08-26T21:47:02,1047,تطابق عنواني منضبط مع مادة قائمة أو مرشحة,9,الفروقات بين نظام الانضباط الوظيفي ونظام تأديب الموظفين,الفروقات بين نظام الانضباط الوظيفي ونظام تأديب الموظفين
2022-08-27T14:27:56,1050,لا يحقق معيار منشور قانوني نصي مستقل وعالي الثقة,-3,نظام المرافعات الشرعية ولائحته التنفيذية.. تحديث عبدالعزيز السماري,نظام المرافعات الشرعية ولائحته التنفيذية
2022-08-27T19:14:15,1053,تطابق عنواني منضبط مع مادة قائمة أو مرشحة,10,اللائحة التنفيذية لنظام التسجيل العيني للعقار,اللائحة التنفيذية لنظام التسجيل العيني للعقار
2022-08-27T19:50:20,1055,لا يحقق معيار منشور قانوني نصي مستقل وعالي الثقة,4,السوابق القضائية لأحكام ديوان المظالم الإدارية ١٤٠٢ - ١٤٣٦,السوابق القضائية لأحكام ديوان المظالم الإدارية
2022-08-28T09:57:41,1057,لا يحقق معيار منشور قانوني نصي مستقل وعالي الثقة,4,الشركات الفقهية شركة المضاربة سؤال وجواب,الشركات الفقهية
2022-08-28T09:59:13,1058,لا يحقق معيار منشور قانوني نصي مستقل وعالي الثقة,-3,أتاحت وزارة العدل استعراض الأنظمة العدلية بحلتها الجديدة عبر الرابط التالي : laws.moj.gov.sa,أتاحت وزارة العدل استعراض الأنظمة العدلية بحلتها الجديدة عبر الرابط التالي
2022-08-29T15:40:53,1064,لا يحقق معيار منشور قانوني نصي مستقل وعالي الثقة,2,الشروط في البيع سؤال وجواب,الشروط في البيع سؤال وجواب
2022-08-29T23:38:10,1068,تطابق عنواني منضبط مع مادة قائمة أو مرشحة,8,تسهيل نظام التكاليف القضائية,تسهيل نظام التكاليف القضائية
2022-08-30T01:54:23,1070,لا يحقق معيار منشور قانوني نصي مستقل وعالي الثقة,3,الجامع المختصر في صياغة العقود والاتفاقيات,الجامع المختصر في صياغة العقود والاتفاقيات
2022-08-31T14:32:58,1072,لا يحقق معيار منشور قانوني نصي مستقل وعالي الثقة,7,نظام الجمارك الموحد,نظام الجمارك الموحد
2022-08-31T15:59:06,1074,لا يحقق معيار منشور قانوني نصي مستقل وعالي الثقة,2,مسوغات طلب المرأة فسخ النكاح,مسوغات طلب المرأة فسخ النكاح
2022-09-01T15:29:53,1076,لا يحقق معيار منشور قانوني نصي مستقل وعالي الثقة,3,"توثيق قاعدة: ""المفرط أولى بالخسارة""","توثيق قاعدة: ""المفرط أولى بالخسارة"""
2022-09-01T19:34:45,1079,لا يحقق معيار منشور قانوني نصي مستقل وعالي الثقة,6,مدونة السوابق القضائية التأمينية للجنة الاستئنافية للفصل في المنازعات والمخالفات التأمينية الصادرة لعام ١٤٤٣,مدونة السوابق القضائية التأمينية للجنة الاستئنافية للفصل في المنازعات والمخالفات التأمينية الصادرة لعام ١٤٤٣
2022-09-02T16:09:05,1082,لا يحقق معيار منشور قانوني نصي مستقل وعالي الثقة,3,التعويض عن التأخير في سداد الديون إعداد/ د. سعد الشويرخ,التعويض عن التأخير في سداد الديون إعداد/ د
2022-09-02T16:27:57,1084,لا يحقق معيار منشور قانوني نصي مستقل وعالي الثقة,-9,تلخيص كتاب الطرق الحكمية,تلخيص كتاب الطرق الحكمية
2022-09-02T19:52:28,1086,لا يحقق معيار منشور قانوني نصي مستقل وعالي الثقة,1,عقود الإذعان,عقود الإذعان
2022-09-03T17:01:05,1091,لا يحقق معيار منشور قانوني نصي مستقل وعالي الثقة,2,التأمين ومنازعاته,التأمين ومنازعاته
2022-09-03T18:05:40,1093,لا يحقق معيار منشور قانوني نصي مستقل وعالي الثقة,2,القضايا الجمركية- عبدالعزيز الدغيثر,القضايا الجمركية- عبدالعزيز الدغيثر
2022-09-03T19:45:48,1098,لا يحقق معيار منشور قانوني نصي مستقل وعالي الثقة,6,دعاوى استرداد الحيازة لا ترد إلا على العقارات، ولا ترد على المنقولات والشيكات,دعاوى استرداد الحيازة لا ترد إلا على العقارات، ولا ترد على المنقولات والشيكات
2022-09-04T15:04:10,1100,لا يحقق معيار منشور قانوني نصي مستقل وعالي الثقة,7,تطريز نظام الأحوال الشخصية ١٤٤٤,تطريز نظام الأحوال الشخصية ١٤٤٤
2022-09-06T00:31:38,1104,لا يحقق معيار منشور قانوني نصي مستقل وعالي الثقة,5,نظام السياحة,نظام السياحة
2022-09-06T01:51:16,1106,لا يحقق معيار منشور قانوني نصي مستقل وعالي الثقة,2,اختصاص دوائر الاستئناف,اختصاص دوائر الاستئناف
2022-09-06T22:36:07,1108,لا يحقق معيار منشور قانوني نصي مستقل وعالي الثقة,4,الشركات الفقهية شركة العنان سؤال وجواب,الشركات الفقهية
2022-09-07T00:45:10,1110,لا يحقق معيار منشور قانوني نصي مستقل وعالي الثقة,3,المنازعات المصرفية- إجراءات التقاضي,المنازعات المصرفية- إجراءات التقاضي
2022-09-08T20:57:13,1112,تطابق عنواني منضبط مع مادة قائمة أو مرشحة,8,نظام التكاليف القضائية,نظام التكاليف القضائية
2022-09-20T01:44:01,1118,تطابق عنواني منضبط مع مادة قائمة أو مرشحة,15,مسؤولية الشركاء والمدراء في الشركة ذات المسؤولية المحدودة تجاه بعضهم البعض أوالغير تعويضاً وتضميناً بعد تعذر الوفاء عن طريق التنفيذ وفقا لنظام الشركات السعودي الصادربالمرسوم الملكي رقم (م/3) وتاريخ 1437/1/28,مسؤولية الشركاء والمدراء في الشركة ذات المسؤولية المحدودة تجاه بعضهم البعض أوالغير تعويضاً وتضميناً بعد تعذر الوفاء عن طريق التنفيذ وفقا لنظام الشركات السعودي الصادربالمر
2022-09-21T01:03:02,1120,لا يحقق معيار منشور قانوني نصي مستقل وعالي الثقة,7,التنفيذ على المتوفي,التنفيذ على المتوفي
2022-09-28T00:51:55,1123,لا يحقق معيار منشور قانوني نصي مستقل وعالي الثقة,4,الأمير محمد بن سلمان بن عبدالعزيز اللهم وفقه لما تحب وترضى وخذ بناصيته للبر والتقوى وهيئ له البطانة الصالحة التي تدله على الخير وتعينه عليه,الأمير محمد بن سلمان بن عبدالعزيز
2022-10-05T19:59:09,1132,لا يحقق معيار منشور قانوني نصي مستقل وعالي الثقة,-4,https://mawthooq.gcam.gov.sa/ رابط الاسئلة الشائعة فيما يخص رخصة ((موثوق)) الإعلامية,https://mawthooq.gcam.gov.sa/
2022-10-06T10:26:45,1135,لا يحقق معيار منشور قانوني نصي مستقل وعالي الثقة,0,عن موثوق,عن موثوق
2022-10-08T14:33:22,1140,تطابق عنواني منضبط مع مادة قائمة أو مرشحة,10,سوابق قضائية لمنازعات عمالية المطالبة بأجرة ساعات العمل الاضافية /وتحمل الرسوم الحكومية / وانهاء عقد العمل,سوابق قضائية لمنازعات عمالية
2022-10-16T20:12:23,1146,تطابق عنواني منضبط مع مادة قائمة أو مرشحة,8,اللائحة التنفيذية لاجراءات الاستئناف,اللائحة التنفيذية لاجراءات الاستئناف
2022-10-20T18:22:10,1155,لا يحقق معيار منشور قانوني نصي مستقل وعالي الثقة,-4,لك الحق في دعم مالي مقدم من هيئة الزكاة لتغطية اشتراك برنامج الفوترة الالكترونية بناء على الأمر الوزاري الذي تم إصداره مطلع سنة 2021 . يشترط ان تكون المنشأة خاضعة للائحة الفوترة - الا يتجاوز الدخل ٣ ملايين . تقدم بالطلب من خلال موقع الهيئة,لك الحق في دعم مالي مقدم من هيئة الزكاة لتغطية اشتراك برنامج الفوترة الالكترونية بناء على الأمر الوزاري الذي تم إصداره مطلع سنة 2021
2022-10-23T13:14:39,1164,لا يحقق معيار منشور قانوني نصي مستقل وعالي الثقة,-10,الدليل الإجرائي للضوابط والإجراءات الخاصة بانقطاع العامل عن العمل في منشآت القطاع الخاص بعد تحديثها,الدليل الإجرائي للضوابط والإجراءات الخاصة بانقطاع العامل عن العمل في منشآت القطاع الخاص بعد تحديثها
2022-10-26T23:01:04,1169,لا يحقق معيار منشور قانوني نصي مستقل وعالي الثقة,7,الأدلةالإجرائيةلنظامالإثبات,الأدلةالإجرائيةلنظامالإثبات
2022-10-26T23:01:37,1171,لا يحقق معيار منشور قانوني نصي مستقل وعالي الثقة,2,ضوابطإجراءالإثباتإلكترونياً,ضوابطإجراءالإثباتإلكترونياً
2022-10-26T23:02:08,1173,لا يحقق معيار منشور قانوني نصي مستقل وعالي الثقة,6,القواعدالخاصةبتنظيمشؤونالخبرةأمامالمحاكم,القواعدالخاصةبتنظيمشؤونالخبرةأمامالمحاكم
2022-11-05T23:44:10,1182,لا يحقق معيار منشور قانوني نصي مستقل وعالي الثقة,8,قاعدة (البينة حجة متعدية، والإقرار حجة قاصرة). معناها: أن البينة حجة متعدية تتجاوز إلى الغير، أما الإقرار يقتصر على نفس المقر لايتجاوز إلى الغير. مثال: من يقر بدين مشترك عليه وعلى مدين آخر، فإقراره هذا ينفذ عليه فقط، ولا ينفذ على شريكه المدين,قاعدة
2022-11-06T15:31:29,1184,لا يحقق معيار منشور قانوني نصي مستقل وعالي الثقة,9,""" ﺇﺫﺍ ﻛﺎﻧﺖ ﻣﺴــﺆﻭﻟﻴﺔ ﺍﻟﻤﺪﻋﻰ ﻋﻠﻴﻪ ﺍﻟﺠﻨﺎﺋﻴﺔ ﻟﻴﺴﺖ ﻣﺴــﺆﻭﻟﻴﺔ ﻛﺎﻣﻠﺔ، ﻓﻼ ﻳﻘﺎﻡ ﺍﻟﺤﺪ؛ ﻷﻥ ﺍﻟﺪﻣﺎﺀ ﻳﺤﺘﺎﻁ ﻟﻬﺎ ﻣﺎ ﻻ ﻳﺤﺘﺎﻁ ﻟﻐﻴﺮﻫﺎ."" (المحكمة العليا): (88/1/3)، (8/5/1437)",""" ﺇﺫﺍ ﻛﺎﻧﺖ ﻣﺴــﺆﻭﻟﻴﺔ ﺍﻟﻤﺪﻋﻰ ﻋﻠﻴﻪ ﺍﻟﺠﻨﺎﺋﻴﺔ ﻟﻴﺴﺖ ﻣﺴــﺆﻭﻟﻴﺔ ﻛﺎﻣﻠﺔ، ﻓﻼ ﻳﻘﺎﻡ ﺍﻟﺤﺪ؛ ﻷﻥ ﺍﻟﺪﻣﺎﺀ ﻳﺤﺘﺎﻁ ﻟﻬﺎ ﻣﺎ ﻻ ﻳﺤﺘﺎﻁ ﻟﻐﻴﺮﻫﺎ."""
2022-11-06T20:03:49,1185,لا يحقق معيار منشور قانوني نصي مستقل وعالي الثقة,7,( حضانة) النفقات، وزيارة الصغير، ومن في حكمه، من الأمور التي تتجدد، والحكم فيها يتغير بتغير الظروف والأحوال والأعراف. (هـ ق ع): (۹۱)، (١٨/ ٤/ ١٣٩١),( حضانة)
2022-11-07T18:30:00,1186,لا يحقق معيار منشور قانوني نصي مستقل وعالي الثقة,6,اذا كان الشاهد سجين بسبب قضية مخدرات فإنه يعد فاسقاً ولا تقبل شهادته . مجموعة الأحكام القضائية [ لعام 1435هـ:112/1 ],اذا كان الشاهد سجين بسبب قضية مخدرات فإنه يعد فاسقاً ولا تقبل شهادته
2022-11-08T01:15:51,1188,تطابق عنواني منضبط مع مادة قائمة أو مرشحة,9,نظام الإثبات والأدلة الإجرائية وضوابط إجراءات الإثبات إلكترونياً,نظام الإثبات والأدلة الإجرائية وضوابط إجراءات الإثبات إلكترونياً
2022-11-09T01:11:04,1190,لا يحقق معيار منشور قانوني نصي مستقل وعالي الثقة,9,هل يصح أن يشترط المؤجر على المستأجر عدم تأجير العين المؤجرة ؟ يصح اشتراط المؤجر على المستأجر عدم التأجير إلا بإذنه لأنه شرط فيه منفعة له . إستناداً لقرار مجلس القضاء الأعلى بهيئته الدائمة برقم : (352/4) ( 1419/6/7هـ ),هل يصح أن يشترط المؤجر على المستأجر عدم تأجير العين المؤجرة ؟
2022-11-09T01:18:49,1191,لا يحقق معيار منشور قانوني نصي مستقل وعالي الثقة,12,التأمينات الاجتماعية تؤكد : يجيز نظام التأمينات عمل المشترك لدى أكثر من صاحب عمل، وهذا ما يعرف بالازدواج التأميني ويحسب له شهر اشتراك واحد بمجموع الأجور التي يتقاضاها من أصحاب العمل، على ألا يتجاوز مجموع أجور الاشتراك عن 45000 ريال,التأمينات الاجتماعية تؤكد
2022-11-09T11:32:41,1192,لا يحقق معيار منشور قانوني نصي مستقل وعالي الثقة,6,"أن الغرامة في عقد الإنشاءات العامة تسمى: ""غرامة التأخير"" بينما الغرامة في عقد الصيانة والتشغيل والنظافة تسمى: ""غرامة تقصير "" ️",أن الغرامة في عقد الإنشاءات العامة تسمى
2022-11-09T15:13:42,1193,تطابق عنواني منضبط مع مادة قائمة أو مرشحة,15,أهم المدد في نظام الأحوال الشخصية: - عدم سماع دعوى النفقة الماضية للزوجة( سنتين ) والنفقة الماضية للأولاد ( سنة) - سقوط حق المطالبة بالحضانة ( سنة ) - مدة السفر بالمحضون ( ٩٠ يوم ) - مدة أداء المهر ( ٣٠ يوم ) - مدة توثيق الطلاق أو الرجعة ( ١٥ يوم),أهم المدد في نظام الأحوال الشخصية
2022-11-10T10:13:22,1196,تطابق عنواني منضبط مع مادة قائمة أو مرشحة,8,نظام المرافعات 6-4-1444 عبدالعزيز السماري,نظام المرافعات 6-4-1444
2022-11-12T18:14:05,1199,لا يحقق معيار منشور قانوني نصي مستقل وعالي الثقة,5,مدونة السوابق القضائية التأمينية للجنة الاستئنافية للفصل في المنازعات والمخالفات التأمينية لعام 1444هـ,مدونة السوابق القضائية التأمينية للجنة الاستئنافية للفصل في المنازعات والمخالفات التأمينية لعام 1444هـ
2022-11-14T14:44:45,1204,لا يحقق معيار منشور قانوني نصي مستقل وعالي الثقة,5,جاء في الموسوعة الفقهية جزء ١ ص ١٤٤ {اتفق العلماء على عدم جواز الرجوع في الإبراء -التنازل-بعد قبوله لأنه إسقاط، والساقط لايعود} -وجاءفي في مجموعة الأحكام القضائية لعام ١٤٣٥ جزء ١٠ ص٢٥٤ (الرجوع عن التنازل غير مقبول شرعاً),جاء في الموسوعة الفقهية جزء ١ ص ١٤٤ {اتفق العلماء على عدم جواز الرجوع في الإبراء
2022-11-16T14:36:08,1210,لا يحقق معيار منشور قانوني نصي مستقل وعالي الثقة,9,""" ﺇﺫﺍ ﺗﻌﺪﺩﺕ ﺍﻷﻓﻌﺎﻝ ﺍﻟﺠﺮﻣﻴﺔ ﻭﺩﻟﺖ ﺗﻔﺎﺻﻴﻞ ﺍﻟﻮﻗﺎﺋﻊ ﻋﻠﻰ ﺍﺳﺘﻬﺘﺎﺭ ﺍﻟﻤﺠﺮﻣﻴﻦ ﻭﺗﺸﻜﻴﻞ ﻋﺼﺎﺑﺎﺕ ﻟﻠﺴﺮﻗﺔ ﻓﻴﺠﺐ ﺍﻟﺤﺰﻡ ﻭﺇﺻﺪﺍﺭ ﻋﻘﻮﺑﺎﺕ ﺭﺍﺩﻋﺔ ﻭﺯﺍﺟﺮﺓ."" (المحكمة العليا): (9/2/1)، (24/2/1436)",""" ﺇﺫﺍ ﺗﻌﺪﺩﺕ ﺍﻷﻓﻌﺎﻝ ﺍﻟﺠﺮﻣﻴﺔ ﻭﺩﻟﺖ ﺗﻔﺎﺻﻴﻞ ﺍﻟﻮﻗﺎﺋﻊ ﻋﻠﻰ ﺍﺳﺘﻬﺘﺎﺭ ﺍﻟﻤﺠﺮﻣﻴﻦ ﻭﺗﺸﻜﻴﻞ ﻋﺼﺎﺑﺎﺕ ﻟﻠﺴﺮﻗﺔ ﻓﻴﺠﺐ ﺍﻟﺤﺰﻡ ﻭﺇﺻﺪﺍﺭ ﻋﻘﻮﺑﺎﺕ ﺭﺍﺩﻋﺔ ﻭﺯﺍﺟﺮﺓ."""
2022-11-17T11:46:35,1213,لا يحقق معيار منشور قانوني نصي مستقل وعالي الثقة,7,نظام الأحوال الشخصية بفهرس إلكتروني لتسهيل الإطلاع والبحث,نظام الأحوال الشخصية بفهرس إلكتروني لتسهيل الإطلاع والبحث
2022-11-19T02:45:05,1217,تطابق عنواني منضبط مع مادة قائمة أو مرشحة,9,نظام الإفلاس ولوائحه وقواعده وقراراته,نظام الإفلاس ولوائحه وقواعده وقراراته
2022-11-19T21:25:34,1218,لا يحقق معيار منشور قانوني نصي مستقل وعالي الثقة,6,لا تُستحق ضريبة التصرفات العقارية في حالة إعادة إفراغ العقار للمالك السابق وذلك خلال 90 يوم,لا تُستحق ضريبة التصرفات العقارية في حالة إعادة إفراغ العقار للمالك السابق وذلك خلال 90 يوم
2022-11-19T21:29:48,1219,لا يحقق معيار منشور قانوني نصي مستقل وعالي الثقة,9,إذا أبرأ الدائن المدين أو اصطلح معه على تأجيل الدين قبل رسو المزاد ؟ يوقف المزاد بعد سداد المدين مصروفات الحجز والتنفيذ. م ٥/٥٢,إذا أبرأ الدائن المدين أو اصطلح معه على تأجيل الدين قبل رسو المزاد ؟
2022-11-21T12:55:04,1223,لا يحقق معيار منشور قانوني نصي مستقل وعالي الثقة,7,"""إيجار"": حالتان يمكن للمؤجر فيهما رفع طلب إخلاء للسكن عند انتهاء العقد أو بعد مرور 30 يوماً على الدفعة التي لم يتم سدادها من قبل المُستأجر","""إيجار"": حالتان يمكن للمؤجر فيهما رفع طلب إخلاء للسكن عند انتهاء العقد أو بعد مرور 30 يوماً على الدفعة التي لم يتم سدادها من قبل المُستأجر"
2022-11-21T12:57:51,1225,لا يحقق معيار منشور قانوني نصي مستقل وعالي الثقة,-8,نسخة حديثة من الدليل الاجرائي لانهاء العلاقة التعاقدية. التعديلات: 1- تم اشتراط سريان الاقامة بما لا يقل عن ٦٠ يوم، بالاضافة الى رخصة العمل. 2- حتى يتمكن العامل المنقطع عن العمل النقل يجب مضي اكثر من ١٢ شهر على دخوله المملكة، للانتقال لمنشأة اخرى!,نسخة حديثة من الدليل الاجرائي لانهاء العلاقة التعاقدية
2022-11-22T19:06:14,1228,لا يحقق معيار منشور قانوني نصي مستقل وعالي الثقة,11,هل يعد إجازة لكونه بين عطلتين رسميتين ؟ - التوجيه الملكي الكريم باعتبار يوم غداً إجازة؛ هي إجازة استثنائية، ولا تعتبر إجازة رسمية، ولا ينطبق عليها وصف العطل الرسمية التي حددها النظام، ولذلك يكون يوم الخميس القادم يوم عمل. دامت أفراح الوطن,هل يعد إجازة لكونه بين عطلتين رسميتين ؟
2022-11-27T22:23:17,1230,لا يحقق معيار منشور قانوني نصي مستقل وعالي الثقة,4,لايباع بيت المدين التى يسكنها الا في ثلاثة احوال: -اذا كانت البيت فيها زيادة عن حاجة المدين(واسعة كبيرة جداً) -اذا كانت بيت السكنى للمدين عين مال الدائن، ولم تطرأ عليها زيادة او نقصان -ان كان المدين قد وثق دينه، ورهن البيت الذي يسكنه,لايباع بيت المدين التى يسكنها الا في ثلاثة احوال
2022-11-28T17:33:15,1232,لا يحقق معيار منشور قانوني نصي مستقل وعالي الثقة,5,مساند: يلتزم مكتب الاستقدام بترحيل العمالة الرافضة للعمل خلال فترة التجربة، وإعادة تكلفة الاستقدام محسوما منها ما يعادل المدة التي قضاها العامل في العمل,مساند
2022-11-30T20:15:00,1237,لا يحقق معيار منشور قانوني نصي مستقل وعالي الثقة,5,زيادة التعويض للعقار في حال نزعت ملكيته للمنفعة العامة,زيادة التعويض للعقار في حال نزعت ملكيته للمنفعة العامة
2022-12-04T00:34:34,1240,لا يحقق معيار منشور قانوني نصي مستقل وعالي الثقة,7,جمعٌ لمَوَاطِن عبارة صرفالنظر في المبادئ والقرارات,جمعٌ لمَوَاطِن عبارة صرفالنظر في المبادئ والقرارات
2022-12-12T21:36:58,1257,لا يحقق معيار منشور قانوني نصي مستقل وعالي الثقة,-4,لا يجـوز للمحكمـة أثنـاء المداولة أن تسمع توضيحات من أحد الخصوم إلا بحضور الخصم الآخر. م (161) نظام المرافعات الشرعية,لا يجـوز للمحكمـة أثنـاء المداولة أن تسمع توضيحات من أحد الخصوم إلا بحضور الخصم الآخر
2022-12-14T13:43:20,1260,لا يحقق معيار منشور قانوني نصي مستقل وعالي الثقة,4,قال في الإنصاف ج٦ص٦٦{إن وجد العين المؤجرة معيبة، أو حدث بها عيب فله الفسخ،ما لم يزل العيب بلا ضرر يلحقه، فإن زال سريعاً بلا ضرر فلا فسخ},قال في الإنصاف ج٦ص٦٦{إن وجد العين المؤجرة معيبة، أو حدث بها عيب فله الفسخ،ما لم يزل العيب بلا ضرر يلحقه، فإن زال سريعاً بلا ضرر فلا فسخ}
2022-12-15T14:02:09,1264,لا يحقق معيار منشور قانوني نصي مستقل وعالي الثقة,7,فائدة: -من قرارات المحكمة العليا بخصوص لزوم البيع، القرار رقم ٣/٣/٨ في ١٤٣٢/١/٢٧ونصه {إذا تمت أركان البيع وشروطه في المبيع فلا يسوغ الحكم بإبطاله إلاّ بمبرر شرعي واضح},فائدة
2022-12-17T15:05:31,1269,لا يحقق معيار منشور قانوني نصي مستقل وعالي الثقة,4,من المقرر لدى أهل العلم أن الراهن لا يحق له التصرف في العين المرهونة إلا بإذن المرتهن. (مصدق من استئناف الرياض 34178272),من المقرر لدى أهل العلم أن الراهن لا يحق له التصرف في العين المرهونة إلا بإذن المرتهن
2022-12-23T21:55:29,1280,لا يحقق معيار منشور قانوني نصي مستقل وعالي الثقة,11,من هي الجهة المختصة في قضايا السب والشتم في وسائل التواصل الاجتماعي ؟ الجواب : الاساءة على الخاص فهي من اختصاص المحكمة الجزائية وفق قرار النائب العام رقم37299 في 1441/6/2 أما الاساءة المعلنة وارتبط بها تشهير فمن اختصاص النيابة العامة ويطبق عليها نظام الجرائم المعلوماتية موسى الهيجان,من هي الجهة المختصة في قضايا السب والشتم في وسائل التواصل الاجتماعي ؟
2022-12-24T00:04:09,1281,لا يحقق معيار منشور قانوني نصي مستقل وعالي الثقة,8,لا يلزم المستاجر تسليم العين المؤجرة وانما يلزمه رفع يده عنها. [ رقم القرار: ٨٣٣/ ق١/ ب].[ تاريخ القرار : ٣/ ٩/ ١٤٣٠هـ],لا يلزم المستاجر تسليم العين المؤجرة وانما يلزمه رفع يده عنها
2022-12-24T00:51:48,1284,لا يحقق معيار منشور قانوني نصي مستقل وعالي الثقة,2,https://www.saip.gov.sa/committees-secretariat/documents قامت الأمانة العامة للجان الفصل في منازعات الملكية الفكرية بنشر العديد من الوثائق والقرارت الصادرة من اللجان في شكاوى حقوق الملكية الفكرية,https://www.saip.gov.sa/committees-secretariat/documents
2022-12-25T17:55:09,1286,لا يحقق معيار منشور قانوني نصي مستقل وعالي الثقة,7,"إذا قام طفل دون سن التأهيل والتكليف بقتل شخص .. ماذا عليه ؟ الجواب: - لا قصاص عليه .. وفيها: - الدية. - التأديب والتهذيب على الصبي إن كان فوق سن التمييز إلى قبل البلوغ ، وتنفذ في دار للملاحظة الاجتماعية .. والأساس لهذا الاتجاه في المسؤولية .. لأن عمد الصبي خطأ .. عمده يجري مجرى الخطأ في وجوب الدية على العاقلة ولا قصاص فيه .. عن عمر رضي الله: عمدُ الصبي وخطؤه سواء، وعن علي رضي الله عنه: عمدُ المجنون والصبي خطأ،وعن الزهري: مضت السنة أن عمد الصبي خطأٌ، وعن قتادة: عمدُ الصبي خطأ. قال ابن قدامة في ""ا",إذا قام طفل دون سن التأهيل والتكليف بقتل شخص
2022-12-26T00:55:19,1287,لا يحقق معيار منشور قانوني نصي مستقل وعالي الثقة,5,"https://albarakatilaw.com/front/article المحامي المبدع الشريف نصر البركاتي، الذي ساهم مساهمة عظمى في تسهيل الأنظمة الحكومية للمجتمع وتوعيتهم عبر منشوراته الرائعة. وقد أصدر إلى الآن ٢٢ كتابًا، واتاحها للمجتمع مجانًا؛ ومن آواخر ما نشر كتاب: ""تسهيل نظام العمل ولائحته التنفيذية وفق آخر التعديلات""",https://albarakatilaw.com/front/article
2022-12-26T20:31:52,1289,لا يحقق معيار منشور قانوني نصي مستقل وعالي الثقة,5,القواعد القضائية في المنازعات التجارية,القواعد القضائية في المنازعات التجارية
2022-12-26T21:40:50,1292,لا يحقق معيار منشور قانوني نصي مستقل وعالي الثقة,3,القواعد المنظمة لإجراءات الإفلاس العابرة للحدود,القواعد المنظمة لإجراءات الإفلاس العابرة للحدود
2022-12-26T21:41:19,1294,لا يحقق معيار منشور قانوني نصي مستقل وعالي الثقة,3,مجموعة الاحكام القضائية 14,مجموعة الاحكام القضائية 14
2022-12-26T23:58:15,1296,لا يحقق معيار منشور قانوني نصي مستقل وعالي الثقة,2,ايميل - مركز التواصل الموحد وزارة العدل 1950@moj.gov.sa -مكتب خدمات المستفيدين ( المجلس الاعلى..) J.I@scj.gov.sa,ايميل
2022-12-27T11:13:45,1297,لا يحقق معيار منشور قانوني نصي مستقل وعالي الثقة,8,سؤال: سند لأمر بدون تاريخ استحقاق هل ينفذ ؟ ج/ نعم ينفذ لأنه في حالة خلو السند لأمر من تاريخ الاستحقاق يوجب الوفاء به لدى الاطلاع عليه مادة ٨٨ من نظام الأوراق التجارية,سؤال
2022-12-29T17:07:02,1303,لا يحقق معيار منشور قانوني نصي مستقل وعالي الثقة,-1,تحديث نظامالمحاماة : تاريخ النسخة 1/ 6/ 1444 ملخص التحديث/ إضافة قواعد الحد من تعارض المصالح لمن سبق له العمل في السلك القضائي ومن في حكمه عن مزاولته مهنة المحاماة، والمذكرة التفسيرية لها. عبدالعزيز السماري,تحديث نظامالمحاماة
2023-01-01T10:17:27,1311,لا يحقق معيار منشور قانوني نصي مستقل وعالي الثقة,5,هل يجوز الرجوع عن الإبراء-التنازل-بعد قبوله؟ -جاء في الموسوعة الفقهية جزء ١ ص ١٤٤ {اتفق العلماء على عدم جواز الرجوع في الإبراء -التنازل-بعد قبوله لأنه إسقاط، والساقط لايعود} -وجاءفي في مجموعة الأحكام القضائية لعام ١٤٣٥ جزء ١٠ ص٢٥٤ (الرجوع عن التنازل غير مقبول شرعاً),هل يجوز الرجوع عن الإبراء-التنازل-بعد قبوله؟
2023-01-01T10:35:23,1312,لا يحقق معيار منشور قانوني نصي مستقل وعالي الثقة,11,"شطب الدعوى: المادة ٥٥ من نظام المرافعات الشرعية بعد التعديل : ""إذا لم يحضر المدعي أي جلسة من جلسات الدعوى ولم يتقدم بعذر تقبله المحكمة، فلها أن تقرر شطبها. فإذا انقضت (ستون) يوماً ولم يطلب المدعي السير فيها بعد شطبها، أو لم يحضر بعد السير فيها، عٌدَّت كأن لم تكن""",شطب الدعوى
2023-01-01T13:58:04,1313,لا يحقق معيار منشور قانوني نصي مستقل وعالي الثقة,4,"مبادئ قضائية المبدأ رقم (١٨٣٩) ""التقارير الطبية ليست بينة قاطعة، إنما هي قرائن ظنية"". (م ق د): (٨٧/٤/٢١٨) (١٤٠٣/١١/٨) (م ق د): (١٢/٤/٦٤) (١٤٠٤/٠٢/٢٢)",مبادئ قضائية
2023-01-01T20:50:01,1317,لا يحقق معيار منشور قانوني نصي مستقل وعالي الثقة,7,فائدة: -جاء في قرار محكمة التمييز رقم ٧٣٩/ق/١/ب وتاريخ ١٤٣٠/٨/١٧ مانصه(الطريقة الشرعية في تقدير الأرش أن تقدر قيمة السلعة وهي سليمة ثم تقدر وهي معيبة في الوقت الحاضر),فائدة
2023-01-09T12:38:06,1332,لا يحقق معيار منشور قانوني نصي مستقل وعالي الثقة,9,قال القرافي في الذخيرة٢٤٦/٦ (الأصل في التصرفات حملها على الصحة) -وجاءفي قرار مجلس القضاء بهيئته الدائمة رقم٤/١٤٧في١٤٢٠٢/٩{إذا التزم العاقل بأمر يقدر على فعله،وقبض ثمن ما التزم به أُلزم به،لأن عدم إلزامه يفتح باباً للمتلاعبين لأكل أموال الناس،وهو مما لاتأتي به الشريعة الكاملة},قال القرافي في الذخيرة٢٤٦/٦
2023-01-09T21:45:24,1335,لا يحقق معيار منشور قانوني نصي مستقل وعالي الثقة,-6,"من أقر بحق ثم ادعى أنه كان مكرها لم يقبل منه دعوى الإكراه ؛ لأن الأصل عدمه ... - إلا ببينة لحديث ""البينة على المدعي"" إلا أن تكون هناك دلالة على الإكراه: - كقيد وحبس وتوكل به أي ترسيم عليه فيكون القول قوله مع يمينه ؛ لأنه دليل الإكراه كشاف القناع 6 / 455",من أقر بحق ثم ادعى أنه كان مكرها لم يقبل منه دعوى الإكراه ؛ لأن الأصل عدمه
2023-01-10T18:51:26,1336,لا يحقق معيار منشور قانوني نصي مستقل وعالي الثقة,5,للمرأة العاملة الحق في إجازة وضع بأجر كامل لمدة عشر أسابيع توزعها كيف تشاء، تبدأ بحد أقصى بأربعة أسابيع قبل التاريخ المرجح لولادة,للمرأة العاملة الحق في إجازة وضع بأجر كامل لمدة عشر أسابيع توزعها كيف تشاء، تبدأ بحد أقصى بأربعة أسابيع قبل التاريخ المرجح لولادة
2023-01-22T14:21:56,1359,تطابق عنواني منضبط مع مادة قائمة أو مرشحة,10,نظام الشركات ولائحته التنفيذية 2023,نظام الشركات ولائحته التنفيذية 2023
2023-01-22T20:37:55,1360,لا يحقق معيار منشور قانوني نصي مستقل وعالي الثقة,9,الأبواب الزجاجية لا تعتبر حرزاً للأموال لسهولة هتكها وكسرها. قرار محكمة التميز رقم: (745/م1/ب)، تاريخ: 23/8/1419هـ,الأبواب الزجاجية لا تعتبر حرزاً للأموال لسهولة هتكها وكسرها
2023-01-23T22:05:40,1364,لا يحقق معيار منشور قانوني نصي مستقل وعالي الثقة,7,تم إطلاق تطبيق الديات لحساب الديات والتعويضات وتقدير الحكومات في الإصابات الناتجة عن الحوادث و الأخطاء الطبية وغيرها وفقًا لأحكام الشريعة، كل ذلك بطريقة فريدة ومبتكرة. لقاضي الشيخ عبدالعزيز الغديان https://diyat.info,تم إطلاق تطبيق الديات لحساب الديات والتعويضات وتقدير الحكومات في الإصابات الناتجة عن الحوادث و الأخطاء الطبية وغيرها وفقًا لأحكام الشريعة، كل ذلك بطريقة فريدة ومبتكرة
2023-01-26T09:51:01,1372,لا يحقق معيار منشور قانوني نصي مستقل وعالي الثقة,-2,بناءً على ما اقره الفقهاء وفق ما جاء في كتاب الإنصاف وكشاف القناع فيما يخص قسمة الورثة: إذا طالب أحد الورثة تسليمه نصيبه من عقار غير قابل للقسمة والتجزئة لأي سبب كان، ولم يحصل توافق بين الورثة فيحكم ببيع العقار وتسليم كل وارث نصيبه من الثمن,بناءً على ما اقره الفقهاء وفق ما جاء في كتاب الإنصاف وكشاف القناع فيما يخص قسمة الورثة
2023-01-26T17:03:36,1377,لا يحقق معيار منشور قانوني نصي مستقل وعالي الثقة,-5,لقاضي التنفيذ طلب تصحيح الحكم أو تفسيره بكتاب يوجه إلى الجهة مصدرة الحكم، وله إيقاع الحجز التحفظي حتى يتم التصحيح أو التفسير,لقاضي التنفيذ طلب تصحيح الحكم أو تفسيره بكتاب يوجه إلى الجهة مصدرة الحكم، وله إيقاع الحجز التحفظي حتى يتم التصحيح أو التفسير
2023-01-27T23:56:51,1378,لا يحقق معيار منشور قانوني نصي مستقل وعالي الثقة,8,الأحكام بالقتل تأخذ أحد ثلاثة أشكال، وهي على النحو الآتي : ١- الحكم بالقتل قصاصاً… وهذا حق أولياء الدم وحدهم التنازل عنه . ٢- الحكم بالقتل تعزيراً… وهذا حق عام ولولي الأمر اسقاطه . ٣- القتل حداً… وهذا حق لله تعالى ولا يملك أحد التنازل عنه,الأحكام بالقتل تأخذ أحد ثلاثة أشكال، وهي على النحو الآتي
2023-01-31T06:54:08,1383,لا يحقق معيار منشور قانوني نصي مستقل وعالي الثقة,11,واجبات العامل: [على العامل أن يحفظ الأسرار الفنية والتجارية والصناعية للمواد التي ينتجها، أو التي أسهم في إنتاجها بصورة مباشرة أو غير مباشرة، وجميع الأسرار المهنية المتعلقة بالعمل أو المنشأة، التي من شأن إفشائها الإضرار بمصلحة صاحب العمل]. المادة (65) الفقرة (6) من نظام العمل,واجبات العامل
2023-02-02T20:11:25,1389,لا يحقق معيار منشور قانوني نصي مستقل وعالي الثقة,9,عدم حضور المدعى عليه لا يعد نكولاً، ولا يصلح مستنداً للحكم دون بينة. قرار محكمة التميز رقم: (452/ق/ب)، (4/6/1432هـــ),عدم حضور المدعى عليه لا يعد نكولاً، ولا يصلح مستنداً للحكم دون بينة
2023-02-06T08:18:06,1399,تطابق عنواني منضبط مع مادة قائمة أو مرشحة,15,أهم المدد في نظام الأحوال الشخصية: - عدم سماع دعوى النفقة الماضية للزوجة ( سنتين ) والنفقة الماضية للأولاد ( سنة ) - سقوط حق المطالبة بالحضانة ( سنة ) - مدة السفر بالمحضون ( 90 يوم ) - مدة أداء المهر ( 30 يوم ) - مدة توثيق الطلاق أو الرجعة ( 15 يوم ),أهم المدد في نظام الأحوال الشخصية
2023-02-07T00:02:37,1401,لا يحقق معيار منشور قانوني نصي مستقل وعالي الثقة,6,أحكام في عقود الإيجار: لا يجوز للمستأجر إجراء أي تغيير أو تعديل في الأصل المؤجر دون موافقة محررة من المؤجر، تتضمن طبيعة التغيير أو التعديل، ونطاقه، والمسؤول عن كلفته,أحكام في عقود الإيجار
2023-02-07T13:10:23,1402,لا يحقق معيار منشور قانوني نصي مستقل وعالي الثقة,6,فائدة: إذا تم طلب المتهم من قبل النيابة العامة ولم يحضر دون عذر مقبول، جاز لعضو النيابة العامة إصدار أمر قبض عليه وإحضاره حتى ولو كانت الجريمة ليست من الجرائم الموجبة للتوقيف,فائدة
2023-02-07T13:20:41,1403,تطابق عنواني منضبط مع مادة قائمة أو مرشحة,10,"قضت المحكمة العليا بأن ..."" الإدانة بجرم تحتاج لثبوتها اعتراف أو بينة سالمة من الجرح ."" القرار رقم (239/5/62 وتاريخ 22/11/1403ه)","قضت المحكمة العليا بأن ..."" الإدانة بجرم تحتاج لثبوتها اعتراف أو بينة سالمة من الجرح ."" القرار رقم (239/5/62 وتاريخ 22/11/1403ه)"
2023-02-08T18:48:56,1406,لا يحقق معيار منشور قانوني نصي مستقل وعالي الثقة,2,بيع العينة.. بيع العينة ربا، أن تبيع سلعة على إنسان بثمن مؤجل، ثم تشتريها منه بنقد هذه العينة، تبيع عليه مثلًا سيارة بستين ألف أقساط، ثم تبيعها عليه بنقد، تبيعها عليه بأربعين نقدًا يعطيك إياه. فالمعنى أنك أخذت أربعين بستين ربا حيلة، السيارة هنا جعلت حيلة، هذه هي العينة، أن تبيع سلعة بأجل، ثم تأخذها ممن اشتراها منك بنقد، تبيعها عليه بنقد، يعني: يعطيك نقدًا ويرد السلعة. نعم,بيع العينة
2023-02-15T16:48:46,1415,لا يحقق معيار منشور قانوني نصي مستقل وعالي الثقة,9,( رضا المتعاقدين بالشرط الباطل ؛ لا يجعله صحيحًا ) حكم تجاري ( 348 / اس / 7 1432 ),( رضا المتعاقدين بالشرط الباطل ؛ لا يجعله صحيحًا )
2023-02-19T19:05:37,1422,لا يحقق معيار منشور قانوني نصي مستقل وعالي الثقة,5,التعويض عن الضرر لبد من توفر ثلاث أركان رئيسية: 1- ركن الخطأ: 2- ركن الضرر: 3- العلاقة السببية بين الخطأ والضرر,التعويض عن الضرر لبد من توفر ثلاث أركان رئيسية
2023-02-21T00:44:53,1429,لا يحقق معيار منشور قانوني نصي مستقل وعالي الثقة,1,أسئلة عن التكاليفالقضائية وقيمة الطلبات️ س1 / كم تبلغ قيمة التكاليف القضائية لطلب تصحيح الحكم أو تفسيره؟ ج : 2000 ريال س2 / كم تبلغ قيمة التكاليف القضائية لطلب الإدخال من الخصوم؟ ج : 2000 ريال س3 / كم تبلغ قيمة التكاليف القضائية لطلب الاستئناف؟ ج/ 5000 الاف ريال س4 / كم تبلغ قيمة التكاليف القضائية لطلب أحد الخصوم السير في الدعوى الموقوفة اتفاقًا قبل انتهاء المدة المتفق عليها لوقف الخصومة؟ ج / 100 ريال س5 / كم تبلغ قيمة التكاليف القضائية لطلب التماس إعادة النظر؟ ج / 10000 الاف ريال س6 / كم تبلغ ق,أسئلة عن التكاليفالقضائية وقيمة الطلبات️
2023-02-21T17:35:37,1431,لا يحقق معيار منشور قانوني نصي مستقل وعالي الثقة,6,حالات تسقط فيها مكافأة نهاية الخدمه : ١- انهاء العقد خلال فترة التجربة. ٢- فسخ العقد وفقا للمادة ٨٠. ٣- الاستقالة دون سبب مشروع لمن خدمته أقل من سنتين,حالات تسقط فيها مكافأة نهاية الخدمه
2023-02-27T10:44:07,1440,لا يحقق معيار منشور قانوني نصي مستقل وعالي الثقة,4,أهم الدفوع في قضايا القتل: - انتفاء القصد الجنائي. - انتفاء الرابطة السببية بين الفعل المنسوب للمتهم والنتيجة( القتل). - الدفع بانتفاء ظرف سبق الإصرار. - الدفع بتوافر حالة الدفاع الشرعي في الأفعال المنسوبة للمتهم. - الدفع بتناقض الدليل القولي مع الدليل الفني في أوراق القضية…,أهم الدفوع في قضايا القتل
2023-03-04T00:48:08,1443,لا يحقق معيار منشور قانوني نصي مستقل وعالي الثقة,10,من أحكام الشيك 1 - الأصل أن الشيكات إذا دفعت لشخص تكون مستحقة له إلا إذا قيدها بأنها قرض ونحو ذلك ( م ق د) (579 / 6 ) (26/11/1418 ) 2- من المبادئ النظامية في الأوراق التجارية أنه إذا ذكر السبب في الشيك فيعتبر هو السبب الحقيقي حتى يقوم دليل على ما ينفيه (رقم (2/144 جلسة 4/1/1404),من أحكام الشيك
2023-03-07T01:26:18,1445,لا يحقق معيار منشور قانوني نصي مستقل وعالي الثقة,9,لا تُستحق الأجرة إلا بتحقق صلاحية المحل المستأجر لما أستؤجر، ما لم يوجد المانع من قِبل المستأجر نفسه؛ كتقصيرٍ منه في إكمال النقص، إذا كان إكماله من قبله. مجلس القضاء الأعلى بهيئته الدائمة رقم: (١٠٤/٦) ١٤٠٨/٠٤/٢٢ هـ,لا تُستحق الأجرة إلا بتحقق صلاحية المحل المستأجر لما أستؤجر، ما لم يوجد المانع من قِبل المستأجر نفسه؛ كتقصيرٍ منه في إكمال النقص، إذا كان إكماله من قبله
2023-03-09T15:01:16,1448,لا يحقق معيار منشور قانوني نصي مستقل وعالي الثقة,-4,من المقرر فقها ونظاما أن مصروفات الدعوى من المسائل التي يعنى فيها القضاء بجبر الضرر المحدق لمن تكبدها وأُلجأ إلى شكاية خصمه لاستحصال حقه . القضية رقم ٤٣٩٥٢٧٦٨٨ لعام ١٤٤٣,من المقرر فقها ونظاما أن مصروفات الدعوى من المسائل التي يعنى فيها القضاء بجبر الضرر المحدق لمن تكبدها وأُلجأ إلى شكاية خصمه لاستحصال حقه
2023-03-09T23:25:19,1452,لا يحقق معيار منشور قانوني نصي مستقل وعالي الثقة,7,الدليل المساعد للقانونيين,الدليل المساعد للقانونيين
2023-03-15T18:23:24,1460,لا يحقق معيار منشور قانوني نصي مستقل وعالي الثقة,9,انواع اليمين يمين المدعي: وهي يمين الاستظهار وهي مشروعة في حالات استثنائية ترجع إلى تقدير القاضي فمتى رأى حاجة إلى مزيد استيثاق للحق فله تحليف المدعي يمين المدعى عليه: وهي اليمين الحاسمة فإذا أنكر المدعى عليه الدعوى ولم يكون للمدعى بينة فله أن يطلب من القاضي تحليف المدعى عليه,انواع اليمين
2023-03-16T19:59:19,1462,لا يحقق معيار منشور قانوني نصي مستقل وعالي الثقة,5,مبادرة تسهل على رواد الأعمال وأصحاب المشاريع الصغيرة والمتوسطة الحصول على المعلومات الزكوية والضريبية والجمركية,مبادرة تسهل على رواد الأعمال وأصحاب المشاريع الصغيرة والمتوسطة الحصول على المعلومات الزكوية والضريبية والجمركية
2023-03-16T23:36:10,1464,لا يحقق معيار منشور قانوني نصي مستقل وعالي الثقة,4,مذكرة ضوابط محتوى وإعلانات الأفراد على شبكات التواصل الاجتماعي,مذكرة ضوابط محتوى وإعلانات الأفراد على شبكات التواصل الاجتماعي
2023-03-18T18:39:35,1469,لا يحقق معيار منشور قانوني نصي مستقل وعالي الثقة,1,ضوابط إيقاف الخدمات للأفراد وفق التنظيم الجديد: 1- يكون إيقاف الخدمات للأفراد وفقاً للترتيب الآتي: أ- المرحلة الأولى: إيقاف الخدمات (منخفضة الأثر)، وتشمل: الخدمات الجديدة غير المرتبطة بخدمة قائمة، والخدمات الإضافية التي لا يترتب على إيقافها أثر كبير على الفرد. ب- المرحلة الثانية: إيقاف الخدمات (متوسطة الأثر)، وتشمل: الخدمات التي تحدّ من الاستفادة من الخدمات غير المؤثرة. ج- المرحلة الثالثة: إيقاف الخدمات (عالية الأثر)، وتشمل: جميع الخدمات التي يمكن إيقافها، على ألا يشمل ذلك هوية الفرد. 2- لا تتجا,ضوابط إيقاف الخدمات للأفراد وفق التنظيم الجديد
2023-03-20T22:27:49,1473,تطابق عنواني منضبط مع مادة قائمة أو مرشحة,9,قرار المحكمة العليا بشأن إقرار مبادئ في شأن الجوانب المتصلة,قرار المحكمة العليا بشأن إقرار مبادئ في شأن الجوانب المتصلة
2023-03-21T10:36:24,1476,لا يحقق معيار منشور قانوني نصي مستقل وعالي الثقة,10,في القضاء : (بائع العقار والوكيل بالبيع لا يستحق سعياً؛ لأن السعي للطرف الثالث الذي وفَّق بين البائع والمشتري). قرار المحكمة العليا رقم (3/3/19) وتاريخ 1430/9/9ھ: (المبادئ والقرارات ص ٤٠),في القضاء
2023-03-22T01:39:11,1479,تطابق عنواني منضبط مع مادة قائمة أو مرشحة,9,نظام الشركات ولوائحه التنفيذية,نظام الشركات ولوائحه التنفيذية
2023-03-22T12:53:27,1480,لا يحقق معيار منشور قانوني نصي مستقل وعالي الثقة,-5,يجوز أن يتفق الراهن والمرتهن على استيفاء ما حل من الدين خصمًا من غلة العقار المرهون. مادة (12) نظام الرهن,يجوز أن يتفق الراهن والمرتهن على استيفاء ما حل من الدين خصمًا من غلة العقار المرهون
2023-03-23T05:05:35,1481,لا يحقق معيار منشور قانوني نصي مستقل وعالي الثقة,7,"وفقاً لقاعدة : "" من تناقضت حجته مع أقواله بطلت دعواه "" فالدعوى تُبطل إذا وقع فيها تناقض من المدعي أو وكيله مع عدم وجود إمكانية لتصحيحها",وفقاً لقاعدة
2023-03-27T15:54:18,1496,لا يحقق معيار منشور قانوني نصي مستقل وعالي الثقة,10,أنواع التعويض: التعويض المعنوي يشمل التعويض النفسي نتيجة الاهانة أو التعرض لحادث أو الشتم والتحقير من قبل الغير التعويض المادي : هو التعويض التعويض الجسدي والتعويض المالي عن خسارة وفقدان الممتلكات والأموال وما شابه,أنواع التعويض
2023-04-04T00:17:59,1502,لا يحقق معيار منشور قانوني نصي مستقل وعالي الثقة,-5,المرسوم الملكي م١٤٨ تاريخ ٥ رمضان ١٤٤٤هـ المتعلق في تعديلات نظام حماية البينات الشخصية,المرسوم الملكي م١٤٨ تاريخ ٥ رمضان ١٤٤٤هـ المتعلق في تعديلات نظام حماية البينات الشخصية
2023-04-04T23:40:50,1504,تطابق عنواني منضبط مع مادة قائمة أو مرشحة,8,نظام التكاليف القضائية,نظام التكاليف القضائية
2023-04-05T01:43:33,1505,لا يحقق معيار منشور قانوني نصي مستقل وعالي الثقة,10,أنواع التعويض: التعويض المعنوي يشمل التعويض النفسي نتيجة الاهانة أو التعرض لحادث أو الشتم والتحقير من قبل الغير التعويض المادي : هو التعويض التعويض الجسدي والتعويض المالي عن خسارة وفقدان الممتلكات والأموال وما شابه,أنواع التعويض
2023-04-11T00:47:32,1515,تطابق عنواني منضبط مع مادة قائمة أو مرشحة,8,نظام الإفلاس ولوائحه وقواعده,نظام الإفلاس ولوائحه وقواعده
2023-04-11T16:13:05,1518,لا يحقق معيار منشور قانوني نصي مستقل وعالي الثقة,-4,https://portaleservices.moj.gov.sa/TameemPortal/TameemList.aspx رابط يحتوي على جميع التعاميم الصادرة من وزارة العدل,https://portaleservices.moj.gov.sa/TameemPortal/TameemList.aspx
2023-04-15T03:08:59,1521,لا يحقق معيار منشور قانوني نصي مستقل وعالي الثقة,2,دليل إجراءات امتثال المباني,دليل إجراءات امتثال المباني
2023-04-26T23:06:40,1528,لا يحقق معيار منشور قانوني نصي مستقل وعالي الثقة,5,ملف قيّم| القواعد الفقهية وتطبيقاتها في المحاكم الشرعية يشتمل على (٨٠٠) ثمانمائة مسألة من مسائل - النكاح - الطلاق - الميراث - الوقف - الوصية - النيابات الشرعية,ملف قيّم|
2023-04-28T13:27:02,1530,لا يحقق معيار منشور قانوني نصي مستقل وعالي الثقة,7,نظام الإثبات سعد الخنفري الاصدار الثاني 1444هـ 2022م,نظام الإثبات سعد الخنفري الاصدار الثاني 1444هـ 2022م
2023-04-29T17:36:41,1532,لا يحقق معيار منشور قانوني نصي مستقل وعالي الثقة,4,أهم اللوائح والسياسات اللازمة لعمل الشركات ونبذة عنها,أهم اللوائح والسياسات اللازمة لعمل الشركات ونبذة عنها
2023-05-04T23:04:05,1540,تطابق عنواني منضبط مع مادة قائمة أو مرشحة,13,مصطلحات قانونية: عقد بـيع Sales contract عقد إيجـار Rental contract عقد خدمـات Service contract عقد صيـانة Maintenance contract وكـالة قـانونية Power of Attorney نسخة طبق الأصل Duplicate copy شـاهد Witness كـاتب عدل Notary Public تنفيـذ Execution تعويـض Indemnity,مصطلحات قانونية
2023-05-05T19:59:46,1541,لا يحقق معيار منشور قانوني نصي مستقل وعالي الثقة,11,الفرق بين المتهم والمشتبه به : - المشتبه به : لا يعد متهماً كل من قدم ضده بلاغ أو شكوى أو أجرى بشأنه مأمور الضبط القضائي بعض التحريات أو الاستدلالات ، إنما يعد مشتبهاً به. - المتهم : هو من تم تحريك الدعوى الجنائية ضده,الفرق بين المتهم والمشتبه به
2023-05-06T01:52:53,1542,لا يحقق معيار منشور قانوني نصي مستقل وعالي الثقة,-1,أنواع اليمين وتنقسم لما يلى: -اليمين الحاسمة: وهي التي يوجهها أحد المتداعين لخصمه ليحسم بها النزاع و لا يحق للمحكمة توجيهها . -اليمين المتممة: وهي التي توجهها المحكمة من تلقاء نفسها لأي من الخصمين لتبني على ذلك حكمها في موضوع الدعوى أو في قيمة ماتحكم به ويشترط في توجيه هذه . اليمين ألا يكون في الدعوى دليل كامل وألا تكون الدعوى خالية من أي دليل . -يمين الاستظهار: وهي التي توجهها المحكمة من تلقاء نفسها لمن ادعى حقاً في التركة وأثبته على أنه لم يستوف هذا الحق بنفسه ولابغيره من الميت بوجه من الوجوه ,أنواع اليمين
2023-05-08T11:42:42,1548,لا يحقق معيار منشور قانوني نصي مستقل وعالي الثقة,8,تجوز ترقية الفرد ما عدا رئيس الرقباء من الرتبة الأدنى إلى الرتبة الأعلى التي تليها مباشرة بقرار من الوزير. أما رئيس الرقباء فلا تجوز ترقيته إلى رتبة ملازم إلا بأمر من القائد الأعلى للقوات المسلحة بناء على توصية الوزير,تجوز ترقية الفرد ما عدا رئيس الرقباء من الرتبة الأدنى إلى الرتبة الأعلى التي تليها مباشرة بقرار من الوزير
2023-05-11T19:02:50,1551,لا يحقق معيار منشور قانوني نصي مستقل وعالي الثقة,7,فائدة في قضايا التعويض : التعويض إنما يكون عن الضرر المادي الذي تحقق وقوعه.. وذلك بتحقق أركان المسؤولية في التعويض.. وهي ثبوت الضرر والخطأ والعلاقة السببية.. القضية 439432177 لعام 1443,فائدة في قضايا التعويض
2023-05-22T20:06:24,1557,تطابق عنواني منضبط مع مادة قائمة أو مرشحة,14,أهم المدد في نظام الأحوال الشخصية: - عدم سماع دعوى النفقة الماضية للزوجة (سنتين) وللأولاد (سنة) - سقوط حق المطالبة بالحضانة (سنة) - مدة عدم الجماع الموجب للفسخ (4 أشهر) - مدة السفر بالمحضون (90 يوم) - مدة أداء المهر (30 يوم) - مدة توثيق الطلاق أو الرجعة (15 يوم),أهم المدد في نظام الأحوال الشخصية
2023-05-22T21:35:39,1559,لا يحقق معيار منشور قانوني نصي مستقل وعالي الثقة,14,الفرق بين البيّنة والقرينة؟ البيّنة: هي الدليل القطعي الذي يمكن من خلاله أن يحكم القاضي به الدعوى لإثبات الحق. القرينة: هي دليل ظني لايبني القاضي حكمه عليه وإنما هي مساعدة للوصول إلى الحق,الفرق بين البيّنة والقرينة؟
2023-05-30T22:39:29,1570,لا يحقق معيار منشور قانوني نصي مستقل وعالي الثقة,6,الإجازات ومددها : • العادية : ٣٦ يوم ، منها ١٠ متفرقة خلال السنة . • الاضطرارية : ٥ أيام في السنة المالية . • الأبوة : ٣ أيام خلال أسبوع من تاريخ الولادة . • الوفاة : ٥ أيام تبدأ من تاريخ الوفاة . • الوضع: ٧٠ يوماً ، وتبدأ بحد أقصى ٢٨ يوماً قبل التاريخ المرجح للوضع . • الأمومة : ٣ سنوات كحد أقصى خلال سنوات الخدمة . • أداء الامتحان : يوم الامتحان الفعلي واليوم الذي قبله . • المرضية : سنتان كل ٤ سنوات . • الاستثنائية : سنتان كل ٥ سنوات . • المرافقة الاستثنائية : ١٠ سنوات طوال الخدمة,الإجازات ومددها
2023-06-03T15:40:39,1572,لا يحقق معيار منشور قانوني نصي مستقل وعالي الثقة,9,تعرضت لحادث ورخصتي منتهية، فالخطأ كان من جانبي، هل يشملني التأمين؟ الإجابة: في هذه الحالة، فإن شركة التأمين ملزمة بصرف التعويض للطرف المتضرر ابتداءً، ولكن قد يقومون بالمطالبة بالمبلغ الذي دفعوه للطرف المتضرر منك، نظرًا لانتهاء صلاحية رخصتك في وقت الحادث. هل يمكنني منع شركة التأمين من المطالبة بذلك؟ الإجابة: نعم، يمكنك تجديد رخصتك خلال 50 يومًا من تاريخ وقوع الحادث. في هذه الحالة، لن تكون شركة التأمين قادرة على المطالبة بالمبلغ منك. المحامي/ عبدالله العرادي,تعرضت لحادث ورخصتي منتهية، فالخطأ كان من جانبي، هل يشملني التأمين؟
2023-06-06T15:05:58,1575,لا يحقق معيار منشور قانوني نصي مستقل وعالي الثقة,10,فائدة: -جاء في قرار المحكمة العليا رقم ٣/٣/٧٤ في ١٤٣٣/١١/٢ مانصه (التناقض والاختلاف في الشهادة يوجب ردها وعدم قبولها) -وجاء في قرار محكمة التمييز رقم ١٨٢٩/ش/ب في ١٤٢٥/١١/١٧ مانصه[لا تقبل شهادة من يجر لنفسه بها نفعاً] -وجاء في قرار مجلس القضاء الأعلى بهيئته الدائمة رقم ٤/٢٢ في ١٤٢٥/١/٩ مانصه[نقض الحكم إذا بُني على شهادة مَنْ يجر لنفسه نفعاً، أو كانت شهادته غير موصلة، أو كانت مما يتطرق لها الاحتمال] إليك هذه الفائدة المختصرة التي تُجيز شهادة الأخ لأخيه بشرط انتفاء التهمة.. ١-نقل ابن قدامة في المغن,فائدة
2023-06-09T17:26:37,1577,لا يحقق معيار منشور قانوني نصي مستقل وعالي الثقة,7,يجوز للموظف التمتع بإجازة عادية قبل عطلة العيد وأخرى بعدها ، ولا تحتسب عطلة العيد من ضمن الإجازة العادية . - إذا تمتع الموظف بإجازة عادية بدأت قبل عطلة العيد وانتهت بعدها ، لا تحتسب مدة العطلة من رصيد الإجازة . - إذا تغيب الموظف آخر يوم قبل عطلة العيد و أول يوم بعد عطلة العيد ، لا تحتسب عطلة العيد غياباً لا يستحق راتباً عليه . - أقصى حد للتكليف في عطل العيد ٧ ساعات في اليوم ، و يجوز للجهة تكليف الموظف لمدة أقل أو ساعات أقل,يجوز للموظف التمتع بإجازة عادية قبل عطلة العيد وأخرى بعدها ، ولا تحتسب عطلة العيد من ضمن الإجازة العادية
2023-06-10T14:00:41,1580,لا يحقق معيار منشور قانوني نصي مستقل وعالي الثقة,2,قاعدة: ( عند إختلاف الدافع والقابض في سبب خروج المال ؛ فالقول قول الدافع مع يمينه ),قاعدة
2023-06-14T01:18:31,1583,لا يحقق معيار منشور قانوني نصي مستقل وعالي الثقة,9,إضاءة في العيوب الإنشائية: إذا سلم المقاول أعماله لصاحب العمل لكنها ناقصة وغير مطابقة للمواصفات والشروط فهل يضمن المقاول؟ الجواب: صاحب العمل مخير بين تضمين المقاول سواء كان تضمينه لقيمة المواد قبل الصنع أو لأرش النقص، أو بإسقاط حقه وإبراء المقاول من الضمان بالرضى وقبول العمل مخالفاً للمواصفات والشروط، وهذا محل اتفاق بين الفقهاء. الدكتور عبدالرحمن الزير,إضاءة في العيوب الإنشائية
2023-06-16T15:04:13,1590,تطابق عنواني منضبط مع مادة قائمة أو مرشحة,9,ضوابط يُعرَف بها المكلَّف بالإثبات. من إعداد/ د. عبدالرحمن اللحيدان,ضوابط يُعرَف بها المكلَّف بالإثبات
2023-06-20T14:41:06,1598,لا يحقق معيار منشور قانوني نصي مستقل وعالي الثقة,1,ملخص تحديث نظام المرافعات الشرعية / - إضافة تعميم وزير العدل رقم 13/ت/6198 بتاريخ 6/6/1437هـ ص (65) المتضمن [تقييد العمل بالوكالات بمدة خمس سنوات من تاريخ صدورها، ... إلخ]. - إضافة تعميم المجلس رقم (1973/ت) بتاريخ 23/02/1444هـ ص (271) بشأن قصر توزيع دعاوى وطلبات التنفيذ لدى محاكم الاستئناف على دائرة أو أكثر ... إلخ - إضافة تعميم المجلس رقم (2053/ت) بتاريخ 21/09/1444هـ ص (48) بشأن (تحديد الاختصاص النوعي والمكاني لنظر قضايا المساهمات العقارية ... إلخ). - إضافة المرسوم الملكي (م/191) بتاريخ 29/11/1,ملخص تحديث نظام المرافعات الشرعية /
2023-06-20T14:42:00,1600,لا يحقق معيار منشور قانوني نصي مستقل وعالي الثقة,-1,ملخص التحديث لنظام المحاماة - إضافة المرسوم الملكي (م/191) بتاريخ 29/11/1444هـ ص (63) بشأن الموافقة على نظام المعاملات المدنية والذي تضمن في البند (ثانياً) إلغاء المادة (25) من نظام المحاماة . عبدالعزيز السماري,ملخص التحديث لنظام المحاماة
2023-06-22T12:44:12,1604,لا يحقق معيار منشور قانوني نصي مستقل وعالي الثقة,4,عقد تسويق حصري لمنتج أو مشروع عقاري,عقد تسويق حصري لمنتج
2023-07-02T19:38:13,1613,لا يحقق معيار منشور قانوني نصي مستقل وعالي الثقة,3,قسمة المال بين الورثة في الحياة: د. سلطان الطواله,قسمة المال بين الورثة في الحياة: د
2023-07-08T15:27:44,1620,لا يحقق معيار منشور قانوني نصي مستقل وعالي الثقة,6,مدونة السوابق القضائية التأمينية للجنة الاستئنافية للفصل في المنازعات والمخالفات التأمينية الصادرة لعام 1443,مدونة السوابق القضائية التأمينية للجنة الاستئنافية للفصل في المنازعات والمخالفات التأمينية الصادرة لعام 1443
2023-07-16T19:42:50,1627,تطابق عنواني منضبط مع مادة قائمة أو مرشحة,8,نظام المساهمات العقارية,نظام المساهمات العقارية
2023-07-20T17:20:01,1633,لا يحقق معيار منشور قانوني نصي مستقل وعالي الثقة,0,يشترط لصحة الإثبات بالوسائط الإلكترونية أن يكون إنشاؤها من قبل الطرف الآخر أو بموافقته أو علمه ويكون الدليل الإلكتروني حجة في الإثبات؛إذا كان صادراً وفق نظام التعاملات الالكترونية أو جرى عبر وسيلة إلكترونية لدى جهة حكومية أو معتمدة منها أو كانت الوسيلة الإلكترونية التي استخدمت في الدليل الالكتروني منصوصًا عليها في العقد محل النزاع أو إذا ناقش الخصم في موضوع الدليل الالكتروني مستفادًا من وسيلة إلكترونية لممارسة النشاط للطرف ،موثقةأو مشاعة للعموم . وللمحكمة أن تستعين بخبير للتحقق من الدليل الإلكتر,يشترط لصحة الإثبات بالوسائط الإلكترونية أن يكون إنشاؤها من قبل الطرف الآخر أو بموافقته أو علمه ويكون الدليل الإلكتروني حجة في الإثبات؛إذا كان صادراً وفق نظام التعاملات ال
2023-07-20T22:36:44,1634,لا يحقق معيار منشور قانوني نصي مستقل وعالي الثقة,8,"""المضارِب أمين، والقول قوله فيما يدعيه من ربح وخسارة"" الحكم (٧٥/د/٢٢) لعام ١٤٣٢هـ مؤيّد من الاستئناف (٢/٢٦) لعام ١٤٣٣هـ. — ""القول في الربح والخسارة هو قول العامل مع يمينه"" الحكم (٢/١٨/١٤٤) لعام ١٤٣٢هـ مؤيد من الاستئناف (٢/٥٤) لعام ١٤٣٣","""المضارِب أمين، والقول قوله فيما يدعيه من ربح وخسارة"""
2023-07-28T19:19:16,1641,لا يحقق معيار منشور قانوني نصي مستقل وعالي الثقة,14,فائدة: -كثير من القضايا الجنائية في الحق العام تكون مبنية على الحق الخاص، وقد يحكم بالحق العام دون الحق الخاص، إذْٰ لايجوز إسقاطه إلا لمبرر شرعي أو نظامي... -جاءفي قرار مجلس القضاء الأعلى بهيئته الدائمة رقم ٦/٧٥٠ في ١٤٢١/١٠/٢٢ (الحق الخاص مقدم على الحق العام، وهو مبني على المشاحة، فلا يجوز إسقاطه بعقوبة تعزيرية للحق العام يمكن تخفيفها) -وجاء في قرار مجلس القضاء الأعلى الآخر رقم ٣/١١٤٠ في ١٤٢٩/٦/١٣ {الحق الخاص مقدم على الحق العام، إلا في الحدود},فائدة
2023-07-30T13:48:19,1645,تطابق عنواني منضبط مع مادة قائمة أو مرشحة,9,المبادئ التجارية المستخلصة من أحكام المحكمة العليا,المبادئ التجارية المستخلصة من أحكام المحكمة العليا
2023-08-05T20:36:14,1653,تطابق عنواني منضبط مع مادة قائمة أو مرشحة,8,نظام العلامات التجارية,نظام العلامات التجارية
2023-08-22T16:26:46,1671,لا يحقق معيار منشور قانوني نصي مستقل وعالي الثقة,8,"من قرارات مجلس الوزراء لهذا اليوم الثلاثاء الموافق 06-02-1445 مجلس الوزراء: تتحمل الدولة عمن يفقد مركبته الرسوم والغرامات المترتبة على تلك المركبة إلى حين العثور عليها, وذلك من تاريخ بلاغه عن فقدان مركبته, على ألا يخل ذلك بعودة الدولة بالرسوم والغرامات على سارق تلك المركبة في حال كانت مسروقة, والمتحايلين من ملاك تلك المركبات",من قرارات مجلس الوزراء لهذا اليوم الثلاثاء الموافق 06-02-1445
2023-08-29T16:03:03,1679,لا يحقق معيار منشور قانوني نصي مستقل وعالي الثقة,13,حالات إبعاد الوافد الاجنبي بعد الحكم عليه اذا حكم على الوافد بالسجن أكثر من 3 أشهر او بالجلد أكثر من40 جلدة فيتم ابعاده مباشرة اذا حكم على الوافد بالسجن أقل من 3 أشهر او بالجلد أقل من40 جلدة وكانت عليه سابقة فيتم ابعاده مباشرة إذا حكم عليه بأحد الجرائم الكبرى الموجبة للتوقيف و المنصوص عليها في المادة 112 من نظام الاجراءات اذا كان الوافد ابن أو زوج لمواطنة فلا يتم الابعاد للمرة الاولى ، مالم يقم بتكرار الجريمة أو كانت من الجرائم الكبرى الموجبة للتوقيف والمنصوص عليها في المادة 112 من النظام . موسى,حالات إبعاد الوافد الاجنبي بعد الحكم عليه
2023-09-13T16:23:02,1694,لا يحقق معيار منشور قانوني نصي مستقل وعالي الثقة,10,اعتبارًا من يوم غدٍ الخميس الموافق 29-2-1445 رسمياً .. سيكون إيقاف الخدمات بسند نظامي، أو قرار من مجلس الوزراء، أو أمر سام، أو أمر قضائي,اعتبارًا من يوم غدٍ الخميس الموافق 29-2-1445
2023-09-14T15:41:20,1699,لا يحقق معيار منشور قانوني نصي مستقل وعالي الثقة,7,نظام الأحوال الشخصية مع الفهارس، نسخة محدثة 1-1-1445,نظام الأحوال الشخصية مع الفهارس، نسخة محدثة 1-1-1445
2023-09-18T12:17:10,1702,لا يحقق معيار منشور قانوني نصي مستقل وعالي الثقة,5,من اشترى سلعة معيبة سواء كانت سيارة أو غيرها وثبت فيها عيب لم يكن يعلم به، وقرر أهل الخبرة أن هذا العيب ينقص قيمتها، فإن للمشتري الخيار، وهذا الخيار يسميه الفقهاء (خيار العيب) فيخيَّر المشتري بين: 1- أن يرد السلعة ويأخذ ما دفعه من قيمتها. 2- يمسكها ويأخذ أرش العيب (نسبة النقص),من اشترى سلعة معيبة سواء كانت سيارة أو غيرها وثبت فيها عيب لم يكن يعلم به، وقرر أهل الخبرة أن هذا العيب ينقص قيمتها، فإن للمشتري الخيار، وهذا الخيار يسميه الفقهاء (خيار ا
2023-09-20T10:57:12,1703,لا يحقق معيار منشور قانوني نصي مستقل وعالي الثقة,4,ما تأخذ دقيقة من وقتك: - سُبحان الله - الحمدلله - لا إله إلا الله - الله اكبر - سُبحان الله و بحمده - سُبحان الله العظيم - استغفر الله و أتوبُ إليه - لا حول و لا قوة إلا بالله - اللهم صلِ وسلم على نبينا محمد - لا إله إلا الله محمد رسول الله,ما تأخذ دقيقة من وقتك
2023-09-25T08:42:39,1706,لا يحقق معيار منشور قانوني نصي مستقل وعالي الثقة,5,العربون : إذا تعثر إتمام الصفقة العقارية بسبب من المشتري أو المستأجر دون وجود عيب في العقار فلا يعاد العربون. وإن كان سبب التعثر لا يعود إلى أي منهما فيلزم إعادة العربون إلى من دفعه. ملاحظة مهمة : في حال عدم إتمام الصفقة العقارية واستحقاق البائع أو المؤجر للعربون فيستحق الوسيط عمولة بنسبة 25٪ من العربون,العربون
2023-10-06T15:34:19,1721,تطابق عنواني منضبط مع مادة قائمة أو مرشحة,13,لائحة العمالة المنزلية ومن في حكمها. قرار وزير الموارد البشرية والتنمية الاجتماعية رقم ٤٠٦٧٦ وتاريخ ١٧-٠٣-١٤٤٥ يُعمل بها بعد سنة من تاريخ إصدارها. تحل هذه اللائحة محل لائحة الخدمة المنزلية ومن في حكمهم الصادرة بقرار مجلس الوزراء رقم ٣١٠ وتاريخ ٠٧-٠٩-١٤٣٤,لائحة العمالة المنزلية ومن في حكمها
2023-10-07T19:50:01,1724,تطابق عنواني منضبط مع مادة قائمة أو مرشحة,16,لائحة العمالة المنزلية ومن في حكمها.. 1- لا يجوز تشغيل العامل المنزلي تشغيلاً فعلياً في اليوم الواحد لأكثر من 10 ساعات. 2- - تنظم ساعات العمل وفترات الراحة خلال اليوم بحيث لا يعمل العامل المنزلي أكثر من خمس ساعات متتالية دون فترة للراحة والعبادة 3- حصول على يوم راحة أسبوعية بأجر كامل، 4- - في حال تشغيل العامل المنزلي في يوم راحته الأسبوعية، يكون له الحق في يوم راحة بديل أو بدل نقدي يحدد باتفاق طرفي العلاقة. الإجازات والرعاية الصحية المادة الثانية عشرة: 1- إذا كانت خدمة العامل المنزلي سنتين ورغب ,لائحة العمالة المنزلية ومن في حكمها
2023-10-23T20:19:25,1736,لا يحقق معيار منشور قانوني نصي مستقل وعالي الثقة,12,"في قضايا المقاولات : "" العرف التجاري استقر أن المالك لا يسلم المقاول من المبالغ إلا قدر الأعمال المنفذة مع حسم نسبة متفق عليها لضمان حسن التنفيذ"" القضية رقم ٤٣٩١٨١١٢٣ لعام ١٤٤٣هـ",في قضايا المقاولات
2023-10-23T22:58:54,1738,لا يحقق معيار منشور قانوني نصي مستقل وعالي الثقة,10,تنبيهات هامة : يجب على أصحاب العمل عند توثيق عقود العمل إلكترونياً لموظفيهم عبر منصةقوى الإنتباه الى النقاط التالية : 1️⃣ يجب أن يُنص على فترةالتجربة في عقد العمل صراحة للموظفين الجدد بحيث لا تزيد عن ٩٠ يوماً ( المادة ٥٣) . 2️⃣ يجوز لصاحب العمل أن يجعل إنهاء العلاقة التعاقدية أثناء فترة التجربة حق له لا يشاركه فيه العامل ، وذلك بأن يتضمن العقد نصاً يعطيه هذا الحق ، وعلى ذلك لا يستطيع العامل 🏽إنهاء العقد أثناء فترة التجربة . 3️⃣ يجب أن يتم تحديد تعويضاً محددا ً في العقد وذلك عند فسخ عقد العامل🏽 ل,تنبيهات هامة
2023-10-27T23:30:40,1747,لا يحقق معيار منشور قانوني نصي مستقل وعالي الثقة,4,قواعد عمل اللجان الزكوية والضريبية,قواعد عمل اللجان الزكوية والضريبية
2023-10-31T21:48:18,1754,لا يحقق معيار منشور قانوني نصي مستقل وعالي الثقة,2,"مجلس الوزراء: الموافقة على أن يكون احتساب المدد في جميع الإجراءات والتعاملات الرسمية على أساس التاريخ الميلادي, عدا ما كان مرتبطاً بأحكام الشريعة الإسلامية المبني فيها احتساب المدد على التاريخ الهجري, أو ما يرد النص صراحة على احتساب مدته على أساس التاريخ الهجري. واس 16-04-1445 31-10-2023",مجلس الوزراء
2023-11-01T20:41:04,1757,لا يحقق معيار منشور قانوني نصي مستقل وعالي الثقة,7,تعديل المادة (15) من نظام الكليات العسكرية,تعديل المادة (15) من نظام الكليات العسكرية
2023-11-09T12:36:50,1772,لا يحقق معيار منشور قانوني نصي مستقل وعالي الثقة,14,الفرق بين البينة والقرينة: ⁃البينة هي دليل قطعي يمكن من خلاله أن يحكم القاضي به بالدعوى لإثبات الحق. ⁃القرينة هي دليل ظني لايبني القاضي حكمه عليه؛وإنما هي مساعدة للوصول إلى الحق,الفرق بين البينة والقرينة
2023-11-10T03:05:51,1775,لا يحقق معيار منشور قانوني نصي مستقل وعالي الثقة,3,مكتبة نفع القضائية جمع القاضي حمد القاسم,مكتبة نفع القضائية جمع القاضي حمد القاسم
2023-11-14T17:36:12,1782,لا يحقق معيار منشور قانوني نصي مستقل وعالي الثقة,6,أطلقت وزارة العدل خدمة جديده عبر بوابة ناجز ⁃ خدمة توثيق الرضاعة حتى لاتنُسى صلة القرابة على مدى الأجيال ، تتيح الان هذه الخدمة توثيق صلة القرابة بالرضاعة، التي تتيح للمستفيد إصدار وثيقة رضاعة رسمية عبر البوابة,أطلقت وزارة العدل خدمة جديده عبر بوابة ناجز
2023-11-15T11:02:27,1784,لا يحقق معيار منشور قانوني نصي مستقل وعالي الثقة,4,"هل يحق لي ارجاع السلعة التي اشتريت للبائع في حال وجدت فيها عيبًا؟ الجواب: نعم. ""إذا كانت العين معيبة كان للمشتري ردها أو قبولها مع الأرش الذي هو الفرق بين السلامة والعيب"". ( م ق د ) : (٥٤٨/ ٤)، (٥/ ٩/ ١٤٢٣)",هل يحق لي ارجاع السلعة التي اشتريت للبائع في حال وجدت فيها عيبًا؟
2023-11-22T23:40:13,1793,تطابق عنواني منضبط مع مادة قائمة أو مرشحة,13,نظام مكافحة المخدرات والمؤثرات العقلية ولائحته التنفيذية مع الفهارس,نظام مكافحة المخدرات والمؤثرات العقلية ولائحته التنفيذية مع الفهارس
2023-12-10T17:25:58,1808,لا يحقق معيار منشور قانوني نصي مستقل وعالي الثقة,14,تنويه: اعتمدت وزارة الموارد البشرية تعديل جدول المخالفات والعقوبات لنظام العمل ولائحته التنفيذية، وشملت التعديلات قيمة جميع المخالفات وذلك حسب تصنيف فئة المنشأة الذي يعتمد على عدد العمالة: ️ منشأة فئة أ = 50 عاملاً فأكثر ️ منشأة فئة ب = 21-49 عاملاً ️ منشأة فئة ج = 20 عاملاً فأقل ️كما تم تصنيف المخالفات إلى فئتين حسب جسامتها: جسيمة غير جسيمة وتستهدف هذه التعديلات تحسين بيئة سوق العمل من خلال ملائمة الغرامات المالية لأحجام المنشآت في القطاعالخاص. للإطلاع على جدول المخالفات والعقوبات لنظام العمل ب,تنويه
2023-12-17T18:49:58,1814,لا يحقق معيار منشور قانوني نصي مستقل وعالي الثقة,-3,"البنك المركزي السعودي يصدر قواعد تنظيم شركات الدفع الآجل (اشتر الآن و أدفع لاحقاً) أبرز الشروط: 1- يسمح فرض غرامات تأخير على العميل. 2- يحظر فرض رسوم على العميل, سواءً لصالح المتاجر أو أي طرف ثالث. 3- يرفض تمويل عميل أجنبي يعيش خارج السعودية. 4- يجب لا يتجاوز التمويل أكثر من 5000 ريال و الأقساط 12 قسط. 5- يلزم إبلاغ البنك المركزي في حال توظيف غير السعودي في وظيفة رقابية. 6- الاحتفاظ بمخصصات للخسائر أو التعثرات 7- يمنع شراء السلع بغير الريال السعودي 8- يجب على الشركة ما تقدم تمويل أكثر من 20 ضعف ",البنك المركزي السعودي يصدر قواعد تنظيم شركات الدفع الآجل (اشتر الآن و أدفع لاحقاً)
2023-12-23T16:59:08,1821,لا يحقق معيار منشور قانوني نصي مستقل وعالي الثقة,11,هل يحق للمنشآت حَصّر قبول الاعذار الطبية من المستشفيات الحكومية فقط؟ الجواب: لا، لا يحق للمنشآت التعميم بعدم قبول الاجازات المرضية إلا من المستشفيات أو المستوصفات الحكومية فقط . والتعميم يعتبر مخالف للمادة 117 من نظام العمل ( للعامل الذي يثبت مرضـه الحق في إجازة مرضـية ),هل يحق للمنشآت حَصّر قبول الاعذار الطبية من المستشفيات الحكومية فقط؟
2023-12-26T15:51:44,1823,لا يحقق معيار منشور قانوني نصي مستقل وعالي الثقة,9,"مجلس الوزراء: تعديل المادة (الرابعة عشرة) من نظام المؤسسات الصحية الخاصة، لتكون بالنص الآتي: ""يشترط للترخيص لأي من المجمع الطبي العام والمجمع الطبي المتخصص، أن يتوافر فيه - على الأقل - طبيب استشاري أو طبيب نائب وفق ما تحدده اللائحة، في كل من التخصصات الرئيسة المرخص بها، وأن يخصص ممرض أو ممرضة على الأقل لكل عيادة""",مجلس الوزراء
2023-12-27T15:33:12,1825,تطابق عنواني منضبط مع مادة قائمة أو مرشحة,14,عند القبض على أي متهم تكون صلاحية الأمر في التوقيف نظاماً : (24 ساعة) لرجال الضبط للاستدلال (5 أيام) للمحقق في النيابة العامة (35 يوم) لرئيس فرع النيابة (140 يوم) للنائب العام ويجب ألا تزيد في مجموعها عن (180 يوم) ويتعين بعدها إحالة المتهم مباشرةً إلى المحكمة أو الإفراج عنه,عند القبض على أي متهم تكون صلاحية الأمر في التوقيف نظاماً
2023-12-27T23:21:50,1828,لا يحقق معيار منشور قانوني نصي مستقل وعالي الثقة,9,ﺇﺫﺍ ﺃﻗﺮ ﺍلمتهم ﺑﻀﺒﻂ ﺍﻟﻤﺨﺪﺭﺍﺕ ﻓﻲ ﺳﻴﺎﺭﺗﻪ ﻭﻧﻔﻰ ﻋﻠﻤﻪ ﺑﻮﺟﻮﺩﻫﺎ، ﻭﻟﻢ ﻳﻘﺮ ﺑﺎﻟﺘﻬﺮﻳﺐ ﻭﻟﻢ ﻳﻜﻦ ﻟﺪﻳﻪ ﺳﻮﺍﺑﻖ ﻓﻬﺬﺍ ﺳﺒﺐ ﻣﻌﺘﺒﺮ ﻟﻠﻨﺰﻭﻝ ﻋﻦ ﺍﻟﻌﻘﻮﺑﺔ ﺍﻷﺷﺪ لدونها. المحكمة العليا: (64/1/3)، (26/3/1437),ﺇﺫﺍ ﺃﻗﺮ ﺍلمتهم ﺑﻀﺒﻂ ﺍﻟﻤﺨﺪﺭﺍﺕ ﻓﻲ ﺳﻴﺎﺭﺗﻪ ﻭﻧﻔﻰ ﻋﻠﻤﻪ ﺑﻮﺟﻮﺩﻫﺎ، ﻭﻟﻢ ﻳﻘﺮ ﺑﺎﻟﺘﻬﺮﻳﺐ ﻭﻟﻢ ﻳﻜﻦ ﻟﺪﻳﻪ ﺳﻮﺍﺑﻖ ﻓﻬﺬﺍ ﺳﺒﺐ ﻣﻌﺘﺒﺮ ﻟﻠﻨﺰﻭﻝ ﻋﻦ ﺍﻟﻌﻘﻮﺑﺔ ﺍﻷﺷﺪ لدونها
2023-12-30T21:43:24,1831,تطابق عنواني منضبط مع مادة قائمة أو مرشحة,10,نظام مكافحة التستر ولوائحه التنفيذية. أ: منير الجعيد,نظام مكافحة التستر ولوائحه التنفيذية
2023-12-31T23:59:37,1833,لا يحقق معيار منشور قانوني نصي مستقل وعالي الثقة,15,"كثيرا ما تردني استشارات من بعض الورثة وغيرهم، الراغبين بشراء العقار المطروح بالمزاد العلني الخاص بجميع الورثة هل لي حق الشفعة أم لا؟ الجواب لا ونصت على ذلك الفقرة ١٢ من المادة ٥٠ من اللائحة التنفيذية لنظام التنفيذ أنه "" لا يقبل طلب الشفعة في الأعيان المباعة بالمزاد ، ولمستحقها المشاركة في المزاد وفق ماجاء في المادة التاسعة والأربعين "" (منقول)",كثيرا ما تردني استشارات
2024-01-01T11:14:29,1835,لا يحقق معيار منشور قانوني نصي مستقل وعالي الثقة,16,من أوقفت خدماته ولا يعلم من هي الجهة التي أوقفتها فماذا يفعل ؟! الجواب باختصار : كل من اوقفت خدماته فعليه أن يحدد الجهة التي أوقفت خدماته والتي هي على النحو التالي: إن كانت الجهة هي محكمةالتنفيذ فيحق له طلب رفع ايقاف الخدمات بموجب التعميم القضائي رقم ( 13/ث/7308 ) وتاريخ 25/7/1439 والذي منع ايقاف الخدمات للإجراءات التالية : ( العلاج - التعليم -العمل -توثيق واستخراج وتجديد الوثائق من الأحوال المدنية - أو اذا ترتب عليه أو على التابعين من اهله او عماله او تجارته ضرر عام او خاص ) وان كانت الجهة غير ,من أوقفت خدماته ولا يعلم من هي الجهة التي أوقفتها فماذا يفعل ؟!
2024-01-15T00:39:56,1844,لا يحقق معيار منشور قانوني نصي مستقل وعالي الثقة,12,إعتباراً من اليوم الاثنين 03-07-1445 سداد عقود الإيجار السكني سيكون عبر منصة إيجار ولن يُقبل التحويل الشخصي إلى المؤجّر كإثبات السداد,إعتباراً من اليوم الاثنين
2024-01-20T16:18:52,1849,لا يحقق معيار منشور قانوني نصي مستقل وعالي الثقة,7,"التوقيع عن الزميل في العمل يعتبر ""جريمة تزوير""، وعقوبته السجن 3 أشهر وغرامة 30 ألف ريال","التوقيع عن الزميل في العمل يعتبر ""جريمة تزوير""، وعقوبته السجن 3 أشهر وغرامة 30 ألف ريال"
2024-01-23T18:14:11,1853,لا يحقق معيار منشور قانوني نصي مستقل وعالي الثقة,12,"طرأت علي مسألة"" إحضار البينة بعد نفيها""، وأُورد لكم النصوص المتعلقة في هذه المسألة. جاء في تقريراتمحكمةالتمييز (145/ق3/ب) (1418/10/17) "" الحاكم لايطلب مزيد بينة إلا إذا كانت البينة غير موصلة"". وجاء في القرار رقم (700/ق5/ب) (1429/10/27)"" إذا وجد المدعي بينة بعد المرافعة ولم يكن يعلم بها من قبل سمعت"" وجاء في كشافالقناع (٣٣٩/٦) ""وإذا قال المدعي لي بينة بعد قوله مالي بينة لم تسمع؛ لأن سماع البينة قد تحقق كذبه فيعود الأمر على خلاف المقصود. وإن قال المدعي لا أعلم لي بينة ثم قال لي بينة سمعت بينته؛ لأن","طرأت علي مسألة"" إحضار البينة بعد نفيها""، وأُورد لكم النصوص المتعلقة في هذه المسألة"
2024-01-25T00:18:27,1860,لا يحقق معيار منشور قانوني نصي مستقل وعالي الثقة,-11,تم تحديث نسخة الأنظمة الأساسية ولوائحها في المملكة وأبرز ما تضمنه التحديث ما يلي: 1- إعادة تصميم وإخراج النسخة (الغلاف، الصفحات، نوع الخط) 2- إضافة فهرسة تفصيلية لجميع مواد الانظمه طلال البقمي,تم تحديث نسخة الأنظمة الأساسية ولوائحها في المملكة
2024-01-28T02:30:26,1862,تطابق عنواني منضبط مع مادة قائمة أو مرشحة,8,اللائحة التنفيذية لطرق الاعتراض على الأحكام,اللائحة التنفيذية لطرق الاعتراض على الأحكام
2024-02-01T11:39:41,1866,لا يحقق معيار منشور قانوني نصي مستقل وعالي الثقة,13,ما الفرق بين البيّنة و القرينة ؟ [ البينة ] : الدليل القطعي الذي يمكن من خلاله أن يحكم القاضي بالدعوى لاثبات الحق ، كـ الإقرار والكتابة والشهادة. [ القرينة ] : دليل ظنّي لا يبني القاضي حكمه عليها وحدها وإنما تساعده في الوصول الى الحق ، كـ الصورة والتسجيلات,ما الفرق بين البيّنة و القرينة ؟
2024-02-02T19:56:20,1871,لا يحقق معيار منشور قانوني نصي مستقل وعالي الثقة,-1,أصدر مجلس إدارة المركز الوطني للتخصيص اللائحة التنفيذية المحدثة لنظام التخصيص، والتي تضمنت 169 مادة، وتضمنت اللائحة تحديث لاجراءات دراسة مشاريع التخصيص والموافقة عليها وكما تضمنت اللائحة مبادئ التخصيص، والحد الأدنى لقيمة مشروع التخصيص ومعاييره,أصدر مجلس إدارة المركز الوطني للتخصيص اللائحة التنفيذية المحدثة لنظام التخصيص، والتي تضمنت 169 مادة، وتضمنت اللائحة تحديث لاجراءات دراسة مشاريع التخصيص والموافقة عليها وك
2024-02-04T00:34:23,1874,لا يحقق معيار منشور قانوني نصي مستقل وعالي الثقة,14,عزيزي العامل : أعرف حقوقك العمالية وفق ما جاء في نظام العمل : - العقد ( المادة ٥١ ) - دفع الأجور ( المادة ٩٠ ) - الإجازة مدفوعة الأجر ( المادة ١٠٩ ) - التأمين الطبي ( المادة ١٤٤ ) - الراحة الأسبوعية ( المادة ١٠٤ ) - ساعات العمل الإضافي ، مبلغ مالي وليس أيام تعويضيه! ( المادة ١٠٧ ) - رصيد الإجازة المتبقي في حال انتهت العلاقة العمالية ( المادة ١١١ ) - مكافأة نهاية الخدمة ( المادة ٨٤ - ٨٥ ),عزيزي العامل
2024-02-08T19:46:47,1878,لا يحقق معيار منشور قانوني نصي مستقل وعالي الثقة,8,تنقسم المسؤولية المدنية إلى نوعان : الأول : المسؤولية العقدية : وهي تستند إلى عقد صحيح ، أخل أحد أطرافه بالتزامه فيه . الثاني : المسؤولية التقصيرية : وهي تستند إلى عمل غير مشروع ، أو خطأ تقصيري سبب ضررًا للغير ومن ثم يحق للمضرور المطالبة بالتعويض لجبر هذا الضرر,تنقسم المسؤولية المدنية إلى نوعان
2024-02-09T15:47:43,1880,لا يحقق معيار منشور قانوني نصي مستقل وعالي الثقة,4,مقارنة بين أهم إجراءات الاعتراض على الأحكام في الأنظمة الإجرائية,مقارنة بين أهم إجراءات الاعتراض على الأحكام في الأنظمة الإجرائية
2024-02-17T00:52:29,1898,تطابق عنواني منضبط مع مادة قائمة أو مرشحة,14,"تسبيبات نظام المعاملات المدنية ""من بداية النظام حتى باب عقود المشاركة"" إعداد: عبد المحسن الدوسري القاضي بالمحكمة العامة بالرياض",تسبيبات نظام المعاملات المدنية
2024-02-27T22:40:31,1915,لا يحقق معيار منشور قانوني نصي مستقل وعالي الثقة,-6,https://sjp.moj.gov.sa/Filter?isFilterButtonClicked=True,https://sjp.moj.gov.sa/Filter?isFilterButtonClicked=True
2024-02-27T22:40:37,1916,لا يحقق معيار منشور قانوني نصي مستقل وعالي الثقة,3,المدونات العدلية,المدونات العدلية
2024-02-27T22:41:20,1917,لا يحقق معيار منشور قانوني نصي مستقل وعالي الثقة,-4,https://drive.google.com/file/d/1KbPmbNh7AaDlUixltwhBQYluxeJMkNf/view,https://drive.google.com/file/d/1KbPmbNh7AaDlUixltwhBQYluxeJMkNf/view
2024-02-27T22:41:23,1918,لا يحقق معيار منشور قانوني نصي مستقل وعالي الثقة,4,المبادئ القضائية,المبادئ القضائية
2024-02-27T22:43:12,1919,لا يحقق معيار منشور قانوني نصي مستقل وعالي الثقة,-4,https://drive.google.com/file/d/1NYut2bqwYdoEd606kx14qm2TCS48N0lC/view,https://drive.google.com/file/d/1NYut2bqwYdoEd606kx14qm2TCS48N0lC/view
2024-02-27T22:43:20,1920,لا يحقق معيار منشور قانوني نصي مستقل وعالي الثقة,7,قرارات محكمة التمييز 1,قرارات محكمة التمييز 1
2024-02-27T22:43:48,1921,لا يحقق معيار منشور قانوني نصي مستقل وعالي الثقة,-4,https://drive.google.com/file/d/1NkG4Xq5s-QNt8wSyQNVjZSeRytKhUVi/view,https://drive.google.com/file/d/1NkG4Xq5s-QNt8wSyQNVjZSeRytKhUVi/view
2024-02-27T22:43:53,1922,لا يحقق معيار منشور قانوني نصي مستقل وعالي الثقة,7,قرارات محكمة التمييز 2,قرارات محكمة التمييز 2
2024-03-08T09:25:50,1945,لا يحقق معيار منشور قانوني نصي مستقل وعالي الثقة,11,(إيقاف الخدمات نوعان) الأول : إيقاف الخدمات الموقعة من محكمةالتنفيذ على المنفذ ضده وهذه لا تشملها الضوابط الجديدة. الثاني: ايقاف الخدمات الصادر من الجهات الحكومية وهي التي صدر بشأنها تنظيمإيقافالخدمات الجديد,(إيقاف الخدمات نوعان)
2024-03-11T23:06:41,1947,لا يحقق معيار منشور قانوني نصي مستقل وعالي الثقة,8,"قال ابن قدامه في المغني ( 250/8/) ""فإذا كان له في ذمة انسان دين فأبرأه منه أو أحله منه صح وبرئت ذمة الغريم ""وجاء في الموسوعة الفقهية (144/1) "" اتفق العلماء على عدم جواز الرجوع في الابراء بعد قبوله لأنه اسقاط والساقط لا يعود "" وبما أن المدعي أقر بتنازله والإقرار حجة على صاحبة ""","قال ابن قدامه في المغني ( 250/8/) ""فإذا كان له في ذمة انسان دين فأبرأه منه أو أحله منه صح وبرئت ذمة الغريم ""وجاء في الموسوعة الفقهية (144/1) "" اتفق العلماء على عدم جواز ا"
2024-03-26T10:18:00,1956,لا يحقق معيار منشور قانوني نصي مستقل وعالي الثقة,1,لا يخضع ملاك العقارات الأفراد للائحة التنفيذية لجباية الزكاة (إصدار 1445هـ) الصادرة بقرار معالي وزير المالية ذو الرقم (1007) وتاريخ 19/ 08/ 1445هـ.. والخاضعون لجباية الزكاة ، هم: ️الشخص السعودي المقيم الذي يمارس نشاطاً بموجب (ترخيص). ️المؤسسات الفردية المملوكة لسعودي والمنشأة في المملكة. ️الشركات المملوكة لسعودي والمنشأة في المملكة. ️الصناديق التمويل المرخصة من هيئة السوق المالية. ️الشركات المقيمة المملوكة للدولة والمملوكة لصندوق الاستثمارات العامة. ️حصة المساهم غير السعودي في الشركات المدرجة في,لا يخضع ملاك العقارات الأفراد للائحة التنفيذية لجباية الزكاة (إصدار 1445هـ) الصادرة بقرار معالي وزير المالية ذو الرقم (1007) وتاريخ 19/ 08/ 1445هـ
2024-04-02T14:04:14,1960,لا يحقق معيار منشور قانوني نصي مستقل وعالي الثقة,8,مهلة الاعتراض على الحكم : ◾️إذا صدر حكم قبل إجازة العيد فإن فترة الإجازة تحتسب من ضمن مدة الإعتراض. ◾️وإذا كانت مدة الإعتراض تنتهي خلال إجازة العيد فإن آخر موعد لتقديم الإعتراض يكون أول يوم دوام بعد العيد,مهلة الاعتراض على الحكم
2024-04-13T13:08:31,1971,لا يحقق معيار منشور قانوني نصي مستقل وعالي الثقة,4,دليل قواعد عمل اللجان الزكوية والضريبية والجمركية,دليل قواعد عمل اللجان الزكوية والضريبية والجمركية
2024-04-14T17:49:38,1973,لا يحقق معيار منشور قانوني نصي مستقل وعالي الثقة,9,حق الإبطال يجوز لكل ذي مصلحةٍ أن يُعذِر من له حق إبطال العقد بإبداء رغبته في إجازة العقد أو إبطاله خلال مدة لا تقل عن (تسعين) يومًا من تاريخ الإعذار. فإذا مضت المدة ولم يبد رغبته دون عذر؛ سقط حقه في الإبطال. م80 نظام المعاملات المدنية,حق الإبطال
2024-04-16T16:20:05,1975,تطابق عنواني منضبط مع مادة قائمة أو مرشحة,10,التنفيذ القضائي على حصص وأسهم الشريك المدين في نظام الشركات,التنفيذ القضائي على حصص وأسهم الشريك المدين في نظام الشركات
2024-04-30T00:02:45,2002,لا يحقق معيار منشور قانوني نصي مستقل وعالي الثقة,1,( قبل أن تشتري عقاراً) قد تكون وثيقة ملكية العقار جرى التهميش عليها من إحدى الجهات التمويلية بـ ( رهن) ، أو جرى التهميش عليها بـ (عدم التصرف) لوجود قضية منظورة أو طلبات تنفيذ من المحكمة تمنع الإفراغ. وقد يكون البناء غير مطابق للاشتراطات المهنية ، أو لايوافق سعر العقار قيمة التقييم . ولذلك تحقق من متطلبات قبل شراء العقار ، من أبرزها: ️ صفة البائع أصيل أم وكيل وهل الوكيل مخول بالبيع والإفراغ وتسلم الثمن. ️ الإطلاع على وثيقة الملكية العقارية وأنها خالية من الرهن وساري المفعول وقابلة للإفراغ ، ولا ي,( قبل أن تشتري عقاراً)
2024-05-02T23:31:52,2008,لا يحقق معيار منشور قانوني نصي مستقل وعالي الثقة,5,إذا قدمت استقالة قبل انتهاء العقد ليس لك مكافأة نهاية خدمة ، الاستقالة قبل اكمال سنتين تحرمك من مكافأة نهاية الخدمة,إذا قدمت استقالة قبل انتهاء العقد
2024-05-05T09:45:28,2012,لا يحقق معيار منشور قانوني نصي مستقل وعالي الثقة,13,ما المقصود بحجية الامر المقضي؟ يقصد به أن الأحكام حجةٌ فيما فصلت فيه من الحقوق، ولا يجوز قبول دليل ينقض هذه الحجية، ولا تكون لتلك الأحكام الحجية إلا في نزاع قام بين الخصوم أنفسهم دون أن تتغير صفاتهم، وتعلق بالحق ذاته محلاً، وسبباً، وتقضي المحكمة بهذه الحجية من تلقاء نفسها. المادة (86) من نظام الإثبات,ما المقصود بحجية الامر المقضي؟
2024-05-08T09:45:03,2017,لا يحقق معيار منشور قانوني نصي مستقل وعالي الثقة,5,سؤال: أريد أن أسلف شخص مبلغ مالي (فلوس) وأريد توثيق ذلك عبر ناجز فهل أستطيع توثيق ذلك بسند لأمر؟ الجواب: نعم تستطع ذلك عبر الخطوات التالية: بعد تحويل / تسليم مبلغ السلفة للطرف الثاني، يمكن لك تحرير سند لأمر بنفس قيمة السلفة. ولا يمنع أن يكون السند كتابي (خطي) أو إلكتروني عن طريق منصة نافذ https://nafith.sa,سؤال
2024-05-08T20:51:29,2020,لا يحقق معيار منشور قانوني نصي مستقل وعالي الثقة,3,تقدير التعويض الناشئ عن الإثراء بلا سبب .. دراسة تحليلية,تقدير التعويض الناشئ عن الإثراء بلا سبب
2024-05-10T13:42:45,2022,لا يحقق معيار منشور قانوني نصي مستقل وعالي الثقة,7,حالات التقادم في نظام المعاملات المدنية السعودي,حالات التقادم في نظام المعاملات المدنية السعودي
2024-05-17T01:41:05,2032,لا يحقق معيار منشور قانوني نصي مستقل وعالي الثقة,13,يقول السائل بعض مكاتب التقسيط تلزمك بمبلغ اضافي شهرياً عند تاخرك بدفع القسط هل هناك نصاً يمنعهم من ذلك ؟ علماً بأن الزيادة مدونه بعقد التقسيط وموقع عليها ولكن حقيقة اهلكونا !!؟ الجواب : يبطل كل شرط عند العقد او عند التاجيل يتضمن زيادة في رد القرض وهذه الزيادة حتى لو مدونه بالعقد ومشروطة فهي باطلة السند النظامي : المادة ٣٨٥ من نظام المعاملات (منقول),يقول السائل بعض مكاتب التقسيط تلزمك
2024-05-17T15:43:48,2033,لا يحقق معيار منشور قانوني نصي مستقل وعالي الثقة,10,"هل تقبل شهادة الابن لأحد والديه أو العكس؟ قال في كشاف القناع 15 / 311: "" فلا تقبل شهادة عمودي النسب بعضهم لبعض "". في نظام الإثبات المادة 71: "" ولا تقبل شهادة الأصل للفرع، وشهادة الفرع للأصل "" تنبيه: فرق بين ( الشهادة لفلان ) و ( الشهادة على فلان )",هل تقبل شهادة الابن لأحد والديه أو العكس؟
2024-05-17T15:44:14,2034,تطابق عنواني منضبط مع مادة قائمة أو مرشحة,16,لا يجوز لمدير الشركة، ولا لعضو مجلس إدارتها، أن يشترك في أي عمل من شأنه منافسة الشركة، أو أن ينافس الشركة في أي من فروع النشاط الذي تزاوله، إلا بترخيص من الشركاء، أو الجمعية العامة، أو المساهمين، أو من يفوضونه. المادة (27/2) من نظام الشركات,لا يجوز لمدير الشركة، ولا لعضو مجلس إدارتها، أن يشترك في أي عمل من شأنه منافسة الشركة، أو أن ينافس الشركة في أي من فروع النشاط الذي تزاوله، إلا بترخيص من الشركاء، أو الجم
2024-05-18T11:18:35,2035,لا يحقق معيار منشور قانوني نصي مستقل وعالي الثقة,6,"نصت المادة (٢٨) المعاملات المدنية على : ""من استعمل حقه استعمالاً مشروعاً لايكون مسؤولًا عما ينشأ عن ذلك من ضرر""","نصت المادة (٢٨) المعاملات المدنية على : ""من استعمل حقه استعمالاً مشروعاً لايكون مسؤولًا عما ينشأ عن ذلك من ضرر"""
2024-05-18T17:39:12,2036,لا يحقق معيار منشور قانوني نصي مستقل وعالي الثقة,15,"""دفع العربون متى يدفع ومتى يسترجع "" جاء في ""نظام المعاملات المدنية️"" في المادة ٤٤: ١-دفع العربون عند إبرام العقد يفيد أن لدافع العربون وحده الحق في العدول عن العقد، وليس له إذا عدل أن يسترد مبلغ العربون، وذلك كله ما لم يتفق على خلافه. ٢ - إذا لم يعين المتعاقدان مدة العدول عينتها المحكمة بحسب العرف وظروف العقد. ٣- يعد سكوت دافع العربون حتى مضي المدة أو عدم تنفيذ ما التزم به خلالها عدولً","""دفع العربون متى يدفع ومتى يسترجع """
2024-05-18T19:10:09,2037,لا يحقق معيار منشور قانوني نصي مستقل وعالي الثقة,-9,عدم إطلاق لقب (معالي) على كل من ارتكب أياً من جرائم الخيانة أو الفساد وما يخل بنزاهة الوظيفة العامة من شاغلي مرتبتي (وزير) و(الممتازة). أمر ملكي رقم 75288 تاريخ الإعتماد : 18-10-144,عدم إطلاق لقب (معالي) على كل من ارتكب أياً من جرائم الخيانة أو الفساد وما يخل بنزاهة الوظيفة العامة من شاغلي مرتبتي (وزير) و(الممتازة)
2024-05-18T20:01:17,2039,لا يحقق معيار منشور قانوني نصي مستقل وعالي الثقة,3,مجموعة الأحكام القضائية لعام 1435,مجموعة الأحكام القضائية لعام 1435
2024-05-24T13:32:33,2062,لا يحقق معيار منشور قانوني نصي مستقل وعالي الثقة,15,"دفع العربون متى يدفع ومتى يسترجع ؟ جاء في ""نظام المعاملات المدنيةفي المادة ٤٤: ١-دفع العربون عند إبرام العقد يفيد أن لدافع العربون وحده الحق في العدول عن العقد، وليس له إذا عدل أن يسترد مبلغ العربون، وذلك كله ما لم يتفق على خلافه. ٢ - إذا لم يعين المتعاقدان مدة العدول عينتها المحكمة بحسب العرف وظروف العقد. ٣- يعد سكوت دافع العربون حتى مضي المدة أو عدم تنفيذ ما التزم به خلالها عدولً",دفع العربون متى يدفع ومتى يسترجع ؟
2024-05-24T15:17:17,2065,لا يحقق معيار منشور قانوني نصي مستقل وعالي الثقة,-1,كتاب مهم لكل محامي أو متدرب️ كتاب تسبيب الأحكام القضائية في الشريعة الاسلامية • موضوع له أهميته البالغة في القضاء والتقاضي؛ والتسبيب يكون ببيان مبنى الأحكام على الأسُس الشرعية السليمة موضوعية أو إجرائية أو واقعية,كتاب مهم لكل محامي أو متدرب️
2024-05-25T01:44:10,2070,لا يحقق معيار منشور قانوني نصي مستقل وعالي الثقة,3,معايير إعفاء الشركات متناهية الصغر والصغيرة,معايير إعفاء الشركات متناهية الصغر والصغيرة
2024-05-27T19:32:46,2074,لا يحقق معيار منشور قانوني نصي مستقل وعالي الثقة,1,"""مسألة توجيه اليمين في الدعاوى الجزائية"" جاء في الكشاف (448/6) ( ويستحلف في كل حق لآدمي، لقوله ﷺ "" لو يعطى الناس بدعواهم لأدعى قوم دماء رجال وأموالهم، ولكن اليمين على المدعى عليه"" وغير نكاح ورجعة وطلاق وإيلاء .. وغير نسب وقذف وقصاص في غير قسامة فلا يمين في واحد من هذه العشرة؛ لأن ذلك لا يثبت إلا بشاهدين فأشبه بالحدود). وجاء في شرحالمنتهى (612/3) ( ويستحلف منكر توجهت عليه اليمين في دعوى صحيحة في كل حق آدمي … ويقضى في مال وما يقصد به مال بنكوله لما تقدم عن عثمان وغير ذلك يخلى سبيل المدعى عليه حيث ","""مسألة توجيه اليمين في الدعاوى الجزائية"""
2024-06-12T13:49:59,2094,لا يحقق معيار منشور قانوني نصي مستقل وعالي الثقة,-1,يتحمل الخصم الذي خسر المطالبة محل الخبرة المبلغ المقرر للخبرة؛ إلا إذا كانت الخسارة نسبية فيتحمل كل من الخصوم بقدر خسارته، وتبين المحكمة ذلك في الحكم الصادر في موضوع الدعوى. المادة (122) من نظام الإثبات,يتحمل الخصم الذي خسر المطالبة محل الخبرة المبلغ المقرر للخبرة؛ إلا إذا كانت الخسارة نسبية فيتحمل كل من الخصوم بقدر خسارته، وتبين المحكمة ذلك في الحكم الصادر في موضوع الدع
2024-06-12T13:50:21,2095,لا يحقق معيار منشور قانوني نصي مستقل وعالي الثقة,7,شركة التضامن هي: شركة يؤسسها شخصان أو أكثر من ذوي الصفة الطبيعية أو الاعتبارية يكونون فيها مسؤولين شخصيًّا في جميع أموالهم وبالتضامن عن ديون الشركة والتزاماتها، ويكتسب الشريك فيها صفة التاجر,شركة التضامن هي
2024-07-08T21:30:47,2130,لا يحقق معيار منشور قانوني نصي مستقل وعالي الثقة,3,قواعد فرض الغرامات عن المخالفات - التأمينات الإجتماعية,قواعد فرض الغرامات عن المخالفات - التأمينات الإجتماعية
2024-07-25T09:36:12,2148,تطابق عنواني منضبط مع مادة قائمة أو مرشحة,16,لا يجوز لمدير الشركة، ولا لعضو مجلس إدارتها، أن يشترك في أي عمل من شأنه منافسة الشركة، أو أن ينافس الشركة في أي من فروع النشاط الذي تزاوله، إلا بترخيص من الشركاء، أو الجمعية العامة، أو المساهمين، أو من يفوضونه. المادة (27/2) من نظام الشركات,لا يجوز لمدير الشركة، ولا لعضو مجلس إدارتها، أن يشترك في أي عمل من شأنه منافسة الشركة، أو أن ينافس الشركة في أي من فروع النشاط الذي تزاوله، إلا بترخيص من الشركاء، أو الجم
2024-07-29T12:27:39,2155,لا يحقق معيار منشور قانوني نصي مستقل وعالي الثقة,10,س/ انا حالياً في اجازه سنوية وجتني اصابه وعطوني اجازه مرضيه ، كيف يكون وضع الاجازه السنوية ؟ ج/ نظاماً .. تتوقف اجازتك السنوية و تبدأ المرضية و اذا انتهت المرضية تستأنف السنوية مسألة عودتك من عدمها هذي بالاتفاق مع جهة عملك,س/ انا حالياً في اجازه سنوية وجتني اصابه وعطوني اجازه مرضيه ، كيف يكون وضع الاجازه السنوية ؟
2024-08-03T16:16:08,2168,لا يحقق معيار منشور قانوني نصي مستقل وعالي الثقة,4,الملكية الفكرية تطلق الدليل الاسترشادي للعلامات التجارية,الملكية الفكرية تطلق الدليل الاسترشادي للعلامات التجارية
2024-08-05T21:44:08,2171,لا يحقق معيار منشور قانوني نصي مستقل وعالي الثقة,15,عند القبض على أي متهم تكون صلاحية الأمر في التوقيف نظاماً : (24 ساعة) لرجال الضبط (5 أيام) للمحقق في النيابة (35 يوم) لرئيس فرع النيابة (140 يوم) للنائب العام ويجب ألا تزيد في مجموعها عن 180 يوم ويتعين بعدها إحالة المتهم إلى المحكمة أو الإفراج عنه حسب نظام الاجراءات الجزائية . (منقول),عند القبض على أي متهم تكون صلاحية
2024-08-05T23:13:46,2173,تطابق عنواني منضبط مع مادة قائمة أو مرشحة,9,نظام الامتياز التجاري,نظام الامتياز التجاري
2024-08-11T22:05:45,2184,لا يحقق معيار منشور قانوني نصي مستقل وعالي الثقة,14,ثانياً: ️حرية الاستثمار: دون إخلال بأحكام المادتين (الثامنة) و(التاسعة) من النظام، وما تقضي به الأنظمة ذات العلاقة، يحق للمستثمر الاستثمار في أي قطاع أو نشاط متاح للاستثمار. ️حقوق المستثمر: 1- دون إخلال بما تقضي به الأنظمة ذات العلاقة، يتمتع المستثمر بالحقوق الآتية: أ- مساواته في التعامل مع المستثمرين الآخرين، والمساواة في التعامل بين المستثمر المحلي والأجنبي؛ وذلك في الظروف المماثلة. ب- معاملته معاملة عادلة ومنصفة. ج- عدم مصادرة استثماره كلياً أو جزئياً إلا بحكم قضائي نهائي، وعدم نزع ملكيته بشك,ثانياً
2024-08-11T22:06:06,2185,لا يحقق معيار منشور قانوني نصي مستقل وعالي الثقة,14,ثالثاً: ️المحفزات الاستثمارية: دون إخلال بما تقضي به الأنظمة ذات العلاقة، يكون منح المحفزات الاستثمارية للمستثمر من الجهة المختصة وفقاً لمعايير استحقاق موضوعية محددة وعادلة، وتحدد اللائحة الأحكام اللازمة لإنفاذ ذلك. ️استخدام الوسائل البديلة لتسوية المنازعات: دون إخلال بما تقضي به الأنظمة ذات العلاقة: 1- للمستثمر الذي يكون طرفاً في أي نزاع -بما في ذلك المنازعات التي تنشأ مع الجهة المختصة- اللجوء إلى المحكمة المختصة؛ ما لم يتفق أطراف النزاع على غير ذلك. 2- للمستثمرين الاتفاق في شأن تسوية منازعاتهم,ثالثاً
2024-08-12T21:10:50,2190,تطابق عنواني منضبط مع مادة قائمة أو مرشحة,13,نظام نزع ملكية العقارات للمنفعة العامة ووضع اليد المؤقت على العقار ولوائحه التنفيذية,نظام نزع ملكية العقارات للمنفعة العامة ووضع اليد المؤقت على العقار ولوائحه التنفيذية
2024-08-21T14:31:42,2210,لا يحقق معيار منشور قانوني نصي مستقل وعالي الثقة,13,ننبه .. نشر فواتير السداد في وسائل التواصل تعتبر مخالفة وفيها مسؤولية قانونية حسب أنظمة مكافحة التسول .. المادة الثانية يُحظر التسول بصوره وأشكاله كافة، مهما كانت مسوغاته. تختص وزارة الداخلية بالقبض على المتسولين. المادة الخامسة يُعاقب كل من امتهن التسول أو حرض غيره أو اتفق معه أو ساعده -بأي صورة كانت-على امتهان التسول؛ بالسجن مدة لا تزيد على (ستة) أشهر، أو بغرامة لا تزيد على (خمسين) ألف ريال، أو بهما معاً. المادة السادسة تُصادر -بحكم قضائي- جميع الأموال النقدية والعينية التي حصل عليها المتسول م,ننبه
2024-08-21T18:29:18,2211,لا يحقق معيار منشور قانوني نصي مستقل وعالي الثقة,-1,إذا لم يف المدين بالدين وادعى الإعسار، ينظر قاضي التنفيذ في إثبات إعساره بعد استكمال إجراءات الإفصاح عن الأموال والاستجواب والتتبع، وفقًا لأحكام هذا النظام، وبعد إعلان يتضمن أسباب طلب الإعسار، وينشر في صحيفة يومية أو أكثر في منطقة المدين. استناداً للمادة(٧٧)من نظام التنفيذ,إذا لم يف المدين بالدين وادعى الإعسار، ينظر قاضي التنفيذ في إثبات إعساره بعد استكمال إجراءات الإفصاح عن الأموال والاستجواب والتتبع، وفقًا لأحكام هذا النظام، وبعد إعلان يت
2024-09-16T08:44:38,2245,لا يحقق معيار منشور قانوني نصي مستقل وعالي الثقة,7,رسميًا.. اليوم 16-9-2024 بدء سريان نظامحمايةالبياناتالشخصية,رسميًا
2024-09-20T00:46:50,2263,لا يحقق معيار منشور قانوني نصي مستقل وعالي الثقة,16,بمناسبة اليومالوطني: جميع ما يخص إجازة اليوم الوطني وفقا لنظام العمل: منح نظامالعمل الحق للعامل بالحصول على إجازة بأجر كامل عن اليوم الوطني وفقا لما نصت عليه المادة (112) من النظام. إجازة اليوم الوطني هي يوم واحد وفقا لنص الفقرة (3) من البند (أولا) من المادة (24) من اللائحة التنفيذية للنظام. في حال تداخل إجازة اليوم الوطني مع أيام إجازة أحد العيدين لا يعوض العامل عن هذا اليوم، وذلك وفقا لنص الفقرة (4) من البند (ثانيا) من المادة (24) من اللائحة التنفيذية لنظام العمل. العمل في اليوم الوطني بناء عل,بمناسبة اليومالوطني
2024-10-01T18:19:30,2289,لا يحقق معيار منشور قانوني نصي مستقل وعالي الثقة,-4,https://www.my.gov.sa/wps/portal/snp/servicesDirectory/servicedetails/12354 من تجربة شخصية تجاوب ومتابعة سريعة… إذا عندك معاملة متأخرة أو شكوى لدى جهة حكومية لأي سبب كأن.. هذا مركز تفاعل المستفيدين منصة (آمر) منصة تتابع وتشرف على الجهات الحكومية وتتابع الشكوى ويتواصلون فوراً معك، ثم يتواصلون مع الجهة الحكومية ويعالجون الطلب.. هاتف (199099) الحمد لله إني سعودي ️️️️,https://www.my.gov.sa/wps/portal/snp/servicesDirectory/servicedetails/12354
2024-10-03T17:13:34,2301,لا يحقق معيار منشور قانوني نصي مستقل وعالي الثقة,10,فائدة: -جاء في القاعدة (٢) من المادة رقم (٧٢٠) من نظام المعاملات المدنية ما نصه {العبرة في العقود بالمقاصد والمعاني لا بالألفاظ والمباني} -وقال العز بن عبدالسلام في قواعد الأحكام ج ٢ ص ١٢١ {اللفظ محمول على مايدل عليه ظَاهرُهُ في اللغة أو عُرف الشرع أو عُرف الاستعمال، ولا يُحمل على الاحتمال الخفيِّ ما لا يُقصدُ أو يُقتَرَنُ بهِ دليلُ},فائدة
2024-10-03T17:57:10,2303,تطابق عنواني منضبط مع مادة قائمة أو مرشحة,8,نظامالسجلالتجاريالجديد,نظامالسجلالتجاريالجديد
2024-10-05T21:18:35,2308,لا يحقق معيار منشور قانوني نصي مستقل وعالي الثقة,-3,"https://ezoah.com.sa/home موقع جمعية ""عزوة"" للحماية الأسرية. تأسست الجمعية لتلبية الحاجة للعون الحقوقي في قضايا الأحوال الشخصية",https://ezoah.com.sa/home
2024-10-07T19:09:43,2314,لا يحقق معيار منشور قانوني نصي مستقل وعالي الثقة,5,"""النيابة العامة"": إذا كُتب مبلغ الشيك بالحروف وبالأرقام معًا فتكون العبرة عند الاختلاف بالمكتوب بالحروف، وإذا كتب المبلغ عدة مرات بالحروف أو الأرقام، فتكون العبرة عند الاختلاف بالمبلغ الأقل","""النيابة العامة"""
2024-10-08T17:55:56,2316,لا يحقق معيار منشور قانوني نصي مستقل وعالي الثقة,13,مجلسالوزراء: تمديد العمل لمدة (سنة) من تاريخ 20 / 2 / 1446هـ بما ورد في الفقرة (أ) من البند (أولاً) من المرسوم الملكي رقم ( م / 14) وتاريخ 22 / 2 / 1440هـ، المتضمنة أنه (يجب في الدعوى العمالية، أن يسبق رفعها أمام المحكمة العمالية، التقدم إلى مكتب العمل ليتخذ الإجراءات اللازمة لتسوية النزاع ودياً),مجلسالوزراء
2024-10-15T12:46:57,2349,لا يحقق معيار منشور قانوني نصي مستقل وعالي الثقة,4,منصة إيجار: إلزام ربط عدادات المياه والكهرباء بالمستفيد المستأجر، وينتهي ارتباط العداد بهوية المستأجر بانتهاء مدة العقد,منصة إيجار
2024-10-15T20:34:34,2352,لا يحقق معيار منشور قانوني نصي مستقل وعالي الثقة,-8,لائحة غرفة التحكيم المختصة بالنظر في طلبات التحكيم الاستئنافي بدورة الألعاب السعودية 2024م,لائحة غرفة التحكيم المختصة بالنظر في طلبات التحكيم الاستئنافي بدورة الألعاب السعودية 2024م
2024-10-16T02:25:14,2354,لا يحقق معيار منشور قانوني نصي مستقل وعالي الثقة,0,يجتمع مجلس إدارة شركة المساهمة (4) مرات على الأقل في السنة بدعوة من رئيسه وفقًا للأوضاع المنصوص عليها في نظام الشركة الأساس، وللجهة المختصة تعديل الحد المنصوص عليه في هذه الفقرة، ويجب على رئيس المجلس دعوة المجلس إلى الاجتماع متى طلب إليه ذلك كتابةً أي عضو في المجلس لمناقشة أي موضوع أو أكثر، ويحدد مجلس الإدارة مكان عقد اجتماعاته، كما يجوز عقدها باستخدام وسائل التقنية الحديثة. المادة (80/1/5) من نظام الشركات,يجتمع مجلس إدارة شركة المساهمة (4) مرات على الأقل في السنة بدعوة من رئيسه وفقًا للأوضاع المنصوص عليها في نظام الشركة الأساس، وللجهة المختصة تعديل الحد المنصوص عليه في هذه
2024-10-18T16:03:33,2356,لا يحقق معيار منشور قانوني نصي مستقل وعالي الثقة,-3,من أحكام نظامالإثبات الجديد: -لا تقبل الشهادة في التصرفات بأكثر من١٠٠ألف﷼ -يجوز تحليف الشاهد -لا يتطلب تزكية الشهود -اليمين في جانب أقوى المتداعين -يجوز إلزام الخصم بتقدم المحررات التي لديه -توثيق التعاملات بالكتابة من أهم وسائل الإثبات,من أحكام نظامالإثبات الجديد
2024-10-21T10:41:05,2369,تطابق عنواني منضبط مع مادة قائمة أو مرشحة,8,سلطة المحكمة التقديرية في نظام المعاملات المدنية,سلطة المحكمة التقديرية في نظام المعاملات المدنية
2024-10-21T21:00:43,2371,لا يحقق معيار منشور قانوني نصي مستقل وعالي الثقة,7,الوسيط العقاري لا يستحق أجرة؛ إلا بإتمام العمل الذي كُلف به. مجموعة الأحكام القضائية لسنة 1434ه، المجلد (8)، قضية رقم:(3285578)، ص (58),الوسيط العقاري لا يستحق أجرة؛ إلا بإتمام العمل الذي كُلف به
2024-10-22T17:30:25,2374,لا يحقق معيار منشور قانوني نصي مستقل وعالي الثقة,14,سؤال على الخاص: في حال قيام شخص بإصدار سند تنفيذي ضد أحد العاملين لديه عبر نظام نافذ عن طريق الاحتيال عليه وأخذ جواله فماذا يستطيع المتضرر أن يتخذ من إجراءات لإبطال تنفيذ السند. ج/ السند الصادر عبر نظام نافذ يعتبر من أنواع السندات التنفيذية المنصوص عليها في المادة (٩) من نظام التنفيذ لأنه محرر رسمي موثق. وبالتالي لا يطعن فيه إلا بدعوى التزوير وفقا للمادة (٣٩) من نظام الإثبات. وفي هذه الحالة للمتضرر التقدم لقاضي التنفيذ بمنازعة تنفيذية بدعوى إثبات تزوير السند وفقا للفقرة (١) من المادة (٣) من اللا,سؤال على الخاص
2024-10-25T22:33:14,2381,لا يحقق معيار منشور قانوني نصي مستقل وعالي الثقة,2,غرامات المخالفات في التأمينات,غرامات المخالفات في التأمينات
2024-10-29T12:17:26,2384,لا يحقق معيار منشور قانوني نصي مستقل وعالي الثقة,10,من وحى المُحامَاة: •يتم وقف تنفيذ الحكم بعد قبول الالتماس إذا طلب المُلتمس ذلك. •إذا حُكم على المُمتنع عن أداء اليمين فلايُقبل منه أدائها بعد ذلك. (م٤٧ من لائحة الاعتراض),من وحى المُحامَاة
2024-10-31T13:50:59,2387,لا يحقق معيار منشور قانوني نصي مستقل وعالي الثقة,1,لائحة تنفيذية جديدة لنظام المحاماة ومرحلة جديدة في القطاع القانوني تواكب التطلعات أهم المستجدات: 1- المسؤولية المشتركة: إلزام الشركاء في الشركات المهنية بالإبلاغ عن أي مزاولة غير مرخصة للمهنة داخل الشركة. 2- ضبط العلاقة التعاقدية: تأكيد التزام العلاقة بين المتدرب والمحامي بعقد عمل، بما يضمن حقوق وواجبات واضحة للطرفين و إلزام المكاتب بعقود تدريبية محددة تضمن جودة التدريب وتمكين المتدربين في بيئة احترافية. 3- تملك المحامي الحصص والأسهم: جواز تملك المحامين الحصص والأسهم في أي شركة تكون فيها مسؤوليت,لائحة تنفيذية جديدة لنظام المحاماة ومرحلة جديدة في القطاع القانوني تواكب التطلعات
2024-11-05T14:50:48,2404,لا يحقق معيار منشور قانوني نصي مستقل وعالي الثقة,7,الأهم في نظام المعاملات المدنية,الأهم في نظام المعاملات المدنية
2024-11-06T10:33:43,2410,لا يحقق معيار منشور قانوني نصي مستقل وعالي الثقة,11,نصيحة قانونية يتأخر كثير من الأشخاص في صرف الشيك على اعتبار أنه لا يفقد صفته كورقة تجارية إلا بعد مضي (سبعة أشهر) من تاريخ إصداره، ويغفلون عن حقيقة أن التأخر في صرف الشيك عن ميعاد الوفاء به (وهو شهر من تاريخ إصداره إذا كان مسحوباً داخل المملكة) سيفضي إلى سقوط العديد من الحقوق المقررة لهم بموجب أحكام نظامالأوراقالتجارية باختصار، إذا لم تصرف الشيك خلال الشهر الأول من استلامك له: ١. ستعد حاملاً مهملاً (م. ١١٥) (والمهمل أولى بالخسارة) ٢. لن يترتب على محرر الشيك مسؤولية جنائية في حال عدم وجود رصيد بن,نصيحة قانونية
2024-11-30T15:11:06,2425,لا يحقق معيار منشور قانوني نصي مستقل وعالي الثقة,-3,إفراغ عقار الأجنبي الغير خليجي في المملكة العربية السعودية .. خطوات مهمة و طريقة إفراغ العقار :- أولاً : عقد مبايعة مبدئي من مكتب معتمد مذكور بيانات العقار والسعر يكون معقول حسب المنطقة .. (منقول) ثانياً : الدخول على منصة أبشر من الكمبيوتر وارفاق ( عقد المبايعة + الصك + هوية المشتري + رخصة البناء ، أما اذا كانت ارض الصك فقط وباقي المتطلبات ) ثالثاً : تجيك رسالة الموافقة من الداخلية ويعطونك 3 شهور مهلة على ما تنقل العقار . رابعاً : يدخل المشتري على هيئة الزكاة ويسدد ضريبة التصرفات العقارية 5٪ راح,إفراغ عقار الأجنبي الغير خليجي
2024-12-15T00:45:18,2432,لا يحقق معيار منشور قانوني نصي مستقل وعالي الثقة,11,العربون غير المسترد والمسترد: ١- غير مسترد: إذا دفعه المشتري أو المستأجر على اتفاق أن يأتي ببقية الثمن في زمن محدد، وإلا كان العربون للبائع. ٢- يمكن استرداده: إذا كان مدفوع لغرض إثبات الجدية أو إثبات الملاءة فيسترد، على أن يكون ذلك قبل موافقة المالك على التعاقد. (منقول),العربون غير المسترد والمسترد
2024-12-15T17:51:04,2435,لا يحقق معيار منشور قانوني نصي مستقل وعالي الثقة,-3,"حيث قامت وزارة العدل بتحديث البوابة القضائية لتصبح ""البوابة القانونية"". والتي تضم الآن الأحكام القضائية النهائية والأنظمة العدلية","حيث قامت وزارة العدل بتحديث البوابة القضائية لتصبح ""البوابة القانونية"""
2024-12-17T20:26:49,2437,لا يحقق معيار منشور قانوني نصي مستقل وعالي الثقة,6,استرداد الرسوم الدراسية في الجامعات السعودية. إعداد القاضي بديوان المظالم/ علي الشهري,استرداد الرسوم الدراسية في الجامعات السعودية
2024-12-18T15:42:18,2439,تطابق عنواني منضبط مع مادة قائمة أو مرشحة,11,نظام الوساطة العقارية ولوائحه التنفيذية والتنظيمية,نظام الوساطة العقارية ولوائحه التنفيذية والتنظيمية
2024-12-22T20:14:33,2442,لا يحقق معيار منشور قانوني نصي مستقل وعالي الثقة,7,عند وفاة الشخص تسقط جميع القروض منه (المالية والعقارية والبنكية ) ((بشرط)) إبلاغ الجهة الممولة بالقرض خلال ٦٠ يوم من تاريخ الوفاة - عند التأخير عن الإبلاغ أكثر من ال٦٠ يوم يكون الورثة ملزمين بسداد المبلغ,عند وفاة الشخص تسقط جميع القروض منه (المالية والعقارية والبنكية )
2024-12-24T15:27:08,2444,تطابق عنواني منضبط مع مادة قائمة أو مرشحة,9,المبادئ التجارية المستخلصة من أحكام المحكمة العليا,المبادئ التجارية المستخلصة من أحكام المحكمة العليا
2025-01-01T20:43:47,2452,تطابق عنواني منضبط مع مادة قائمة أو مرشحة,12,نظام التنفيذ أمام ديوان المظالم ولائحته التنفيذية مع الفهارس,نظام التنفيذ أمام ديوان المظالم ولائحته التنفيذية مع الفهارس
2025-01-13T00:32:44,2460,لا يحقق معيار منشور قانوني نصي مستقل وعالي الثقة,9,س / هل يجوز الاتفاق قبل الإجراء الطبي على إعفاء الممارس الصحي من المسؤولية الناتجة عن الإجراء الطبي ؟ ج / نصت المادة ٢٨ من نظام مزاولة المهن الصحية على أن كل شرط يتضمن تحديد أو إعفاء الممارس الصحي من المسؤولية يقع باطلا . (منقول),س / هل يجوز الاتفاق قبل الإجراء الطبي على إعفاء الممارس الصحي من المسؤولية الناتجة عن الإجراء الطبي ؟
2025-01-18T15:15:28,2472,تطابق عنواني منضبط مع مادة قائمة أو مرشحة,10,نظام المرافعات أمام ديوان المظالم ولائحته التنفيذية,نظام المرافعات أمام ديوان المظالم ولائحته التنفيذية
2025-01-27T22:58:42,2481,لا يحقق معيار منشور قانوني نصي مستقل وعالي الثقة,16,ما المقصود بالضرر المعنوي؟ يقصد به ما يلحق الشخص ذا الصفة الطبيعية من أذى حسيً، أو نفسيً، نتيجة المساس بجسمه، او بحريته، أو بعرضه، أو بسمعته، أو بمركزه الاجتماعي المادة: (138/2) من نظام المعاملات المدنية. كيف يُقدّر التعويض إذا كان الضرر واقعًا على النفس، أو ما دونها؟ يُقدر عن الإصابة ذاتها، ويُتحدد وفقاً لأحكام الضمان المقدّرة في الشريعة الإسلامية في الجناية على النفس، وما دونها. المادة: (142) من نظام المعاملات المدنية يشمل التعويضُ عن الفعل الضار، التعويض عن الضرر المعنوي. المادة: (138/1) من ن,ما المقصود بالضرر المعنوي؟
2025-02-11T11:29:19,2513,لا يحقق معيار منشور قانوني نصي مستقل وعالي الثقة,-1,نصت لائحة الاحتراف وأوضاع اللاعبين في المادة 5/27 على امكانية تسجيل اللاعب في ثلاث أندية في الموسم الرياضي الواحد مع اشتراط أن تكون المشاركة لناديين فقط. وأختلف فقهاء القانون على معنى المشاركة ، وهل يعتبر تسجيل اللاعب في كشف المباراة مع بقائه على مقاعد البدلاء مشاركة ؟ الصواب : أنّ المشاركة المقصودة في النص هي خوض اللاعب للمباراة داخل الملعب ولو كان ذلك قبل اطلاق الحكم لصافرة نهاية المباراة بدقائق ، وهذا ما أستقرَّ عليه الإتحاد الدولي لكرة القدم في تفسيره لهذا النص . وهناك سابقة قضائية في ملاعبن,نصت لائحة الاحتراف وأوضاع اللاعبين في المادة 5/27 على امكانية تسجيل اللاعب في ثلاث أندية في الموسم الرياضي الواحد مع اشتراط أن تكون المشاركة لناديين فقط
2025-02-12T17:41:50,2519,لا يحقق معيار منشور قانوني نصي مستقل وعالي الثقة,-3,لا يجوز الخصم من راتب العامل بسبب حقوق خاصة دون موافقة خطية إلا في حالات محددة مثل سداد سلفة أو تنفيذ حكم قضائي، ولا يجوز ان يزيد ما يُخصم راتب العامل زيادة عن ربع الاجر المستحق مالم يتضمن الحكم خلاف ذلك. استنادا على المادة 92 من نظام العمل,لا يجوز الخصم من راتب العامل بسبب حقوق خاصة دون موافقة خطية إلا في حالات محددة مثل سداد سلفة أو تنفيذ حكم قضائي، ولا يجوز ان يزيد ما يُخصم راتب العامل زيادة عن ربع الاجر
2025-02-12T19:24:45,2522,لا يحقق معيار منشور قانوني نصي مستقل وعالي الثقة,7,منصة قوى : توجد ثلاث مسارات مختلفة لنقل الموظفين (قوانين حرية التنقل) : 1. النقل الفوري: لا يلزم فيه موافقة صاحب العمل الحالي أو الانتظار حتى انتهاء فترة الإشعار. شروطه: - أن تكون رخصة عمل الموظف أو الإقامة منتهية - لم يحصل الموظف على رخصة عمل بعد مضي 90 يوماً من دخوله للمملكة. 2. النقل بعد انتظار فترة الإشعار: وفيه يجب أن يكمل الموظف فترة الإشعار لدى منشأته الحالية قبل النقل إلى منشأة أخرى. شروطه: - عندما يتجاوز الموظف أكثر من عام داخل المملكة. 3. النقل بعد موافقة صاحب العمل الحالي: وهي حالة وا,منصة قوى
2025-02-15T17:14:50,2530,تطابق عنواني منضبط مع مادة قائمة أو مرشحة,9,نظام الأسلحة والذخائر ولائحته التنفيذية,نظام الأسلحة والذخائر ولائحته التنفيذية
2025-02-18T17:14:17,2537,تطابق عنواني منضبط مع مادة قائمة أو مرشحة,8,لائحة نظام الأحوال الشخصية 1446,لائحة نظام الأحوال الشخصية 1446
2025-02-19T21:21:58,2540,لا يحقق معيار منشور قانوني نصي مستقل وعالي الثقة,2,الاسئلة الشائعة عن تأمين العيوب الخفية,الاسئلة الشائعة عن تأمين العيوب الخفية
2025-02-19T21:45:57,2541,لا يحقق معيار منشور قانوني نصي مستقل وعالي الثقة,-6,https://merath.moj.gov.sa/ أطلقت وزارة العدل منصة التركات,https://merath.moj.gov.sa/
2025-02-20T01:51:00,2544,تطابق عنواني منضبط مع مادة قائمة أو مرشحة,10,اللائحة التنفيذية لنظام العمل وملحقاتها,اللائحة التنفيذية لنظام العمل وملحقاتها
2025-02-25T12:49:57,2547,لا يحقق معيار منشور قانوني نصي مستقل وعالي الثقة,-1,https://drive.google.com/file/d/1U6H09y9JKjDeDIdE7thYuLguOt8Nbrsw/view ملف يجمع الاحكام القضائية وقررات اللجان القضائية وشبه القضائية في محرك البحث الموجود على الرابط,https://drive.google.com/file/d/1U6H09y9JKjDeDIdE7thYuLguOt8Nbrsw/view
2025-04-24T09:58:22,2602,لا يحقق معيار منشور قانوني نصي مستقل وعالي الثقة,3,الدفوع الموضوعية في دعاوى الأحوال الشخصية غير الزوجية,الدفوع الموضوعية في دعاوى
2025-04-25T09:22:41,2608,تطابق عنواني منضبط مع مادة قائمة أو مرشحة,9,القواعد والمسائل القانونية في إدارة الشركات,القواعد والمسائل القانونية في إدارة الشركات
2025-04-28T00:04:27,2610,لا يحقق معيار منشور قانوني نصي مستقل وعالي الثقة,7,المبادئ المستخرجة من قرارات لجان الاستئناف الجمركية 2024,المبادئ المستخرجة من قرارات لجان الاستئناف الجمركية 2024
2025-04-28T00:04:53,2611,لا يحقق معيار منشور قانوني نصي مستقل وعالي الثقة,3,مدونة المبادئ الجمركية 2024,مدونة المبادئ الجمركية 2024
2025-04-28T18:15:37,2613,لا يحقق معيار منشور قانوني نصي مستقل وعالي الثقة,3,الدليل الإرشادي لإجراءات الحراسة القضائية,الدليل الإرشادي لإجراءات الحراسة القضائية
2025-05-01T16:28:47,2617,لا يحقق معيار منشور قانوني نصي مستقل وعالي الثقة,-3,"بعد التحديثات الأخيرة على نظامالسجلالتجاري ظهر ما يسمى بـ "" المستفيدالحقيقي"" وأصبح أحد مستلزمات تحديث معلومات السجل التجاري إليكم الأدلة التي تيسر لكم فهمها",بعد التحديثات الأخيرة على نظامالسجلالتجاري
2025-05-03T15:24:27,2621,لا يحقق معيار منشور قانوني نصي مستقل وعالي الثقة,-1,سؤال: هل صحيح خلال 60 يوم من الوفاة ، الورثة يبلغو البنك ويسقط عنه كل شي الجواب: الصحيح خلال 30 يوم وفق (ضوابط وإجراءات التحصيل لعملاء الأفراد الصادرة من البنك المركزي في 2018) ولكن يستثنى عقد (التمويل التجاري) المستند في هذا المادة (5) من الضوابط التي (شجعت على التملك عن طريق الإقتراض) : يجب على جهة التمويل إعفاء العميل من المبالغ المطالب بها بموجب عقد التمويل في حال الوفاة أو العجز الكلي، وذلك خلال مدة أقصاها ثلاثون يوماً من تاريخ استلام المستندات ذات العلاقة وإعادة ما تم خصمه بالزيادة من تاري,سؤال
2025-05-04T17:51:23,2624,لا يحقق معيار منشور قانوني نصي مستقل وعالي الثقة,-4,https://x.com/mojksa/status/1919018297296605692?s=46&t=pVIStBJq-TFExOu7VVHTA,https://x.com/mojksa/status/1919018297296605692?s=46&t=pVIStBJq-TFExOu7VVHTA
2025-05-06T19:35:54,2628,لا يحقق معيار منشور قانوني نصي مستقل وعالي الثقة,9,هل يحق للمستأجر مطالبة المؤجر حال قيامة بإحداث إنشاءاتٍ، أو إصلاحات لمنفعة المأجور؟ نعم يحق للمستأجر الرجوع على المؤجر بما أنفق بالقدر المتعارف عليه في حال أخذ الأذن منه قبل إحداث الإنشاءات، أو الإصلاحات. المادة: (422/1) من نظام المعاملات المدنية,هل يحق للمستأجر مطالبة المؤجر حال قيامة بإحداث إنشاءاتٍ، أو إصلاحات لمنفعة المأجور؟
2025-05-06T19:36:32,2630,لا يحقق معيار منشور قانوني نصي مستقل وعالي الثقة,9,إذا تعدد المدينين في التزام غير قابل للانقسام كان كل منهم ملزماً بوفاء الدين كاملاً. المادة: (236) من نظام المعاملات المدنية,إذا تعدد المدينين في التزام غير قابل للانقسام كان كل منهم ملزماً بوفاء الدين كاملاً
2025-05-06T21:45:01,2632,لا يحقق معيار منشور قانوني نصي مستقل وعالي الثقة,3,معايير حماية العلامة التجارية وإجراءات تسجيلها,معايير حماية العلامة التجارية وإجراءات تسجيلها
2025-05-18T20:29:43,2644,لا يحقق معيار منشور قانوني نصي مستقل وعالي الثقة,0,,
2025-05-20T10:51:33,2647,لا يحقق معيار منشور قانوني نصي مستقل وعالي الثقة,16,تواصل معي احد المتابعين وقال لي بأنه يواجه مشكلة مع أحد البنوك : العميل : تقدمت بطلب تمويل شخصي من أحد البنوك وتمت الموافقة على مبلغ وقدره وكانت نسبة الفائدة 3٪ والرسوم الإدارية 1500 ريال وبعد التنفيذ عبر التطبيق وإيداع المبلغ في الحساب الجاري لاحظت بأن هامش الربح 4.9٪ والرسوم الإدارية 3000 ريال .! ولم يكن حسب الاتفاق بيننا .. الرد : اشرت عليه بالتقدم بشكوى وطلب الانسحاب و إلغاء عقد التمويل .! وكل الرسوم اللي سيدفعها لن تتجاوز 100 ريال ، المهم لا ينفذ ويستفيد البنك ما دام اخل بالاتفاق استندت على,تواصل معي احد المتابعين وقال لي بأنه يواجه مشكلة مع أحد البنوك
2025-05-20T17:02:33,2650,لا يحقق معيار منشور قانوني نصي مستقل وعالي الثقة,2,الدليل الاجرائي لقضايا الاعتداء على النفس,الدليل الاجرائي لقضايا الاعتداء على النفس
2025-05-22T12:17:10,2655,لا يحقق معيار منشور قانوني نصي مستقل وعالي الثقة,1,هل يحق لي المطالبة بتعويض مادي عن ظهوري في فيديوهات المشاهير الذين يسألون الناس في الشارع ؟! ظاهرة سؤال مشاهير السوشل ميديا للناس في الأماكن العامة دون إذن من وزارة الإعلام أو حتى المارة تثير عدة جوانب قانونية واجتماعية وأخلاقية تستحق التوقف عندها والنظر فيها. من الناحية القانونية، يهدف هذا الإذن إلى حماية خصوصية الأفراد، وتنظيم المحتوى المنشور، وضمان عدم استغلال الأماكن العامة بشكل غير قانوني،ولدي قناعة ان اغلب صناع هذا المحتوى لم يحصلوا على هذا الإذن.! من جهة أخرى، ينتهك هذا السلوك خصوصية أشخا,هل يحق لي المطالبة بتعويض مادي عن ظهوري في فيديوهات المشاهير الذين يسألون الناس في الشارع ؟!
2025-05-31T22:44:55,2666,لا يحقق معيار منشور قانوني نصي مستقل وعالي الثقة,5,نحذر وننبه من حولنا بالانتباه لمواقع التوظيف التي تطلب خدمات بنكية أو تزويدها بأرقام حسابات بنكية لتلقي الأموال وتحويلها .. هناك عمليات احتيالية بالغة الضرر من وراء هذه الأساليب,نحذر وننبه من حولنا بالانتباه لمواقع التوظيف التي تطلب خدمات بنكية أو تزويدها بأرقام حسابات بنكية لتلقي الأموال وتحويلها
2025-06-17T16:59:59,2672,لا يحقق معيار منشور قانوني نصي مستقل وعالي الثقة,1,هل يعاقب من تقدم ببلاغ تحرش كاذباً ؟ نص نظام مكافحة جريمة التحرش على عقوبة من ارتكب جريمة التحرش بالسجن مدة لا تزيد على سنتين، وبغرامة مالية لا تزيد على مائة ألف ريال، أو بإحدى هاتين العقوبتين. ونصت المادة السابعة في فقرته الثالثة من النظام ذاته (يعاقب كل من قدم بلاغاً كيديًّا عن جريمة تحرش، أو ادعى كيداً بتعرضه لها، بالعقوبة المقررة للجريمة). أي أن النظام ساوى بين من يرتكب جريمة التحرش، ومن يتعمد تقديم بلاغ كيدي بادعاء التعرض لها، حيث يواجه كلاهما العقوبة نفسها,هل يعاقب من تقدم ببلاغ تحرش كاذباً ؟
2025-06-21T23:49:26,2678,لا يحقق معيار منشور قانوني نصي مستقل وعالي الثقة,12,س/هل التذاكر السنوية في اجازة العامل إلزامية؟ ج/التذاكر السنوية ليست إلزامية نظامًا على المنشأة ولا يستحقها العامل ، الا إذا نص عقد العمل أو نصت اللائحة الداخلية للمنشأة على استحقاق العامل لها فهنا تصبح إلزامية,س/هل التذاكر السنوية في اجازة العامل إلزامية؟
2025-07-08T16:16:00,2691,تطابق عنواني منضبط مع مادة قائمة أو مرشحة,8,نظام ايرادات الدولة واللائحة التنفيذية,نظام ايرادات الدولة واللائحة التنفيذية
2025-07-08T22:06:54,2693,لا يحقق معيار منشور قانوني نصي مستقل وعالي الثقة,14,أبرز مضامين .. (نظام تملك غير السعوديين للعقار) ️النظام المُحدَّث يُراعي مصالح المواطنين السعوديين في المرتبة الأولى. ️ وجود آليات تضمن ضبط السوق. ️الامتثال للإجراءات المحددَّة الساعية إلى تحقيق التوزان العقاري. ️ راعى النظام كافة الجوانب الاقتصادية والاستثمارية. ️ يسمح النظام التملُّك في نطاقات جغرافية مُحددَّة وخاصةً في مدينتي الرياض وجدة . ️وضع اشتراطات خاصة للتملُّك في مكة والمدينة. ️راعى النظام تخصيص المواقع خاصةً في الرياض وجدة . ️ينحصر التملك في بعض المشاريع الكبرى في الرياض وخاصةً في الق,أبرز مضامين
2025-07-15T21:33:28,2702,لا يحقق معيار منشور قانوني نصي مستقل وعالي الثقة,11,تنبيه هام: لا تنقل سجلًا تجاريًا قبل التأكد من خلوّه من أي التزامات مالية أو عمالية، واطلب إثبات ذلك في إتفاقية التنازل لضمان حقوقك,تنبيه هام
2025-07-16T01:33:27,2703,لا يحقق معيار منشور قانوني نصي مستقل وعالي الثقة,-5,(الجهات المختصة لمخالفات الإعلانات العقارية) ️إذا كانت المخالفة إعلان من (غير سعودي) فهذه المخالفة من اختصاص وزارة الموارد البشرية بالتنسيق مع الهيئة العامة للعقار. ️إذا كانت المخالفة إعلان من سعودي (غير مرخص) من الهيئة العامة للعقار فهي من اختصاص هيئة تنظيم الإعلام. ️إذا كانت المخالفة إعلان من سعودي (مرخص) من الهيئة العامة للعقار فهي من اختصاص الهيئة العامة للعقار,(الجهات المختصة لمخالفات الإعلانات العقارية)
2025-07-22T13:26:34,2709,لا يحقق معيار منشور قانوني نصي مستقل وعالي الثقة,6,️لا يعاد العربون إذا زاد المبلغ عن (5٪)، يُعتبر مقدمًا للثمن وليس عربونًا. ️لا يعاد العربون إذا لم يُنص كتابة على أن هذا المبلغ المقدم هو عربون. ️إذا كان عدول المشتري أو البائع أو المؤجر أو المستأجر بسبب لا يعود إليهما (إيقاف أو نزع أو غيرها) فيعاد العربون. ️لا يحق للوسيط العقاري الاحتفاظ بالعربون ضماناً لحقه. (منقول),️لا يعاد العربون إذا زاد المبلغ عن (5٪)، يُعتبر مقدمًا للثمن وليس عربونًا
2025-07-22T20:33:18,2713,لا يحقق معيار منشور قانوني نصي مستقل وعالي الثقة,2,اشتراطات المطاعم الفاخرة,اشتراطات المطاعم الفاخرة
2025-07-25T19:05:07,2719,تطابق عنواني منضبط مع مادة قائمة أو مرشحة,10,الأسئلة والإجابات للنظام المحدث لتملك غير السعوديين للعقار,الأسئلة والإجابات للنظام المحدث لتملك غير السعوديين للعقار
2025-08-03T21:13:20,2727,لا يحقق معيار منشور قانوني نصي مستقل وعالي الثقة,1,تعديلات قسمة الأموال الشائعة والهبة واختصاصات كتاب العدل وأتعاب المحاماة. نظام التوثيق: - تم تعديل الفقرة 6 من المادة 11 لتكون بالنص الآتي: «قسمة الأموال الشائعة - بما فيها العقار - إذا لم يكن فيها نزاع، أو حصة وقف أو وصية، أو عديم الأهلية أو ناقصها، أو غائب». - تم تعديل المادة 12 لتكون بالنص الآتي: «لا يختص كاتب العدل بتوثيق أي إقرار أو عقد يكون أحد طرفيه عديم الأهلية أو ناقصها، أو غائباً، أو ناظر وقف أو وصية، إلا في حالات قبول الهبة، وتصرفات الأب في مال ولده عديم الأهلية أو ناقصها، وإقرار البا,تعديلات قسمة الأموال الشائعة والهبة واختصاصات كتاب العدل وأتعاب المحاماة
2025-08-07T14:00:00,2729,لا يحقق معيار منشور قانوني نصي مستقل وعالي الثقة,-6,https://redsea.gov.sa/ar/regulations,https://redsea.gov.sa/ar/regulations
2025-08-13T07:53:51,2733,تطابق عنواني منضبط مع مادة قائمة أو مرشحة,10,لا يثبت قصد الترويج إلا بإقرار، أو بينة موصلة، ولا يكتفي في ذلك ما يستنتجه القاضي، إذا كانت الكمية قليلة. المحكمة العليا قرار رقم: (28/2/1)، (24/10/1435هـ),لا يثبت قصد الترويج إلا بإقرار، أو بينة موصلة، ولا يكتفي في ذلك ما يستنتجه القاضي، إذا كانت الكمية قليلة
2025-08-22T20:40:46,2740,لا يحقق معيار منشور قانوني نصي مستقل وعالي الثقة,0,https://uqn.gov.sa/details?p=27369 اللائحة التنفيذية,https://uqn.gov.sa/details?p=27369
2025-08-26T18:26:09,2743,لا يحقق معيار منشور قانوني نصي مستقل وعالي الثقة,1,(أبرز مزايا وأهداف نظام نزع ملكية العقارات الجديد) صدرت موافقة مجلس الوزراء اليوم على نظام نزع ملكية العقارات للمصلحة العامة ووضع اليد المؤقت عليها، وذلك ضمن جهود تنظيمية وتشريعية تدعم رؤية المملكة 2030، ويهدف النظام إلى تحقيق الشفافية، وتعويض عادل للملّاك، وتوحيد الإجراءات والمرجعيات التنظيمية ️يهدف النظام: ️التحقق من المصلحة العامة قبل الإجراءات. ️حوكمة وتوحيد الإجراءات بشكل شفاف. ️ضمان تعويض عادل وحفظ المال العام. ️مواكبة التشريعات الحديثة. ️ أبرز مزايا النظام: ️تقييم العقار من قبل 3 مقيّمين ,(أبرز مزايا وأهداف نظام نزع ملكية العقارات الجديد)
2025-08-29T13:28:23,2746,لا يحقق معيار منشور قانوني نصي مستقل وعالي الثقة,1,أبرز الحالات التي تمنع دفع رسوم الأراضي البيضاء: توجد عدة حالات نظامية تمنع العقار من الدخول في نظام رسوم الأراضي البيضاء، وذلك بسبب عدم إمكانية التصرف فيه أو تحديث بياناته، وتشمل ما يلي: 1.وجود نزاع قضائي على العقار إذا كان العقار محل دعوى قضائية وصدر بشأنه إيقاف من المحكمة، فلا يمكن تحديث الصك أو التصرف فيه حتى يتم البت في القضية نهائيًا. 2.عدم تطابق بيانات الصك مع الواقع أو السجلات الرسمية مثل اختلاف المساحة، أو الحدود، أو بيانات المالك (الاسم، الهوية الوطنية). 3.عدم وجود صك ورقي بعض العقارات,أبرز الحالات التي تمنع دفع رسوم الأراضي البيضاء
2025-09-01T12:44:06,2755,لا يحقق معيار منشور قانوني نصي مستقل وعالي الثقة,16,"ما هو الدفع الجوهري؟ هو: الدفع الذي لو صح لتغير به وجه الحكم في الدعوى، ومتى أغفل الحكم التصدي له فإنه يكون معيبًا بقصور في التسبيب. قرر هذا المبدأ الصادر بقرار الدائرة الخامسة بالمحكمة العليا رقم: (4227835) وتاريخ: 20 / 11 / 1442هـ، حيث ورد فيه: "" وحيث إن الدائرة باطلاعها على أوراق القضية وما انتهت له المحكمة في حكمها اتضح لها أن حكم محكمة الاستئناف لم يناقش هذا الدفع، والأصل أن تتصدى محكمة الموضوع لأي دفع جوهري في الدعوى، والذي لو صح لتغير به وجه الحكم في الدعوى، ومتى أغفل الحكم ذلك فإنه يكون ",ما هو الدفع الجوهري؟
2025-09-11T11:35:05,2763,لا يحقق معيار منشور قانوني نصي مستقل وعالي الثقة,14,الإختصاص إذا أقيمت الدعوى وكان الطرفان تاجرين أو أحدهما فمن هي المحكمة المختصة بالنظر ؟ 1- إذا كانت المنازعة بين تاجرين بسبب أعمالهم التجارية الأصلية أو التبعية فالمحكمة المختصة بالنظر المحكمة التجارية وفق الفقرة الأولى من المادة السادسة عشرة من نظام المحاكم التجارية. 2- إذا كانت المنازعة ضد تاجر في عقد تجاري والمدعي ليس تاجراً فلا يخلو من أمرين : أ / أن تكون المطالبة الأصلية في الدعوى تزيد على خمسمائة ألف ريال فالمختص بنظرها المحاكم التجارية. ب / أن تكون المطالبة الأصلية في الدعوى خمسمائة ألف ر,الإختصاص
2025-10-27T15:28:22,2797,لا يحقق معيار منشور قانوني نصي مستقل وعالي الثقة,1,"الفرق بين ""قرار الاتهام"" و ""لائحة الدعوى العامة"": أولًا: قرار الاتهام: يصدر عن المحقّق، يُثبت فيه القناعة الأولية بقيام المتهم بارتكاب فعل مجرّم بموجب النظام، ويحدد فيه الوصف الجرمي، ويربط الوقائع بالنص النظامي وفقًا للمبادئ الجزائية، مع رفع التوصية بإحالة المتهم إلى المحكمة المختصة لمحاكمته. ولا يُحال القرار إلى دائرة الادعاء العام إلا بعد موافقة اللجنة المشرفة على أعمال المحقق، مما يجعله خلاصةً لما انتهى إليه التحقيق، ويُعد بمثابة الإذن النظامي بالشروع في المحاكمة. ثانيًا: لائحة الدعوى العامة:","الفرق بين ""قرار الاتهام"" و ""لائحة الدعوى العامة"""
2025-11-06T17:58:07,2802,لا يحقق معيار منشور قانوني نصي مستقل وعالي الثقة,5,س/أجريت عملية و عطوني المستشفى 21 يوم اجازة ورفعت الاجازة الصادرة من صحتي، لكن المنشأة طلبو مني تقرير طبي مفصّل يُوضح التشخيص الطبي ومدة الراحة واسم وتخصص الطبيب وختم المنشأة ج/لا يحق لهم طلب تقرير طبي ، وهم ملزمين بقبول الاجازة المرضية دون نقاش فقط يحق للمنشأة إلزامك بالخضوع لفحص طبي للتحقق من خلوك من الامراض المهنية أو السارية (منقول),س/أجريت عملية و عطوني المستشفى 21 يوم اجازة ورفعت الاجازة الصادرة من صحتي، لكن المنشأة طلبو مني تقرير طبي مفصّل يُوضح التشخيص الطبي ومدة الراحة واسم وتخصص الطبيب وختم الم
2025-11-07T15:43:22,2803,لا يحقق معيار منشور قانوني نصي مستقل وعالي الثقة,14,سؤال: هل تختص المحكمة العامة بنظر دعاوى التعويض عن العيوب الناشئة في العقار الممول ((بعقد تمويلي))؟ الإجابة: لا تختص المحكمة العامة بنظر هذه الدعاوى، إذ إن المنازعات الناشئة عن عقود التمويل، ومنها العقارات الممولة، تدخل في اختصاص لجنة الفصل في المخالفات والمنازعات التمويلية، وذلك استنادًا إلى المرسوم الملكي رقم (م/٥١) بتاريخ ١٣/٨/١٤٣٣هـ، وعملاً بقرار المحكمة العليا رقم (٤٥/م) بتاريخ ٨/٥/١٤٤١هـ، القاضي باختصاص اللجان التمويلية بنظر المنازعات الناشئة عن عقود التمويل. توضيح اضافي: لانها بنظام الايج,سؤال
2025-11-28T19:13:24,2809,تطابق عنواني منضبط مع مادة قائمة أو مرشحة,8,نظام رسوم الأراضي البيضاء والعقارات الشاغرة,نظام رسوم الأراضي البيضاء والعقارات الشاغرة
2025-11-29T19:37:55,2811,لا يحقق معيار منشور قانوني نصي مستقل وعالي الثقة,4,"قاعدة فقهية مهمة: ""إذا اختلف الدافع والقابض في سبب المال، فالقول قول الدافع"" . تعني أنه في حالة وجود نزاع حول سبب حصول القابض على المال من الدافع، فإن قول الدافع هو المعتبر عليه، ما لم يقم دليل على خلاف ذلك",قاعدة فقهية مهمة
2025-12-03T16:41:15,2815,لا يحقق معيار منشور قانوني نصي مستقل وعالي الثقة,4,لكل محامي ومتدرب مهتم بقضايا الشركات ملف قيّم|,لكل محامي ومتدرب مهتم بقضايا الشركات
2025-12-14T21:04:35,2823,لا يحقق معيار منشور قانوني نصي مستقل وعالي الثقة,15,طلب المهلة واسباب رفضها: ١- اذا تبين للدائرة أنه لا ضرورة لاعطاء المهلة، ويجب أن يبين سبب عدم قبول المهلة، وينذره ثلاثاً، ويعد ناكلاً اذا رفض الاجابة ( المادة ٦٧ من نظام المرافعات الشرعية). ٢- اذا طلبت المهلة للمرة الثانية أو اكثر دون سبب ( المادة ٦٨ من نظام المرافعات الشرعية). ٣- في حال ظهر للدائرة القضائية أن الوكيل كثير الاستمهال، فلها أن تلزم الوكيل بحضور الاصيل ( المادة ٥٣ من نظام المرافعات الشرعية ),طلب المهلة واسباب رفضها
2025-12-24T13:38:57,2830,لا يحقق معيار منشور قانوني نصي مستقل وعالي الثقة,14,س/ هل يجوز للخصوم تقديم طلب التماس إعادة النظر على القرارات والأحكام التي تصدر من المحكمة العليا؟ ج/ القرارات التي تصدر من المحكمة العليا بعدم قبول طلب النقض، أو بقبوله ونقض الحكم مع إعادته إلى المحكمة التي أصدرته، لا يجوز الاعتراض عليها بطلب التماس إعادة النظر. أما إذا أصدرت المحكمة العليا قرارًا بتأييد حكم محكمة الاستئناف، أو بنقضه والحكم في الموضوع — وذلك إذا كان النقض للمرة الثانية وكان الموضوع بحالته صالحًا للحكم — فإن هذا يُعد حكمًا نهائيًا، ويجوز تقديم طلب التماس إعادة النظر عليه أمام الم,س/
2025-12-24T18:37:47,2832,لا يحقق معيار منشور قانوني نصي مستقل وعالي الثقة,1,نموذج سند الضد؛ من السندات المهمة في التعاملاتالمالية: كثير من التعاملات يتم من خلالها تسجيل الأملاك أو العقارات وغيرها صورياً باسم شخص أخر لأسباب وأغراض معينة، وعندما يطلب المالك الحقيقي من المالك الصوري إرجاع العقار إليه قد يتفاجئ بالرفض أو الادعاء بانه قد اشتراه أو قد آلت إليه الملكية بالهبه. ولتفادي الوقع في مثل هذه المشكلة: قبل تسجيل العقار صورياً باسم المالك الصوري قم بتوقيعه على سند الضد لإثبات حقك وبيان سبب انتقال الملكية إليه. (منقول),نموذج سند الضد؛ من السندات المهمة في التعاملاتالمالية
2025-12-25T10:29:49,2833,لا يحقق معيار منشور قانوني نصي مستقل وعالي الثقة,16,اعتبارًا من 1 يناير 2026 يبدأ تطبيق رسوم الأراضي البيضاء في مدينة الرياض عند عدم سداد فاتورة رسوم الأراضي البيضاء… هل تُباع الأرض في المزاد العلني؟ وفي حال صدور فاتورة رسوم الأراضي البيضاء وعدم سدادها من مالك الأرض خلال المدة المحددة. فتُعد الفاتورة سندًا تنفيذيًا وفق النظام، ويجوز تقديمها إلى محكمة التنفيذ لتحصيل المبلغ المستحق. وتشمل الآثار والإجراءات النظامية: ️ اعتبار عدم السداد مخالفة لنظام رسوم الأراضي البيضاء. ️ فرض غرامات تأخير نظامية. ️ استمرار المطالبة بالرسوم عن السنوات اللاحقة. ️ الح,اعتبارًا من 1 يناير 2026 يبدأ تطبيق رسوم الأراضي البيضاء في مدينة الرياض
2025-12-25T14:38:49,2836,لا يحقق معيار منشور قانوني نصي مستقل وعالي الثقة,1,“حتى لو خاضعة للرسوم… هذه الحالات تمنع إصدار فاتورة الأراضي البيضاء” لا تُصدر فاتورة رسوم الأراضي البيضاء لأي عقار يندرج ضمن الحالات التالية، حتى وإن كان داخل نطاق تطبيق النظام وتوجد حالات نظامية محددة تمنع العقار من الدخول ضمن نطاق تطبيق نظام رسوم الأراضي البيضاء، وذلك لعدم إمكانية التصرف فيه أو تحديث بياناته نظامًا، أو لتعذر استكمال متطلبات التسجيل والتوثيق. أو توقف تطوير الأرض، وتشمل أبرز هذه الحالات ما يلي: 1. وجود نزاع قضائي على العقار إذا كان العقار محل دعوى قضائية وصدر بشأنه إيقاف من المح,“حتى لو خاضعة للرسوم… هذه الحالات تمنع إصدار فاتورة الأراضي البيضاء”
2025-12-28T12:38:34,2839,لا يحقق معيار منشور قانوني نصي مستقل وعالي الثقة,16,س/ هل يلزم إبلاغ المستأنف بحكم الاستئناف المؤيد للحكم الابتدائي؟ ج/ نصّت المادتان (159) و(163) من نظام المرافعات الشرعية، والمادة (37) من اللائحة التنفيذية لطرق الاعتراض على الأحكام، على أن المحكمة تُفهم الخصوم بموعد جلسة النطق بالحكم، وأن الحكم يُنطق به في جلسة علنية، بما في ذلك تأييد الحكم المستأنف تدقيقًا. س/ أمام الاستئناف دفعنا بالمادة (37) التي تجيز لأي من الخصوم طلب محرّر من جهة عامة إذا تعذر إحضاره وفي أي مرحلة من مراحل الدعوى، إلا أن محكمة الاستئناف لم تأخذ به، وهو دفع جوهري؟ ج/ طلب الم,س/ هل يلزم إبلاغ المستأنف بحكم الاستئناف المؤيد للحكم الابتدائي؟
2026-01-13T21:36:46,2859,لا يحقق معيار منشور قانوني نصي مستقل وعالي الثقة,15,التدخل الانضمامي: يجوز للشخص التدخل انضمامياً إلى أحد الخصوم أمام محكمة الاستئناف لوجود مصلحة له في الحكم، وذلك دون أن يطلب الحكم لنفسه. بخلاف محكمة الدرجة الأولى، فيجوز له التدخل منضمًّا إلى أحد الخصوم، أو طالبًا الحكم لنفسه بطلبٍ مرتبطٍ بالدعوى. وذلك وفقًا للمادتين (81) من نظام المرافعات الشرعية، و(23) من اللائحة التنفيذية لطرق الاعتراض على الأحكام,التدخل الانضمامي
2026-01-15T14:51:39,2860,لا يحقق معيار منشور قانوني نصي مستقل وعالي الثقة,1,س/ من هم العاملون الذين يخضعون لنظام العمل ولا يستحقون مكافأة نهاية الخدمة؟ ج/ لا يستحق مكافأة نهاية الخدمة كل من: 1.العامل العرضي إذا لم تتجاوز مدة عمله (90) يومًا. 2.العامل المؤقت إذا لم تتجاوز مدة عمله (90) يومًا. 3.العامل الموسمي. 4.العامل الذي يعمل بعض الوقت (العمل الجزئي). 5.من يعمل بموجب عقد التأهيل والتدريب من غير العاملين لدى صاحب العمل. 6.العامل الذي يُنهى عقده خلال فترة التجربة. 7.العامل الذي يُنهى عقده لأحد الأسباب الواردة في المادة (80) من نظام العمل. 8.العامل الذي يستقيل وكانت مدة ,س/ من هم العاملون الذين يخضعون لنظام العمل ولا يستحقون مكافأة نهاية الخدمة؟
2026-02-04T12:25:04,2877,لا يحقق معيار منشور قانوني نصي مستقل وعالي الثقة,-2,فائدة: -على المدعي أن يثبت ما يدعيه من حق، لأن الأصل في البينة أن تكون على من ادعى، وهذا ما أكدته المواد (٢-٣) وغيرها من نظام الإثبات.. -وجاء في قرار مجلس القضاء الأعلى بهيئته رقم ٣٤/٥ في ١٤١٣/٢/١١ مانصه (ومعلوم أن القاضي لا يجب عليه إحضار بينات لم يحضرها الخصم مع قدرته ، لكن لا يسوغ له ترك مايمكن عمله مما يكشف الحق ويظهره عند قيام القرائن والدلائل التي تحتاج إلى تعزيزها بتمحيص القاضي ),فائدة
2026-02-09T10:14:50,2882,تطابق عنواني منضبط مع مادة قائمة أو مرشحة,16,جواز اشتراط صاحب العمل على العامل ألّا يقوم بعد انتهاء عقده بمنافسته، مقيَّد بضوابط وفق ما جاء في المادة (83) من نظام العمل، وهي: 1- أن يكون العمل المنوط بالعامل يسمح له بمعرفة عملاء صاحب العمل. 2- أن يكون الشرط محرراً (مكتوباً). 3- أن يكون محدداً من حيث الزمان والمكان ونوع العمل. 4- ألّا تزيد مدته على سنتين من تاريخ انتهاء العلاقة بين الطرفين. وعند مخالفة العامل لشرط المنافسة، يلزم للمطالبة أن تُرفع الدعوى خلال سنة من تاريخ اكتشاف المخالفة. والمقصود بالمنافسة، والتي استقر عليها غالب القضاء العم,جواز اشتراط صاحب العمل على العامل ألّا يقوم بعد انتهاء عقده بمنافسته، مقيَّد بضوابط وفق ما جاء في المادة (83) من نظام العمل، وهي
2026-02-25T18:32:47,2887,لا يحقق معيار منشور قانوني نصي مستقل وعالي الثقة,1,قرار وزير الموارد البشريه والتنمية الاجتماعية رقم ( 112377 ) القاضي بتعديل جدول المخالفات والعقوبات لنظام العمل ولائحته التنفيذية وقد شملت التعديلات إعادة تصنيف عدد من المخالفات إلى فئات محددة وفقاً لطبيعة الأنشطة، بما يحقق وضوحاً أكبر للمنشآت والعاملين في تطبيق الأنظمة والالتزام بها، وهي كالتالي: فئة المخالفات العامة لكافة الأنشطة. فئة المخالفات الخاصة بنشاط تشغيل المناجم والمحاجر. فئة المخالفات الخاصة بأحكام لائحة تنظيم عقد العمل البحري. فئة المخالفات الخاصة بالأنشطة المتعلقة بالتشغيل والصيانة,قرار وزير الموارد البشريه والتنمية الاجتماعية رقم ( 112377 ) القاضي بتعديل جدول المخالفات والعقوبات لنظام العمل ولائحته التنفيذية وقد شملت التعديلات إعادة تصنيف عدد من ال
2026-03-24T19:25:05,2890,لا يحقق معيار منشور قانوني نصي مستقل وعالي الثقة,3,معايير حماية العلامة التجارية وإجراءات تسجيلها,معايير حماية العلامة التجارية وإجراءات تسجيلها
2026-04-06T22:26:16,2897,لا يحقق معيار منشور قانوني نصي مستقل وعالي الثقة,9,من الدفوع في قضايا المضاربات البسيطة الدفع بانه سبق صدر تعميم معالي وزير العدل رقم ( 8/ت / 21 ) في 1411/2/15هـ المتضمن ( الاكتفاء باخذ التعهد على الطرفين في المشادات والتماسك بالأيدي والمضاربات البسيطة التي تقتصر على اصابات لا يزيد التعطيل فيها عن العمل اكثر من 10 ايام حسب تقدير التقرير الطبي ولم تشكل المضاربة إخلالا بالامن ),من الدفوع في قضايا المضاربات البسيطة
2026-04-07T00:58:45,2898,لا يحقق معيار منشور قانوني نصي مستقل وعالي الثقة,-1,إذا دفع الخصم بوجود عقد أجرة ( ورقي )بعد الإلزام بتوثيق العقود ألكترونياً ،وطلب يمين خصمه على نفي ذلك فهل توجه اليمين للخصم ؟ نصّت الفقرة الثانية من المادة السادسة والتسعين من نظام الإثبات وأدلته الإجرائية على أنه لايجوز توجيه اليمين في واقعة مخالفة للنظام العام,إذا دفع الخصم بوجود عقد أجرة ( ورقي )بعد الإلزام بتوثيق العقود ألكترونياً ،وطلب يمين خصمه على نفي ذلك فهل توجه اليمين للخصم ؟
2026-04-15T08:58:48,2918,لا يحقق معيار منشور قانوني نصي مستقل وعالي الثقة,14,التنفيذ العكسي: للمدين الحق في بيع العقار المتعثر في السابق، عند تعثر المدين في سداد أقساط العقار (رهن أو مرابحة)، كان الدائن (البنك مثلًا) هو الطرف الذي يتقدم لمحكمة التنفيذ لطلب بيع العقار واستيفاء حقه. أما في النظام الجديد، فقد تم توسيع الحق ليشمل: كلا الطرفين (الدائن والمدين) يحق لهما التقدم لمحكمة التنفيذ لبدء إجراءات التنفيذ على العقار. ️ مثال: لو اشترى شخص عقارًا من بنك مثلًا: ️ سدد 30% من قيمته. ️ ثم تعثر في سداد باقي الأقساط. ️ النظام القديم: ️ البنك فقط يرفع طلب تنفيذ ويطلب بيع العقار.,التنفيذ العكسي
2026-04-18T21:22:52,2927,لا يحقق معيار منشور قانوني نصي مستقل وعالي الثقة,14,هل تعرّضت لإساءة مست سمعتك أو كرامتك؟ هل ترتب عليها أذى نفسي أو مساس بمركزك الاجتماعي؟ ️ نظامًا: المادة (138) من نظام المعاملات المدنية تقرر أن: التعويض يشمل الضرر المعنوي (السمعة، الكرامة، المركز الاجتماعي، الأذى النفسي). ويشترط للحكم بالتعويض إثبات: الخطأ + الضرر + العلاقة السببية. كما تقرر المادة (143): عدم سماع الدعوى بعد: 3 سنوات من تاريخ العلم بالضرر والمسؤول عنه 10 سنوات من تاريخ وقوعه,هل تعرّضت لإساءة مست سمعتك أو كرامتك؟
2026-04-20T13:18:41,2928,لا يحقق معيار منشور قانوني نصي مستقل وعالي الثقة,-5,ماهو التنضيض؟ التنضيض هو تحويل أصول الشركة بعد بيعها إلى نقود لغرض إنهاء الشركة ويدخل في ذلك ما يسمى حديثاً بمفهوم تصفية الشركة والتنضيض قسمان : تنضيض حكمي وتنضيض حقيقي الحكمي : هو تقويم الموجودات. الحقيقي : تصفية الموجودات,ماهو التنضيض؟
2026-04-27T20:36:24,2935,لا يحقق معيار منشور قانوني نصي مستقل وعالي الثقة,14,صدر مرسوم ملكي رقم : م /٢٣٧ وتاريخ : ١٤٤٧/١١/٣هـ وأبرز ما ورد في المرسوم الملكي الكريم ، ما يلي : أولاً: الموافقة على نظام التنفيذ الجديد. ثانياً: تُعد جميع الأحكام والأوامر والقرارات الصادرة قبل نفاذ النظام صحيحة، وتظل خاضعة للأحكام التي كانت سارية قبل نفاذه. ثالثاً: لا تُطبق أحكام نظام التنفيذ الجديد على دعاوى منازعات التنفيذ التي صدر فيها حكم نهائي قبل نفاذه. رابعاً: تتولى محاكم التنفيذ تنفيذ ما يصدر من قرارات أو أوامر من اللجان ذات الاختصاص شبه القضائي وفقاً للنظام الجديد. خامساً: تُعد الكمب,صدر مرسوم ملكي
2026-04-28T22:31:46,2941,لا يحقق معيار منشور قانوني نصي مستقل وعالي الثقة,16,"غرامة تأخير تصل إلى (5,000 ريال) يوميًا لـ تنفيذ عقود الإيجار يضع نظام التنفيذ الجديد آلية واضحة لضمان سرعة الوفاء بالالتزامات التعاقدية، ومنها عقود الإيجار وغيرها من السندات التنفيذية. ️ يُمنح المنفذ ضده مهلة (5 أيام عمل) من تاريخ إبلاغه بأمر التنفيذ، وفي حال عدم الالتزام تبدأ إجراءات التنفيذ الجبري مباشرة على أمواله وموجوداته. ويُستثنى من ذلك إذا قدّم ضمانًا بنكيًا كافيًا، حيث يُمنح مهلة إضافية تصل إلى (10 أيام عمل). ️ تشمل إجراءات التنفيذ الجبري: 1.إشعار الجهات الائتمانية بعدم التنفيذ. 2.الحج","غرامة تأخير تصل إلى (5,000 ريال) يوميًا"
2026-05-01T16:47:11,2946,لا يحقق معيار منشور قانوني نصي مستقل وعالي الثقة,-1,ملخص أبرز ما جاء في اللائحة التنظيمية للتسويق والإعلانات العقارية يشهد القطاع العقاري في السعودية تطورًا تنظيميًا كبيرًا ضمن مستهدفات رؤية 2030، بهدف بناء سوق شفاف وعادل وجاذب للاستثمار. وتعمل الهيئة العامة للعقار على تعزيز الثقة عبر تنظيم شامل، حيث جاءت لائحة التسويق والإعلانات العقارية لتنظيم الإعلان كواجهة أساسية تعكس مصداقية السوق، مرتكزة على ثلاث مبادئ: الترخيص المسبق، الإفصاح الكامل، والإزالة الفورية. المنظومة التشريعية تتكون من ثلاث طبقات: -نظام الوساطة العقارية: ينظم العلاقة بين الأطراف ,ملخص
2026-05-01T16:48:45,2947,لا يحقق معيار منشور قانوني نصي مستقل وعالي الثقة,-6,حالات إلغاء ترخيص الإعلان العقاري: •عدم صحة المعلومات المقدمة عند طلبه. •اختلاف المعلومات المضمّنة في الترخيص عن المعلومات المنشورة في الإعلان العقاري. التسويقوالاعلانالعقاري,حالات إلغاء ترخيص الإعلان العقاري
2026-05-03T21:13:45,2952,لا يحقق معيار منشور قانوني نصي مستقل وعالي الثقة,1,"أبرز تحديثات نظامالتنفيذالجديد فيما يخص العقارات .. ️ لا يتم الحجز على سكن المدين ومن يعولهم (إلا إذا كان العقار مرهوناً للدائن) تمكين المنفذ ضده من بيع عقاره بنفسه لضمان ""القيمة السوقية"" وتجنب خسائر البيع الجبري. بيع العقارات المحجوزة عبر منصة إنفاذ الإلكترونية لضمان الشفافية والسرعة في المزاد. العقود الموثقة (إيجار، مقاولات) أصبحت سندات تنفيذية تُنفذ فوراً دون الحاجة لرفع دعوى قضائية. منع البيع أو نقل ملكية العقار مؤقتاً بمجرد وجود طلب تنفيذ لضمان استيفاء الحقوق. تقليل النزاعات المرتبطة بالتقي",أبرز تحديثات نظامالتنفيذالجديد فيما يخص العقارات
2026-05-06T19:54:53,2957,تطابق عنواني منضبط مع مادة قائمة أو مرشحة,8,تسبيبات نظام المعاملات المدنية,تسبيبات نظام المعاملات المدنية
2026-05-10T21:59:15,2958,لا يحقق معيار منشور قانوني نصي مستقل وعالي الثقة,0,اطلق ديوانالمظالم نظاممساعد وهو نظام يعتمد على تقنيات الذكاء الاصطناعي لتسهيل عمليات البحث في السوابق القضائية والأنظمة،والتشريعات الحديثة وتحليلها وصولاً للتنبؤ بالحكم القضائي للمستفيدين. almusaid.bog.gov.sa/index,اطلق ديوانالمظالم
2026-05-12T12:56:46,2959,لا يحقق معيار منشور قانوني نصي مستقل وعالي الثقة,1,متوفى مستفيد من صندوق العقاري على النظام القديم ،، إذا فيه متأخرات وقت وجود المتوفي على قيد الحياة : 1- إصدار فاتورة ويتم سدادها من قبل الورثة ،، 2- المبلغ المتبقي بعد تاريخ وفاته يعفى منه ان شاء الله .. ^ طريقة رفع إعفاء للمتوفي لدى صندوق التنمية العقاري : - الدخول إلى موقع صندوق التنمية العقاري - الصفحة الرئيسة - اختيار أيقونة الخدمات العامة - اختيار إيقونة إعفاء متوفـي - رفع طلب إعفاء - تم رفع الطلب برقم المستندات المطلوبة: 1- يكون المتوفي أحد مستفيدي الصندوق العقاري 2- صورة من صك العقار المر,متوفى مستفيد من صندوق العقاري على النظام القديم
2026-05-12T15:27:42,2960,لا يحقق معيار منشور قانوني نصي مستقل وعالي الثقة,14,""""" وفقًا لنص المادة (80/7) من نظام العمل وما صدر من عدد من الأحكام القضائية بشأن فسخ عقد العامل بسبب الغياب، يجب الانتباه قبل إصدار قرار فصل العامل إلى ما يلي: 1.أن يتم الفصل بعد تجاوز العامل الحدَّ النظامي للغياب، وهو: •أكثر من (30) يومًا في السنة العقدية الواحدة للغياب المتقطع، أي في اليوم (31). •وأكثر من (15) يومًا متتالية للغياب المتصل، أي في اليوم (16). 2.عدم احتساب أيام العطل الرسمية أو الراحة الأسبوعية ضمن مدة الغياب، ما لم يكن العامل مكلَّفًا بالعمل خلالها. 3.مراعاة صحة توقيت الإنذار الم",""""""
2026-05-12T17:57:38,2963,لا يحقق معيار منشور قانوني نصي مستقل وعالي الثقة,6,مجلسالوزراء: الموافقة على قواعد وإجراءات عمل لجان الفصل في المنازعات والمخالفات التأمينية. واس,مجلسالوزراء: الموافقة على قواعد وإجراءات عمل لجان الفصل في المنازعات والمخالفات التأمينية
2026-05-13T13:37:23,2966,لا يحقق معيار منشور قانوني نصي مستقل وعالي الثقة,1,أهم ملامح اللائحة التنفيذية لرسوم العقارات الشاغرة (اللي اعتمدتها وزارة البلديات والإسكان اليوم 13 مايو 2026): الغرض الرئيسي: تحفيز تشغيل العقارات الشاغرة، رفع كفاءة استغلال الأصول العقارية، تعزيز التوازن في السوق العقاري، وزيادة المعروض السكني والتجاري. الرسم السنوي: • رسم سنوي لا يتجاوز 5% من قيمة أجرة المثل (القيمة الإيجارية السوقية المقدرة للمبنى). • تقدرها لجنة فنية في الوزارة حسب الموقع والنوع والاستعمال والمتوسطات السوقية. معيار الشغور (متى يُفرض الرسم؟): • المبنى شاغر لمدة 6 أشهر (متصلة ,أهم ملامح اللائحة التنفيذية لرسوم العقارات الشاغرة (اللي اعتمدتها وزارة البلديات والإسكان اليوم 13 مايو 2026)
2026-05-13T22:59:51,2969,لا يحقق معيار منشور قانوني نصي مستقل وعالي الثقة,3,رسومالعقاراتالشاغرة,رسومالعقاراتالشاغرة
2026-05-13T23:02:00,2970,لا يحقق معيار منشور قانوني نصي مستقل وعالي الثقة,-1,ملخص: لائحة رسوم العقارات الشاغرة 1️⃣ فرض رسوم على العقارات الشاغرة داخل النطاق العمراني إذا أثر شغورها على المعروض والأسعار 2️⃣ يعتبر العقار شاغرا إذا لم يستغل لمدة 6 أشهر خلال السنة المرجعية 3️⃣ يحدد الوزير المدن والنطاقات والعقارات المشمولة بالرسم 4️⃣ الحد الأعلى للرسم 5٪ من قيمة العقار 5️⃣ يشترط أن يكون العقار قابلا للإشغال وداخل نطاق التطبيق 6️⃣ يلتزم المالك بالإفصاح عن بيانات العقار وتحديثها 7️⃣ تتولى لجنة فنية تقييم العقار وتقدير أجرة المثل 8️⃣ يتوقف الرسم عند إشغال العقار أو بيعه أو وجود,ملخص
2026-06-05T18:34:52,2990,لا يحقق معيار منشور قانوني نصي مستقل وعالي الثقة,14,قرار جديد.. (5) سنوات لسماع دعاوى التعويض .. ما أثره على ملاك المنازل والعقارات نشرت اليوم صحيفة أم القرى قرار مجلس الوزراء بالموافقة على قواعد وإجراءات عمل لجان الفصل في المنازعات والمخالفات التأمينية، ومن أبرز ما تضمنته القواعد الجديدة تحديد مدة سماع الدعاوى التأمينية بخمس سنوات من تاريخ استحقاق المبلغ محل المطالبة. وأبرز ما ورد في قواعد وإجراءات عمل لجان الفصل في المنازعات والمخالفات التأمينية ، ما يلي : ️مدة التقادم (5 سنوات): لا تُسمع دعاوى المنازعات التأمينية بعد مرور خمس سنوات من تاريخ اس,قرار جديد
2026-06-09T22:15:58,2994,لا يحقق معيار منشور قانوني نصي مستقل وعالي الثقة,12,هذا الملف ️ مهم لفهم إجراءات الترافع أمام ديوان المظالم بشكل عملي ومنهجي، من لحظة رفع الدعوى وحتى طرق الاعتراض على الأحكام. يفيدك في: • معرفة خطوات رفع الدعوى وقيدها أمام القضاء الإداري • فهم آلية نظر الدعوى وإصدار الحكم • الإلمام بطرق الاعتراض (الاستئناف، إعادة النظر، العليا) • استيعاب الهيكل الإجرائي الكامل للدعوى الإدارية,هذا الملف ️
2026-06-11T19:27:21,2999,لا يحقق معيار منشور قانوني نصي مستقل وعالي الثقة,9,اعتبارًا من اليوم الخميس 11-06-2026 بدء سريان نظامالرياضة,اعتبارًا من اليوم الخميس 11-06-2026
2026-06-18T13:25:08,3006,لا يحقق معيار منشور قانوني نصي مستقل وعالي الثقة,-2,إذا دفع المدعى عليه بعدم صحة دعوى المدعي لعدم وجود البينة، وطُلب منه أداء يمين النفي فيحلف ولا يردها على المدعي لأن هذا يعتبر كالإقرار بالدعوى. فقد ذكر ابن القيم رحمه الله في الطرق الحكمية ص 124 قوله (أن رد اليمين على المدعي يعتبر كإقرار المدعى عليه بالدعوى) جاء في الفقرة (1) من المادة (97) من نظام الإثبات وأدلته الإجرائية ما نصه (إذا عجز المدعي عن البينة وطلب يمين خصمه حُلِّف، فإن نكل ردت اليمين على المدعي بطلب المدعى عليه، فإذا نكل المدعي عن اليمين المردودة رُدّت دعواه),إذا دفع المدعى عليه بعدم صحة دعوى المدعي لعدم وجود البينة، وطُلب منه أداء يمين النفي فيحلف ولا يردها على المدعي لأن هذا يعتبر كالإقرار بالدعوى
2026-06-22T09:49:26,3008,لا يحقق معيار منشور قانوني نصي مستقل وعالي الثقة,16,"“أنا عندي شهود” جملة تتكرر كثيراً عند بداية النزاعات لكن المفاجأة أن وجود الشهود لا يعني دائماً إمكانية إثبات الحق أمام المحكمة. فنظام الإثبات نص على أن التصرفات التي تزيد قيمتها على (100,000 ريال) أو تكون غير محددة القيمة، الأصل فيها أن تُثبت بالكتابة وليس بالشهادة. يعني لو شخص سلّم آخر مبلغاً كبيراً أو دخل معه في اتفاق مالي مهم، دون توثيق واكتفى بالشهود فقد يجد نفسه أمام صعوبة حقيقية عند المطالبة بحقه. وفي المقابل النظام لم يغلق الباب بالكامل فسمح بالشهادة في بعض الحالات الاستثنائية مثل وجود ق",“أنا عندي شهود”
2026-06-22T10:03:04,3009,لا يحقق معيار منشور قانوني نصي مستقل وعالي الثقة,11,من الاسئلة.. ️انا موظف غير سعودي والشركة ما توفر لي تذاكر سنوية . وتجبرني اطلع اجازة بدون ما تحجزي لي اسافر. هل يحق لهم ذلك ؟ ️نعم يحق لهم والإجراء صحيح . ️حيث ان النظام وضح ان التذاكر تستحق عند الخروج وانتهاء العلاقه فقط . ️وبما يخص الاجازة النظام سمح لصاحب العمل بتنظيم وقتها بشرط يبلغ الموظف قبلها ب30 يوم . ️والاجازة ليست مرتبطه بشرط السفر. (منقول),من الاسئلة
2026-06-23T17:35:19,3012,لا يحقق معيار منشور قانوني نصي مستقل وعالي الثقة,16,أبرز ما ورد في مشروع اللائحة التنفيذية لنظام تملك غير السعوديين للعقار ️التملك ضمن نطاقات جغرافية محددة وتصدر بقرارات مستقلة. ️إجراءات إلكترونية موحدة عبر منصة عقارية. ️استحداث رسم على تصرف غير السعودي بالعقار. ️متطلبات إفصاح والتحقق من المستفيد الحقيقي. ️تنظيم تملك الأفراد والشركات والكيانات الأجنبية. ️تصنيف للمخالفات والعقوبات وآليات الرقابة. من أهم ما جاء في اللائحة التنفيذية لنظام تملك غير السعوديين والنطاقات الجغرافية للتملك أيضاً… - تملك العقارات سيكون ضمن نطاقات جغرافية محددة تصدر بقرارات,أبرز ما ورد في مشروع
2026-07-02T09:40:30,3025,لا يحقق معيار منشور قانوني نصي مستقل وعالي الثقة,14,حذرقانوني مع بدء إتاحة خدمة استعمال اسم المستخدم بدلًا من رقم الجوال في تطبيق واتسأب، يُتوقع حدوث بعض الآثار القانونية التي ينبغي الحذر منها، أبرزها ما يلي: انخفاض حجية مراسلات تطبيق (الواتس أب) في إثبات التعاملات الإلكترونية؛ لاحتمالية إنكار نسبة الحساب إلى مستخدمه، ما لم يكن الحساب موّثقًا بإحدى طرق التوثيق المعتمدة. احتمالية زيادة ممارسات الاحتيال المالي؛ لسهولة الوصول إلى مستخدمي التطبيق من خلال اسم المستخدم. صعوبة المطالبة القانونية في النزاعات غير الجنائية؛ لصعوبة معرفة هوية المرسل الذي يس,حذرقانوني
2026-07-02T09:47:35,3026,لا يحقق معيار منشور قانوني نصي مستقل وعالي الثقة,1,"هل تعلم أن الحق التجاري له ""تاريخ صلاحية""؟ وفقاً للمادة (24) من نظام المحاكم التجارية, فإن عامل الوقت حاسم جداً في القضايا التجارية. فلا تُقبل أي دعوى قضائية أمام المحكمة التجارية بعد مرور 5 سنوات من تاريخ نشوء الحق، إلا في حالتين فقط: 1. إقرار الخصم:أن يعترف المدعى عليه بالحق صراحةً. 2. العذر الشرعي: أن يُقدّم المدعي عذراً مقنعاً تقبله المحكمة لتأخره. دَفْع ""التقادم (مرور الزمن) يُعتبر من الدفوع الجوهرية القوية؛ فبمجرد إثارته أمام القاضي، قد يتسبب في رد الدعوى وعدم سماعها نهائياً، لا تؤجل المطا","هل تعلم أن الحق التجاري له ""تاريخ صلاحية""؟"
2026-07-05T11:47:08,3038,تطابق عنواني منضبط مع مادة قائمة أو مرشحة,15,الأهم في نظام المعاملات المدنية الملف يجمع أهم مواد النظام، ومنها: 1- أبرز المواد التي يكثر النزاع بشأنها. 2- المواد التي حسمت مسائل كان العمل القضائي مختلفًا فيها أو غيّرت ما جرى عليه العمل. 3- المواد التي تميّز بها النظام بموافقته لأحكام الشريعة مقارنة ببعض القوانين الأخرى إعداد: القاضي مصعب بن عبدالرحمن المهنا,الأهم في نظام المعاملات المدنية
2026-07-05T18:57:31,3041,لا يحقق معيار منشور قانوني نصي مستقل وعالي الثقة,4,اعتمدت وزارةالبلدياتوالإسكان دليلًا رقابيًا لمعالجة التقسيم المخالف للوحدات السكنية,اعتمدت وزارةالبلدياتوالإسكان دليلًا رقابيًا لمعالجة التقسيم المخالف للوحدات السكنية
2026-07-07T20:53:15,3046,تطابق عنواني منضبط مع مادة قائمة أو مرشحة,11,أحكام رجوع الكفيل على المدين دراسة تتناول أحكام رجوع الكفيل على المدين في نظام المعاملات المدنية، مع بيان أبرز المسائل المتعلقة بها,أحكام رجوع الكفيل على المدين
2026-07-07T22:20:53,3051,تطابق عنواني منضبط مع مادة قائمة أو مرشحة,8,نظام رسومالأراضيالبيضاء والعقارات الشاغرة,نظام رسومالأراضيالبيضاء والعقارات الشاغرة
2026-07-09T15:14:17,3055,لا يحقق معيار منشور قانوني نصي مستقل وعالي الثقة,8,بفضل الله وتوفيقه.. صدر حكم قطعي من ديوان المظالم بإلغاء الفاتورةالمجمعة الصادرة بحق موكلتنا، بمبلغ وقدره (33 ألف ريال). نسأل الله التوفيق والسداد، وأن يديم على بلادنا نعمة العدل في ظل قيادتنا الرشيدة,بفضل الله وتوفيقه
2026-07-10T18:50:16,3059,لا يحقق معيار منشور قانوني نصي مستقل وعالي الثقة,4,حوكمة الشركات دليل شامل يوضح مفهوم الحوكمة، أهميتها، ومعاييرها، مع خطوات عملية لتطبيقها وتأهيل المنشآت الصغيرة والمتوسطة,حوكمة الشركات
2026-07-13T23:08:02,3068,تطابق عنواني منضبط مع مادة قائمة أو مرشحة,16,ملخص المدد النظامية أمام ديوانالمظالم: • استيفاء النقص: 30 يومًا. • التظلم للجهة: 10 سنوات. • رفع الدعوى بعد القرار: 60 يومًا. • تنفيذ القرار: 60 يومًا. • التظلم قبل الدعوى: 60 يومًا. • سقوط الحق: بعد 10 سنوات من نشوء الحق. (منقول),ملخص المدد النظامية أمام ديوانالمظالم
2026-07-15T11:18:10,3072,لا يحقق معيار منشور قانوني نصي مستقل وعالي الثقة,5,اعتمدت وزارةالبلدياتوالإسكان ضوابط تمديد العقود الاستثمارية,اعتمدت وزارةالبلدياتوالإسكان ضوابط تمديد العقود الاستثمارية
2026-07-19T10:15:44,3079,لا يحقق معيار منشور قانوني نصي مستقل وعالي الثقة,-10,ابتداءً من 18 يوليو 2026 لا يكفي رخصة موثوق فقط للإعلان عن المشاريع العقارية ولابد أن يكون لدى المشهور رخصة فال,ابتداءً من 18 يوليو 2026
2026-07-24T15:07:45,3099,لا يحقق معيار منشور قانوني نصي مستقل وعالي الثقة,1,هبة العقار لأفراد عائلتك.. طريقة تقديمها إذا كانت وثيقة عقارك صادرة من السجل العقاري، فقد أصبح بإمكانك نقل ملكية العقار إلكترونيًا بطريق الهبة، سواء لكامل العقار أو لجزء منه، لفرد واحد أو لعدة أفراد، بحسب النسبة التي تحددها لكل فرد. لكن كثير من الملاك يظن أن الهبة نوع واحد، بينما قد تكون: ◽️ هبة مطلقة: تنتقل فيها ملكية العقار أو جزءٍ منه دون مقابل، ومن غير شرط أو قيد. ◽️ هبة مقيدة أو مشروطة: تقيد بشروط مشروعة تحقق الغرض المقصود، كاشتراط حق السكنى أو حق الانتفاع للوالدين أو لأحد أفراد العائلة مدة,هبة العقار لأفراد عائلتك
2026-07-25T17:58:39,3113,لا يحقق معيار منشور قانوني نصي مستقل وعالي الثقة,11,ملف مختصر يشرح الاختصاص النوعي للمحاكم بطريقة مبسطة جدًا، مكوَّن من 11 صفحة إعداد/ القاضي هشام ال سميح قاضٍ بالمحكمة العامة,ملف مختصر يشرح الاختصاص النوعي للمحاكم بطريقة مبسطة جدًا، مكوَّن من 11 صفحة
2026-07-26T18:42:45,3115,لا يحقق معيار منشور قانوني نصي مستقل وعالي الثقة,-1,إذا احتج عليك بورقة عادية -غير رسمية- فلا تناقشها إذا أردت انكارها وإلا سقط حقك. المادة 29/2 من نظام الاثبات: (من احتج عليه بمحرَّر عادي وناقش موضوعه أمام المحكمة فلا يقبل منه أن ينكر بعد ذلك صحته، أو أن يتمسك بعدم علمه بأنه صدر ممن تلقى عنه الحق) المادة 39/1 من الأدلة الإجرائية لنظام الاثبات: (لا يقبل إنكار المحرر العادي أو الادعاء بتزويره بعد مناقشة موضوعه) المادة 39/2 من الأدلة الإجرائية لنظام الاثبات: (يعد مناقشةً لموضوع المحرر: أي دفع شكلي أو موضوعي بشأن المحرر),إذا احتج عليك بورقة عادية -غير رسمية- فلا تناقشها إذا أردت انكارها وإلا سقط حقك
2026-07-27T21:43:24,3117,لا يحقق معيار منشور قانوني نصي مستقل وعالي الثقة,-9,المتحدث الرسمي لـ هيئةالعقار يُطمئن الوسطاء الحاليين: التحديثات والتطويرات القادمة لا تستهدفكم ولا تشملكم، ولا تتطلب منكم أي دورات جديدة حتى بعد انتهاء رخصكم بعد 1 سبتمبر المقبل. والتطويرات الجديدة مخصصة فقط للوسطاء الجدد المنضمين للسوق اعتباراً من 1 سبتمبر 2026م,المتحدث الرسمي لـ هيئةالعقار
2026-07-28T23:00:19,3121,لا يحقق معيار منشور قانوني نصي مستقل وعالي الثقة,12,( إبطال سندلأمر ) يجب عند استحقاق سند الأمر أن يكون ثابتاً واجب الأداء أما إذا حرر لضمان استحقاق محتمل ( وهذا الأكثر ) فلا يعتبر سندا تنفيذياً وبإمكان المنفذ ضده تقديم دعوى أمام محكمة الموضوع لإبطاله,( إبطال سندلأمر )
2026-07-30T13:45:20,3125,لا يحقق معيار منشور قانوني نصي مستقل وعالي الثقة,16,تأصيل مبدأ براءة الذمة وحكم الأموال المضبوطة القاعدة العامة: «الأموال التي يتم ضبطها بحوزة المتهم في القضاياالجنائية إذا لم تقم بينة على أنها ناتجة عن نشاط في الممنوعات مما يخالف الشرع أو النظام، فتبقى على الأصل وهو البراءة من التهمة.» ️ من استقرارات المبادئ والقرارات القضائية: قرار الهيئة القضائية العليا رقم (٢٥٤) وتاريخ ١٣٩١/١/١٣هـ: «الأصل براءة الذمة حتى يثبت ما يوجب الإدانة.» قرار مجلس القضاء الأعلى بهيئته الدائمة رقم (٤/٢٣٠) وتاريخ ١٤١٧/٣/٢٦هـ: «الأصل البراءة حتى يثبت ما يزيلها.» قرار المحك,تأصيل مبدأ براءة الذمة وحكم الأموال المضبوطة
2026-08-01T14:59:27,3130,لا يحقق معيار منشور قانوني نصي مستقل وعالي الثقة,1,هل تُقبل الأدلة الجديدة أمام محكمةالاستئناف ؟ القاعدة القانونية تقسم القضايا إلى نوعين: 1. قضايا يُسمح فيها بتقديم أدلة جديدة مطلقًا: (حتى لو لم تُقدم سابقًا أمام محكمة الدرجة الأولى) القضايا الجزائية (العامة والخاصة) المادة (197/2 الإجراءات الجزائية) القضايا التجارية ، المادة (82 المحاكم التجارية) القضايا الإدارية ، المادة (37 المرافعات ديوانالمظالم ) 2. قضايا يُمنع فيها تقديم أدلة جديدة كأصل عام: (مثل: قضايا الأحوالالشخصية ، العمالية ، المحكمةالعامة ) المبدأ: لا يُقبل أي دليل جديد إذا كان بمقد,هل تُقبل الأدلة الجديدة أمام محكمةالاستئناف ؟
2026-08-08T01:43:00,3144,لا يحقق معيار منشور قانوني نصي مستقل وعالي الثقة,5,التعليقات في (قوقل ماب) لا تُعد جريمة إذ إن المنصة خُصصت لإتاحة تقييم الخدمات والمنتجات ومشاركة الآراء والانطباعات بشأنها. ما دام ذلك يتم دون إساءة دون إثارة للرأي العام دون تعدٍّ على الأشخاص,التعليقات في (قوقل ماب) لا تُعد جريمة
2026-08-08T12:32:30,3149,لا يحقق معيار منشور قانوني نصي مستقل وعالي الثقة,3,السندلأمر لا يكون الا مقابل دين قائم وليس لضمان محتمل,السندلأمر لا يكون الا مقابل دين قائم وليس لضمان محتمل
