author,category,date,download_links_count,file_size,file_type,id,integration_note,investigator,is_featured,link_direct,link_drive,link_telegram,material_type,message_id,pages_count,publisher,score,source,source_message_id,text_preview,title,year
,المحاماة والمرافعات,2022-05-20T13:58:53,1,,رابط,azizlawyer_post_85,منشور قانوني نصي عام؛ عنوانه مقتبس من أول سطر في المصدر دون تنزيل مرفقات.,,False,,,https://t.me/azizlawyer/85,بحث,85,,قناة ثقافة قانونية — المحامي عبدالعزيز المطوع (@azizlawyer),16,المحامي عبدالعزيز المطوع,85,الأخطار التجاري بناء على ماورد في نظام المحاكم التجارية المادة التاسعة عشرة بما نصه: (يجب في الدعاوى التي تحددها اللائحة أن يخطر المدعي المدعى عليه كتابة بأداء الحقالمدعى به قبل خمسة عشر يوماً على الأقل من إقامة الدعوى),الأخطار التجاري,2022
,المحاماة والمرافعات,2022-05-24T19:02:34,1,,رابط,azizlawyer_post_594,منشور قانوني نصي عام؛ عنوانه مقتبس من أول سطر في المصدر دون تنزيل مرفقات.,,False,,,https://t.me/azizlawyer/594,بحث,594,,قناة ثقافة قانونية — المحامي عبدالعزيز المطوع (@azizlawyer),16,المحامي عبدالعزيز المطوع,594,المادة السادسة والتسعون: من اللائحة التنفيذية لنظام الاجراءات الجزائية ١- إذا رغب المتهم في الجرائم الكبيرة ندبَ محامٍ للدفاع عنه على نفقة الدولة – استناداً إلى المادة (التاسعة والثلاثين بعد المائة) من النظام – فيُقدِّم لإدارة المحكمة المرفوعة أمامها الدعوى طلباً كتابياً بذلك، يشتمل على اسمه كاملاً ورقم هويته ورقم قيد الدعوى المقامة ضده، وتاريخه، ونوع التهمة المسندة إليه، ويفصح في الطلب عن مصادر دخله ومقداره، ويُصَرِّح فيه بعدم قدرته المالية على الاستعانة بمحامٍ، وأنه إن ثبتت قدرته المالية فللدو,المادة السادسة والتسعون: من اللائحة التنفيذية لنظام الاجراءات الجزائية,2022
,القضاء والإثبات,2022-08-12T00:24:26,1,,رابط,azizlawyer_post_976,منشور قانوني نصي عام؛ عنوانه مقتبس من أول سطر في المصدر دون تنزيل مرفقات.,,False,,,https://t.me/azizlawyer/976,بحث,976,,قناة ثقافة قانونية — المحامي عبدالعزيز المطوع (@azizlawyer),16,المحامي عبدالعزيز المطوع,976,ما الفرق بين التكييف القانوني و التسبيب في الأحكام القضائية ؟ التكييف القانوني : إعطاء الوصف القانوني الصحيح للواقعة حتى يمكن تطبيق النص القانوني أو القاعدة القانونية عليها اما التسبيب في الأحكام القضائية فهو : بيان للأدلة والحجج القانونية التي أستند عليها القاضي في حكمة,ما الفرق بين التكييف القانوني و التسبيب في الأحكام القضائية ؟,2022
,القضاء والإثبات,2022-08-29T20:04:54,1,,رابط,azizlawyer_post_1066,منشور قانوني نصي عام؛ عنوانه مقتبس من أول سطر في المصدر دون تنزيل مرفقات.,,False,,,https://t.me/azizlawyer/1066,بحث,1066,,قناة ثقافة قانونية — المحامي عبدالعزيز المطوع (@azizlawyer),16,المحامي عبدالعزيز المطوع,1066,نظام المحاكم التجارية ولائحته التنفيذية من إعداد فضيلة الشيخ معاذ الزيدان القاضي بالمحكمة التجارية بالدمام,نظام المحاكم التجارية ولائحته التنفيذية من إعداد فضيلة الشيخ معاذ الزيدان القاضي بالمحكمة التجارية بالدمام,2022
,الأحوال الشخصية والتركات,2022-12-13T20:04:32,1,,رابط,azizlawyer_post_1259,منشور قانوني نصي عام؛ عنوانه مقتبس من أول سطر في المصدر دون تنزيل مرفقات.,,False,,,https://t.me/azizlawyer/1259,بحث,1259,,قناة ثقافة قانونية — المحامي عبدالعزيز المطوع (@azizlawyer),16,المحامي عبدالعزيز المطوع,1259,لا يجوز الحجز والتنفيذ على ما يأتي: 1- الأموال المملوكة للدولة 2- الدار التي يسكنها المدين ومن يعولهم شرعًا، ويقدر قاضي التنفيذ مقدار كفايته، ما لم يكن السكن مرهونًا للدائن 3- وسيلة نقل المدين ومن يعولهم شرعًا، ويقدر قاضي التنفيذ مقدار كفايته، ما لم تكن الوسيلة مرهونة للدائن 4- الأجور والرواتب إلا فيما يأتي : أ - مقدار النصف من إجمالي الأجر، أو الراتب لدين النفقة . ب - مقدار الثلث من إجمالي الأجر، أو الراتب للديون الأخرى . وعند التزاحم، يخصص نصف إجمالي الأجر، أو الراتب لدين النفقة، وثلث النصف ال,لا يجوز الحجز والتنفيذ على ما يأتي,2022
,القضاء والإثبات,2023-01-16T17:33:21,1,,رابط,azizlawyer_post_1347,منشور قانوني نصي عام؛ عنوانه مقتبس من أول سطر في المصدر دون تنزيل مرفقات.,,False,,,https://t.me/azizlawyer/1347,بحث,1347,,قناة ثقافة قانونية — المحامي عبدالعزيز المطوع (@azizlawyer),16,المحامي عبدالعزيز المطوع,1347,الأصل في الاعتراض أمام المحكمة العليا الآتي: لا يترتب على الاعتراض أمام المحكمة العُليا وقف تنفيذ الحكم. الاستثناء: يجوز للمحكمة أن تأمر بوقف تنفيذه إذا طُلب ذلك في صحيفة الاعتراض، وقدرت أن تنفيذه يرتب آثاراً يتعذر تداركها. - نظام المحاكم التجارية م89,الأصل في الاعتراض أمام المحكمة العليا الآتي,2023
,القضاء والإثبات,2023-01-16T20:31:47,1,,رابط,azizlawyer_post_1349,منشور قانوني نصي عام؛ عنوانه مقتبس من أول سطر في المصدر دون تنزيل مرفقات.,,False,,,https://t.me/azizlawyer/1349,بحث,1349,,قناة ثقافة قانونية — المحامي عبدالعزيز المطوع (@azizlawyer),16,المحامي عبدالعزيز المطوع,1349,"المطالبة بـإخلاء العقار قبل انقضاء مدة العقد الموحد، لعدم سداد المستأجر الأجرة ""مثلًا""، أو لإخلاله بأحد بنود العقد تكون من اختصاص المحكمة العامة ، أما إذا كان بعد انتهاء مدة العقد الموحّد فالاختصاص ينعقد لمحكمة التنفيذ","المطالبة بـإخلاء العقار قبل انقضاء مدة العقد الموحد، لعدم سداد المستأجر الأجرة ""مثلًا""، أو لإخلاله بأحد بنود العقد تكون من اختصاص المحكمة العامة ، أما إذا كان بعد انتهاء",2023
,الأنظمة والتشريعات,2023-01-20T00:24:59,1,,رابط,azizlawyer_post_1355,منشور قانوني نصي عام؛ عنوانه مقتبس من أول سطر في المصدر دون تنزيل مرفقات.,,False,,,https://t.me/azizlawyer/1355,بحث,1355,,قناة ثقافة قانونية — المحامي عبدالعزيز المطوع (@azizlawyer),16,المحامي عبدالعزيز المطوع,1355,(الشركاء في العقار) إذا كان النزاع بين الشركات أو الشركاء في عقارات غير محددة فتختص المحكمة التجارية بنظرها. واذا كان النزاع بين الافراد أو الشركات أو بين الشركاء بالملكية أوالأجرة أو ضرر من العقار أو الاخلاء،أو نزاع بعقار محدد فتختص المحكمة العامة بنظرها. نظامالشركاتالجديد د. بدر الشويعر,(الشركاء في العقار),2023
,المحاماة والمرافعات,2023-01-25T20:51:38,1,,رابط,azizlawyer_post_1370,منشور قانوني نصي عام؛ عنوانه مقتبس من أول سطر في المصدر دون تنزيل مرفقات.,,False,,,https://t.me/azizlawyer/1370,بحث,1370,,قناة ثقافة قانونية — المحامي عبدالعزيز المطوع (@azizlawyer),16,المحامي عبدالعزيز المطوع,1370,للدعاوى القضائية غير محددة القيمة: - الجزائية بالحق الخاص 10000 ريال - التجارية 5000 ريال - المستعجلة 3000 ريال - المحاكم العامة 3000 ريال - منازعات التنفيذ 3000 ريال - العمالية 2000 ريال المادة 3 من نظام التكاليف القضائية,للدعاوى القضائية غير محددة القيمة,2023
,المحاماة والمرافعات,2023-02-22T01:41:37,1,,رابط,azizlawyer_post_1434,منشور قانوني نصي عام؛ عنوانه مقتبس من أول سطر في المصدر دون تنزيل مرفقات.,,False,,,https://t.me/azizlawyer/1434,بحث,1434,,قناة ثقافة قانونية — المحامي عبدالعزيز المطوع (@azizlawyer),16,المحامي عبدالعزيز المطوع,1434,هل يعتبر الاقرار بالنيابة العامة إقرارا قضائياً ويعتد به في المحكمة ؟! الجواب: لا يعتبر الاقرار بالنيابة العامة إقرار قضائياً لمخالفته لنص المادة 108 من نظام المرافعات الشرعية. ولكن يعتبر ضمن الأدلة والقرائن ويتأكد القاضي من صحته وخصوصا إذا انكره المتهم ودلت القرائن على نفيه,هل يعتبر الاقرار بالنيابة العامة إقرارا قضائياً ويعتد به في المحكمة ؟!,2023
,المحاماة والمرافعات,2023-02-24T22:59:44,1,,رابط,azizlawyer_post_1436,منشور قانوني نصي عام؛ عنوانه مقتبس من أول سطر في المصدر دون تنزيل مرفقات.,,False,,,https://t.me/azizlawyer/1436,بحث,1436,,قناة ثقافة قانونية — المحامي عبدالعزيز المطوع (@azizlawyer),16,المحامي عبدالعزيز المطوع,1436,هل استطيع الحصول على الحضانة بدون رفع دعوى في المحكمة ؟! الجواب باختصار: نعم تستطيعين ذلك عن طريق التقدم بطلب توثيقحضانة وليس دعوى حضانة ، ويتم ارسال رابط للشاهدين للمصادقة دون الحاجة لحضورهم للمحكمة المهم عدم وجود نزاع قضائي بين الوالدين في المحكمة على طلب الحضانة موسى الهيجان,هل استطيع الحصول على الحضانة بدون رفع دعوى في المحكمة ؟!,2023
,التحكيم والوساطة,2023-02-26T13:58:44,1,,رابط,azizlawyer_post_1437,منشور قانوني نصي عام؛ عنوانه مقتبس من أول سطر في المصدر دون تنزيل مرفقات.,,False,,,https://t.me/azizlawyer/1437,بحث,1437,,قناة ثقافة قانونية — المحامي عبدالعزيز المطوع (@azizlawyer),16,المحامي عبدالعزيز المطوع,1437,عند إقامة دعوى منازعة بين الشركاء في شركة المضاربة: 1- يجب اللجوء إلى المصالحة والوساطة قبل رفع الدعوى. 2- ترفع الدعوى من محام. 3- إذا زاد مبلغ المطالبة عن مليوني ريال، يجب أن يترافع بالدعوى محام. استناداً للمواد (51)و(53)و(58) من اللائحة التنفيذية على نظام المحاكم التجارية,عند إقامة دعوى منازعة بين الشركاء في شركة المضاربة,2023
,القضاء والإثبات,2023-03-13T01:54:37,1,,رابط,azizlawyer_post_1454,منشور قانوني نصي عام؛ عنوانه مقتبس من أول سطر في المصدر دون تنزيل مرفقات.,,False,,,https://t.me/azizlawyer/1454,بحث,1454,,قناة ثقافة قانونية — المحامي عبدالعزيز المطوع (@azizlawyer),16,المحامي عبدالعزيز المطوع,1454,أبرز الأحكام التي حوتها ضوابطايقافالخدمات الصادرة بموجب قرار مجلسالوزاراء رقم (563) وتاريخ 15-08-1444هـ: زمن النفاذ. - طلبات إيقافالخدمات الحكومية القائمة حاليًا: ينفذ عليها القرار من تاريخ القرار (15-08-1444هـ) وخلال مدة لا تتجاوز (180) يومًا. - طلبات إيقاف الخدمات الحكومية الجديدة: ينفذ عليها القرار بعد مرور (180) يومًا من تاريخ نشره في الجريدة الرسمية (أم القرى) -لم يُنشر حتى حينه-. هدف الضوابط. حوكمة عمل إجراءات إيقاف الخدمات الحكومية بما يحقق الغاية منها، وبما يضمن امتثالها لأساس قانوني سلي,أبرز الأحكام التي حوتها ضوابطايقافالخدمات الصادرة بموجب قرار مجلسالوزاراء رقم (563) وتاريخ 15-08-1444هـ,2023
,الأنظمة والتشريعات,2023-03-15T00:06:55,1,,رابط,azizlawyer_post_1459,منشور قانوني نصي عام؛ عنوانه مقتبس من أول سطر في المصدر دون تنزيل مرفقات.,,False,,,https://t.me/azizlawyer/1459,بحث,1459,,قناة ثقافة قانونية — المحامي عبدالعزيز المطوع (@azizlawyer),16,المحامي عبدالعزيز المطوع,1459,الجزاءات التأديبية التي يجوز لصاحب العمل توقيعها على العامل: 1 - الإنذار. 2 - الغرامة. 3 - الحرمان من العلاوة أو تأجيلها لمدة لا تزيد على سنة متى كانت مقررة من صاحب العمل. 4 - تأجيل الترقية مدة لا تزيد على سنة متى كانت مقررة من صاحب العمل. 5 - الإيقاف عن العمل مع الحرمان من الأجر. 6- الفصل من العمل في الحالات المقررة في النظام. م66 من نظام العمل,الجزاءات التأديبية التي يجوز لصاحب العمل توقيعها على العامل,2023
,المحاماة والمرافعات,2023-04-10T00:58:45,1,,رابط,azizlawyer_post_1512,منشور قانوني نصي عام؛ عنوانه مقتبس من أول سطر في المصدر دون تنزيل مرفقات.,,False,,,https://t.me/azizlawyer/1512,بحث,1512,,قناة ثقافة قانونية — المحامي عبدالعزيز المطوع (@azizlawyer),16,المحامي عبدالعزيز المطوع,1512,"""العجز عن إثبات الدعوى لا يلزم منه كذب المدعي أو كيدية الدعوى وليس مجرد العجز عن إثبات الدعوى موجبًا للتعزير ما لم تثبت الكيدية فيه"". ٓ - قرار المحكمة العليا رقم [٢/٢/٤] وتاريخ ١٤٣١/٠١/٠٦هـ","""العجز عن إثبات الدعوى لا يلزم منه كذب المدعي أو كيدية الدعوى وليس مجرد العجز عن إثبات الدعوى موجبًا للتعزير ما لم تثبت الكيدية فيه""",2023
,المحاماة والمرافعات,2023-05-24T17:39:35,1,,رابط,azizlawyer_post_1563,منشور قانوني نصي عام؛ عنوانه مقتبس من أول سطر في المصدر دون تنزيل مرفقات.,,False,,,https://t.me/azizlawyer/1563,بحث,1563,,قناة ثقافة قانونية — المحامي عبدالعزيز المطوع (@azizlawyer),16,المحامي عبدالعزيز المطوع,1563,️هل يحق للمتهم التزامالصمت الى حين حضور وتوكيل المحامي الخاص به ؟! الجواب باختصار : اولاً : لا يجوز عزل المتهم عن محاميه خلال جلسات التحقيق والمحاكمة .. وهو نص المادة 70 ( ليس للمحقق - أثناء التحقيق - أن يعزل المتهم عن وكيله أو محاميه الحاضر معه ) ثانيا : الحق في التزام الصمت: جاء في الفقرة 4 من اللائحة 72 من نظام الاجراءات الجزائية ( اذا امتنع المتهم عن الإجابة او امتنع عن التوقيع أثبت المحقق امتناعه في المحضر في المحضر مع ذكر أسباب الامتناع ) ثالثا : الحق في التزام الصمت : لا يعني عدم الادانة ,️هل يحق للمتهم التزامالصمت الى حين حضور وتوكيل المحامي الخاص به ؟!,2023
,المحاماة والمرافعات,2023-05-24T23:08:59,1,,رابط,azizlawyer_post_1565,منشور قانوني نصي عام؛ عنوانه مقتبس من أول سطر في المصدر دون تنزيل مرفقات.,,False,,,https://t.me/azizlawyer/1565,بحث,1565,,قناة ثقافة قانونية — المحامي عبدالعزيز المطوع (@azizlawyer),16,المحامي عبدالعزيز المطوع,1565,"تكييف عقود المحاماة: ""عقد المحاماة عقد إجارة وليس عقد جعالة"" تقرير محكمةالتمييز ٧٤٣/ ق٣/ ب بتاريخ ٢٤/ ١١/ ١٤٣١هـ وعقود الاجارة من العقود اللازمة التي لا يملك أحد الطرفين فسخها و المحامي هنا يستحق كامل أجرته المنصوص عليها في العقد اذا قام الموكل وبدون سبب مشروع بفسخ الوكالة مكتب د.صالح الضلعان",تكييف عقود المحاماة,2023
,التحكيم والوساطة,2023-05-27T13:41:04,1,,رابط,azizlawyer_post_1568,منشور قانوني نصي عام؛ عنوانه مقتبس من أول سطر في المصدر دون تنزيل مرفقات.,,False,,,https://t.me/azizlawyer/1568,بحث,1568,,قناة ثقافة قانونية — المحامي عبدالعزيز المطوع (@azizlawyer),16,المحامي عبدالعزيز المطوع,1568,المحكم ليس محامي لأي طرف. المحكم قاضي خاص يدين الله بحكمه يختاره الأطراف للنظر في النزاع. مايدفع للمحكم ليس مقابل التحيز وإنما مقابل التفرغ و الجهد. القاضي يتلقى أجره من الحكومة. المحكم في التحكيم يتلقى أجره من الأطراف. القاعدة/ اذا اخترت المحكم لاتتوقع أن تختار الحكم. فيصل المشوح,المحكم ليس محامي لأي طرف,2023
,التحكيم والوساطة,2023-08-01T22:57:10,1,,رابط,azizlawyer_post_1647,منشور قانوني نصي عام؛ عنوانه مقتبس من أول سطر في المصدر دون تنزيل مرفقات.,,False,,,https://t.me/azizlawyer/1647,بحث,1647,,قناة ثقافة قانونية — المحامي عبدالعزيز المطوع (@azizlawyer),16,المحامي عبدالعزيز المطوع,1647,صدر تعميم الوزارة رقم (١٣/ت/٩٠٨٩] وتاريخ ١٣/ ٠١/ ١٤٤٥هـ لقرار معالي وزير العدل رقم (٥١٢) وتاريخ ٠٥/ ٠١/ ١٤٤٥هـ المتضمن الموافقة على(اللائحة التنفيذية لطرق الاعتراض على الأحكام) وجاءت في [٦٢ مادة]: ومن ملامح اللائحة: [أحكام عامة]: ١-المراد بالاعتراض: طلب الاستئناف -مرافعةً أو تدقيقاً- أو النقض أو التماس إعادة للنظر [م١] ٢-توسيع حالات جواز الاعتراض على الحكم الصادر في الدعاوى اليسيرة، ومن ذلك: عدم جواز نظر الدعوى لوجود شرط التحكيم، عدم قبول الدعوى لعدم تحريرها، عدم قبول الالتماس شكلاً، اعتبار الدع,صدر تعميم الوزارة رقم (١٣/ت/٩٠٨٩] وتاريخ ١٣/ ٠١/ ١٤٤٥هـ لقرار معالي وزير العدل رقم (٥١٢) وتاريخ ٠٥/ ٠١/ ١٤٤٥هـ المتضمن الموافقة على(اللائحة التنفيذية لطرق الاعتراض على ال,2023
,الأحوال الشخصية والتركات,2023-10-03T15:39:55,1,,رابط,azizlawyer_post_1715,منشور قانوني نصي عام؛ عنوانه مقتبس من أول سطر في المصدر دون تنزيل مرفقات.,,False,,,https://t.me/azizlawyer/1715,بحث,1715,,قناة ثقافة قانونية — المحامي عبدالعزيز المطوع (@azizlawyer),16,المحامي عبدالعزيز المطوع,1715,يحق للعامل أن يترك العمل دون إشعار مع احتفاظه بحقوقه النظامية كلها، وذلك في أي من الحالات الآتية: 1 - إذا لم يقم صاحب العمل بالوفاء بالتزاماته العقدية أو النظامية الجوهرية إزاء العامل. 2 - إذا ثبت أن صاحب العمل أو من يمثله قد أدخل عليه الغش وقت التعاقد فيما يتعلق بشروط العمل وظروفه. 3 - إذا كلفه صاحب العمل دون رضاه بعمل يختلف جوهريًّا عن العمل المتفق عليه، وخلافًا لما تقرره المادة الستون من هذا النظام. 4 - إذا وقع من صاحب العمل أو من أحد أفراد أسرته أو من المدير المسؤول اعتداء يتسم بالعنف، أو سل,يحق للعامل أن يترك العمل دون إشعار مع احتفاظه بحقوقه النظامية كلها، وذلك في أي من الحالات الآتية,2023
,التحكيم والوساطة,2023-10-30T21:30:57,1,,رابط,azizlawyer_post_1751,منشور قانوني نصي عام؛ عنوانه مقتبس من أول سطر في المصدر دون تنزيل مرفقات.,,False,,,https://t.me/azizlawyer/1751,بحث,1751,,قناة ثقافة قانونية — المحامي عبدالعزيز المطوع (@azizlawyer),16,المحامي عبدالعزيز المطوع,1751,متى يستحق الوسيط العقاري للعمولة؟ نصت الماده ١٥ من نظام الوساطة العقارية بأن الوسيط العقاري يستحق العمولة في الحالات الآتية: أولاً : في حال إتمام الصفقة العقارية التي توسط بها وفقاً لعقد الوساطه أو خلال مدة لا تتجاوز ( شهرين ) من انتهاء العقد على أن يثبت وساطته في هذه الحالة ثانياً : عدم إتمام الصفقة العقارية، واستحقاق البائع أو المؤجر للعربون، وحددت اللائحة النسبة (25%) من قيمة العربون، ما لم يتفق الطرفان على غير ذلك في عقد الوساطة العقارية (منقول),متى يستحق الوسيط العقاري للعمولة؟,2023
,الأحوال الشخصية والتركات,2023-11-25T16:54:06,1,,رابط,azizlawyer_post_1794,منشور قانوني نصي عام؛ عنوانه مقتبس من أول سطر في المصدر دون تنزيل مرفقات.,,False,,,https://t.me/azizlawyer/1794,بحث,1794,,قناة ثقافة قانونية — المحامي عبدالعزيز المطوع (@azizlawyer),16,المحامي عبدالعزيز المطوع,1794,وقع لأخي حادث مروري تسبب بوفاته فهل نتقدم على من تسبب بالحادث أم على شركة التأمين لإلزامها بدفع الدية ؟! الجواب باختصار: • يجوز لك أن تتقدم مباشرة على من تسبب بالحادث لدى المحكمة العامة وبعد صدور الحكم يكون الالتزام على المتسبب . • الخيار الثاني : يجوز لك مادمت تملك وثيقة تأمين شاملة بالتقدم مباشرة إلى لجنة الفصل في المنازعات والمخالفات التأمينية . • وسيتم إلزام شركة التأمين بدفع مبلغ دية القتل الخطأ وقدرها 300 ألف ريال . • وذلك بموجب المادة ( 8/ 15 ) من اللائحة التنفيذية لنظام المرور ، وكذلك ال,وقع لأخي حادث مروري تسبب بوفاته فهل نتقدم على من تسبب بالحادث أم على شركة التأمين لإلزامها بدفع الدية ؟!,2023
,المحاماة والمرافعات,2024-01-01T00:04:08,1,,رابط,azizlawyer_post_1834,منشور قانوني نصي عام؛ عنوانه مقتبس من أول سطر في المصدر دون تنزيل مرفقات.,,False,,,https://t.me/azizlawyer/1834,بحث,1834,,قناة ثقافة قانونية — المحامي عبدالعزيز المطوع (@azizlawyer),16,المحامي عبدالعزيز المطوع,1834,هل يُعمل بـ نظامالإثبات و بـ اللائحةالتنفيذيةلطرقالاعتراضعلىالأحكام، -التي حلت محل الباب (الحادي عشر) من نظامالمرافعاتالشرعية، واللائحة التنفيذية لإجراءات الاستئناف- على القضاياالجزائية⁉️ الإجابة🏼 - هناك شرطان للأخذ بأحكام نظامالمرافعاتالشرعية و نظام الإثبات في القضايا الجزائية وفقًا للفقرة (١) من المادة (٢١٨) من نظامالاجراءاتالجزائية بعد تعديلها بـموجب المرسومالملكي رقم (م/١٨)، وتاريخ ١٤٤٢/١/١٥هـ:- ١- عدم وجود حكم يحكم المسألة في نظام الإجراءات الجزائية. ٢- + ألا يتعارض (هذا الحكم الذي سيؤخذ من,هل يُعمل بـ نظامالإثبات و بـ اللائحةالتنفيذيةلطرقالاعتراضعلىالأحكام، -التي حلت محل الباب (الحادي عشر) من نظامالمرافعاتالشرعية، واللائحة التنفيذية لإجراءات الاستئناف- على,2024
,المحاماة والمرافعات,2024-01-04T00:37:02,1,,رابط,azizlawyer_post_1839,منشور قانوني نصي عام؛ عنوانه مقتبس من أول سطر في المصدر دون تنزيل مرفقات.,,False,,,https://t.me/azizlawyer/1839,بحث,1839,,قناة ثقافة قانونية — المحامي عبدالعزيز المطوع (@azizlawyer),16,المحامي عبدالعزيز المطوع,1839,"نصت المادة ٢٣٤ من نظام العمل على: ""لا تقبل (أمام المحاكم العمالية) أي دعوى تتعلق بالمطالبة بحق من الحقوق المنصوص عليها في هذا النظام أو الناشئة عن عقد العمل بعد مضي اثني عشر شهرًا من تاريخ انتهاء علاقة العمل، ما لم يقدم المدعي عذرًا تقبله المحكمة …""",نصت المادة ٢٣٤ من نظام العمل على,2024
,المحاماة والمرافعات,2024-04-19T19:45:20,1,,رابط,azizlawyer_post_1979,منشور قانوني نصي عام؛ عنوانه مقتبس من أول سطر في المصدر دون تنزيل مرفقات.,,False,,,https://t.me/azizlawyer/1979,بحث,1979,,قناة ثقافة قانونية — المحامي عبدالعزيز المطوع (@azizlawyer),16,المحامي عبدالعزيز المطوع,1979,مالفرق بين دعوى أتعاب المحاماة ودعوى أضرار التقاضي ؟ دعوى أتعاب المحاماة: تكون من المحامي ضد موكله لإلزامه بدفع الأتعاب له. دعوى أضرار التقاضي: تكون من رابح قضية سابقة ضد من خسرها، لإلزامه بدفع التعويض عن أضرار تلك القضية,مالفرق بين دعوى أتعاب المحاماة ودعوى أضرار التقاضي ؟,2024
,الأنظمة والتشريعات,2024-05-15T20:41:09,1,,رابط,azizlawyer_post_2029,منشور قانوني نصي عام؛ عنوانه مقتبس من أول سطر في المصدر دون تنزيل مرفقات.,,False,,,https://t.me/azizlawyer/2029,بحث,2029,,قناة ثقافة قانونية — المحامي عبدالعزيز المطوع (@azizlawyer),16,المحامي عبدالعزيز المطوع,2029,لا يجوز لمدير الشركة، ولا لعضو مجلس إدارتها، أن يشترك في أي عمل من شأنه منافسة الشركة، أو أن ينافس الشركة في أي من فروع النشاط الذي تزاوله، إلا بترخيص من الشركاء، أو الجمعية العامة، أو المساهمين، أو من يفوضونه. المادة (27/2) من نظام الشركات,لا يجوز لمدير الشركة، ولا لعضو مجلس إدارتها، أن يشترك في أي عمل من شأنه منافسة الشركة، أو أن ينافس الشركة في أي من فروع النشاط الذي تزاوله، إلا بترخيص من الشركاء، أو الجم,2024
,الأنظمة والتشريعات,2024-05-19T18:45:38,1,,رابط,azizlawyer_post_2041,منشور قانوني نصي عام؛ عنوانه مقتبس من أول سطر في المصدر دون تنزيل مرفقات.,,False,,,https://t.me/azizlawyer/2041,بحث,2041,,قناة ثقافة قانونية — المحامي عبدالعزيز المطوع (@azizlawyer),16,المحامي عبدالعزيز المطوع,2041,قرار وزاري جديد من المواردالبشرية بتعديل تنظيم العملالمرن ،، حاولت اختصر لكم اهم بنوده: يخضع العقد المرن لـ فرع المعاشات والاخطار المهنية التأميناتالاجتماعية ،، سابقاً العقد محصور في فرع المعاشات. نقطة كاملة للمنشأة في نطاقات عند اكمال (160) ساعة من العمل المرن للعامل أو مجموعة من العاملين. ساعات العمل الي تزيد عن (95) ساعة شهرياً ،، تكون ساعات عمل اضافية، وتقدر المنشأة تتفق مع العامل/ـة أن يكون طريقة حسبتها على اساس أجر الساعة الأساسي 160 ساعة عمل مرن هي الحد الأعلى لعدد الساعات الشهرية لصاحب ا,قرار وزاري جديد من المواردالبشرية بتعديل تنظيم العملالمرن ،، حاولت اختصر لكم اهم بنوده,2024
,الأنظمة والتشريعات,2024-07-15T14:46:16,1,,رابط,azizlawyer_post_2138,منشور قانوني نصي عام؛ عنوانه مقتبس من أول سطر في المصدر دون تنزيل مرفقات.,,False,,,https://t.me/azizlawyer/2138,بحث,2138,,قناة ثقافة قانونية — المحامي عبدالعزيز المطوع (@azizlawyer),16,المحامي عبدالعزيز المطوع,2138,نصيحةقانونية إذا قدم لك عرض وظيفي وأنت على رأس عمل، وكان العرض مناسباً لك، فاحرص قبل ترك جهة عملك الحالية، على ما يلي: - ألا يتضمن العرض فترة تجربة (حتى لا يُنهى عقدك بدون سبب خلال هذه الفترة عملاً بأحكام نظامالعمل). - أن يكون العقد محدد المدة. - أن تزيد مدة العقد عن ثلاث سنوات على الأقل. - ألا يتضمن العرض تعويضاً محدداً في حال الإنهاء لسبب غير مشروع. - أن تضيف في العرض كتابة أي شروط اتفقت عليها شفهياً مع الجهة صاحبة العرض. - أن توافق على العرض كتابة (عبر البريد الالكتروني) وليس شفهياً. أخيراً، ,نصيحةقانونية إذا قدم لك عرض وظيفي وأنت على رأس عمل، وكان العرض مناسباً لك، فاحرص قبل ترك جهة عملك الحالية، على ما يلي,2024
,القضاء والإثبات,2024-07-30T12:14:07,1,,رابط,azizlawyer_post_2158,منشور قانوني نصي عام؛ عنوانه مقتبس من أول سطر في المصدر دون تنزيل مرفقات.,,False,,,https://t.me/azizlawyer/2158,بحث,2158,,قناة ثقافة قانونية — المحامي عبدالعزيز المطوع (@azizlawyer),16,المحامي عبدالعزيز المطوع,2158,ما هي العقوبة التبعية والعقوبة التكميلية: العقوبة التبعية: هي العقوبة التي تلحق الجاني بناءً على الحكم بالعقوبة الأصلية، ودون الحاجة للنص عليها في الحكم القضائي، ولا تسقط العقوبة التبعية والآثار الجنائية المترتبة على الحكم بالإدانة إذا صدر عفو من ولي الأمر عن العقوبة الأصلية، ما لم ينص في أمر العفو على خلاف ذلك. العقوبة التكميلية: هي العقوبة التي تلحق الجاني بناءً على الحكم بالعقوبة الأصلية وينص عليها في الحكم القضائي، وتكون العقوبة التكميلية إما وجوبية أو جوازيه,ما هي العقوبة التبعية والعقوبة التكميلية,2024
,القضاء والإثبات,2024-07-30T20:28:37,1,,رابط,azizlawyer_post_2161,منشور قانوني نصي عام؛ عنوانه مقتبس من أول سطر في المصدر دون تنزيل مرفقات.,,False,,,https://t.me/azizlawyer/2161,بحث,2161,,قناة ثقافة قانونية — المحامي عبدالعزيز المطوع (@azizlawyer),16,المحامي عبدالعزيز المطوع,2161,"المادة ٦٩ من نظام العمل ""لا يجوز اتهام العامل بمخالفة مضى على كشفها أكثر من ثلاثين يوماً، ولا يجوز توقيع جزاء تأديبي بعد تاريخ انتهاء التحقيق في المخالفة وثبوتها في حق العامل بأكثر من ثلاثين يوماً"". انقضاء واقعة المخالفة : لا يجوز توجيه اتهام للموظف بأي مخالفة إذا مر أكثر من ( 30 يوماً ) على تاريخ اكتشافها من قبل صاحب العمل أو من يمثله ، بمعنى أنه لا فائدة نظاما من إجراء أي تحقيق مع الموظف ، بشأن هذه المخالفة لعدم جواز معاقبته عنها بعد مرور تلك المدة. انقضاء الجزاء التأديبي : تنقضي العقوبة ( أي ",المادة ٦٩ من نظام العمل,2024
,الأحوال الشخصية والتركات,2024-08-06T18:13:57,1,,رابط,azizlawyer_post_2177,منشور قانوني نصي عام؛ عنوانه مقتبس من أول سطر في المصدر دون تنزيل مرفقات.,,False,,,https://t.me/azizlawyer/2177,بحث,2177,,قناة ثقافة قانونية — المحامي عبدالعزيز المطوع (@azizlawyer),16,المحامي عبدالعزيز المطوع,2177,بعض تعديلات نظام العمل: -فرض عقوبات لممارسة نشاط توظيف العاملين دون ترخيص رسمي. -إضافة إجازة مدفوعة الأجر للعامل لمدة 3 أيام في حالة وفاة الأخ أو الأخت. -تُعد جميع ساعات العمل التي تؤدى في أيام العطل والأعياد ساعات إضافية. -منح العامل إجازة زواج بأجر كامل لمدة 5 أيام عند زواجه. -تحديد آلية مدة العقد وتجديده للعامل غير السعودي إذا خلا العقد من بيان مدته. -منح العامل إجازة بأجر كامل لمدة 5 أيام عند وفاة زوجه. -منع التفضيل بين المتقدمين للعمل على أساس العرق أو اللون أو الجنس أو الإعاقة أو الحالة ال,بعض تعديلات نظام العمل,2024
,الأحوال الشخصية والتركات,2024-08-11T22:05:32,1,,رابط,azizlawyer_post_2183,منشور قانوني نصي عام؛ عنوانه مقتبس من أول سطر في المصدر دون تنزيل مرفقات.,,False,,,https://t.me/azizlawyer/2183,بحث,2183,,قناة ثقافة قانونية — المحامي عبدالعزيز المطوع (@azizlawyer),16,المحامي عبدالعزيز المطوع,2183,أبرز ما ورد في نظام الاستثمار: أولاً: ️رأس المال: أي أصل له قيمة مادية نقدية أو عينية أو معنوية؛ وفقاً لما تحدده اللائحة، ويشمل على الأخص الآتي: أ- الأسهم والحصص في الشركات. ب- الحقوق التعاقدية. ج- الأصول الثابتة أو المنقولة. د- حقوق الملكية الفكرية. هـ- الحقوق الممنوحة بموجب نظام من تراخيص أو تصاريح أو ما في حكمهما. ولا يشمل رأس المال القروض والسندات والصكوك التمويلية وأدوات الدين العام والخاص. ️الهدف من النظام: يهدف النظام إلى تطوير وتعزيز تنافسية البيئة الاستثمارية في المملكة والمساهمة في الت,أبرز ما ورد في نظام الاستثمار,2024
,الأحوال الشخصية والتركات,2024-09-17T20:39:07,1,,رابط,azizlawyer_post_2256,منشور قانوني نصي عام؛ عنوانه مقتبس من أول سطر في المصدر دون تنزيل مرفقات.,,False,,,https://t.me/azizlawyer/2256,بحث,2256,,قناة ثقافة قانونية — المحامي عبدالعزيز المطوع (@azizlawyer),16,المحامي عبدالعزيز المطوع,2256,مجلس الوزراء يوافق اليوم على نظاميّ السجل التجاري والأسماء التجارية لتيسير ممارسة الأعمال وتخفيف الأعباء على المنشآت التجارية بالاكتفاء بسجل واحد للمنشأة على مستوى المملكة، وتنظيم إجراءات حجز وقيد الأسماء التجارية لحمايتها وتعزيز قيمتها، مواكبةً للتطورات الاقتصادية والتقنية في رؤية 2030. The Saudi Council of Ministers approved the Commercial Register and Trade Names regulations to facilitate business practice and reduce the burden on commercial establishments by limiting the establishment to one,مجلس الوزراء يوافق اليوم على نظاميّ السجل التجاري والأسماء التجارية لتيسير ممارسة الأعمال وتخفيف الأعباء على المنشآت التجارية بالاكتفاء بسجل واحد للمنشأة على مستوى المملك,2024
,المحاماة والمرافعات,2024-10-09T20:56:37,1,,رابط,azizlawyer_post_2327,منشور قانوني نصي عام؛ عنوانه مقتبس من أول سطر في المصدر دون تنزيل مرفقات.,,False,,,https://t.me/azizlawyer/2327,بحث,2327,,قناة ثقافة قانونية — المحامي عبدالعزيز المطوع (@azizlawyer),16,المحامي عبدالعزيز المطوع,2327,س/ استأجرت أرض عدة سنوات وأقمت عليها منشآت وقمت بتأجيرها ثم صدر ضدي حكم بفسخ العقد وإخلاء الموقع وتسليمه، فكيف ينفذ الحكم و العقار الآن مؤجر لشخص آخر؟ ج/ بينت الفقرة (٧٢/١٠) من اللائحة التنفيذية لنظام التنفيذ ما يتعلق بكيفية التنفيذ في مثل هذه الواقعة حيث نصت بأنه: إذا ظهر أن العقار مشغول بغير المنفذ ضده، وامتنع شاغل العقار عن الإخلاء، فإن كان الشاغل يحمل سندا تنفيذيا يتضمن حقا في استغلال العقار؛ فتعد من منازعات التنفيذ، وإن كان لا يحمل ذلك؛ فلا توقف إجراءات التنفيذ، وله التقدم بدعوى لدى قاضي ال,س/ استأجرت أرض عدة سنوات وأقمت عليها منشآت وقمت بتأجيرها ثم صدر ضدي حكم بفسخ العقد وإخلاء الموقع وتسليمه، فكيف ينفذ الحكم و العقار الآن مؤجر لشخص آخر؟,2024
,المحاماة والمرافعات,2024-11-13T14:53:14,1,,رابط,azizlawyer_post_2418,منشور قانوني نصي عام؛ عنوانه مقتبس من أول سطر في المصدر دون تنزيل مرفقات.,,False,,,https://t.me/azizlawyer/2418,بحث,2418,,قناة ثقافة قانونية — المحامي عبدالعزيز المطوع (@azizlawyer),16,المحامي عبدالعزيز المطوع,2418,يقبل تقديم أدلة جديدة أمام الاستئناف حتى لو لم تكن معروضة أمام محكمة الدرجة الأولى وذلك في الدعاوى الجزائية العامة أو الخاصة، و الدعاوى التجارية وفقاً للمادة (١٩٧/٢) من نظام الإجراءات الجزائية والمادة (٨٢) من نظام المحاكم التجارية. بخلاف الدعاوى الحقوقية الأخرى- العامة، الأحوال الشخصية، العمالية- فلا يقبل ذلك فيها إذا كان بإمكان الخصوم تقديم الأدلة أمام الدرجة الأولى، ما لم يوجد مقتضٍ لقبولها وفقاً للمادة (٢١) من اللائحة التنفيذية لطرق الاعتراض على الأحكام (منقول),يقبل تقديم أدلة جديدة أمام الاستئناف حتى لو لم تكن معروضة أمام محكمة الدرجة الأولى وذلك في الدعاوى الجزائية العامة أو الخاصة، و الدعاوى التجارية وفقاً للمادة (١٩٧/٢) من ن,2024
,القضاء والإثبات,2024-12-01T21:11:25,1,,رابط,azizlawyer_post_2426,منشور قانوني نصي عام؛ عنوانه مقتبس من أول سطر في المصدر دون تنزيل مرفقات.,,False,,,https://t.me/azizlawyer/2426,بحث,2426,,قناة ثقافة قانونية — المحامي عبدالعزيز المطوع (@azizlawyer),16,المحامي عبدالعزيز المطوع,2426,إلزام المقر بإقراره- القضائي وغير القضائي- وعدم قبول الرجوع عنه كما جاء في المادة (١٨) من نظام الإثبات لا يمنع المقر من طلب إبطال هذا الإقرار بوجود عيب من عيوب الإرادة: الغلط أو التغرير أو الإكراه، لأن من شروط صحة الإقرار كما جاء في المادة (١٥) من نظام الإثبات: أن يكون المقر أهلا للتصرف فيما أقر به. لكن يقع عليه عبء إثبات ذلك وفقا للمادة (٣٢) من الأدلة الإجرائية لنظام الإثبات,إلزام المقر بإقراره- القضائي وغير القضائي- وعدم قبول الرجوع عنه كما جاء في المادة (١٨) من نظام الإثبات لا يمنع المقر من طلب إبطال هذا الإقرار بوجود عيب من عيوب الإرادة: ا,2024
,المحاماة والمرافعات,2025-01-26T23:45:53,1,,رابط,azizlawyer_post_2480,منشور قانوني نصي عام؛ عنوانه مقتبس من أول سطر في المصدر دون تنزيل مرفقات.,,False,,,https://t.me/azizlawyer/2480,بحث,2480,,قناة ثقافة قانونية — المحامي عبدالعزيز المطوع (@azizlawyer),16,المحامي عبدالعزيز المطوع,2480,(دعاوى الاستثمار في الأسهم السعودية) من اختصاص لجنة الفصل في منازعات الأوراق المالية وليس المحكمة التجارية وذلك بناء على الفقرة (أ) من المادة 25 من نظام هيئة السوق المالية والدارسة المعدة من قبل الادارة العامة للمستشارين بالمجلس الأعلى للقضاء رقم 13929,(دعاوى الاستثمار في الأسهم السعودية),2025
,المحاماة والمرافعات,2025-02-09T14:14:58,1,,رابط,azizlawyer_post_2506,منشور قانوني نصي عام؛ عنوانه مقتبس من أول سطر في المصدر دون تنزيل مرفقات.,,False,,,https://t.me/azizlawyer/2506,بحث,2506,,قناة ثقافة قانونية — المحامي عبدالعزيز المطوع (@azizlawyer),16,المحامي عبدالعزيز المطوع,2506,س/ هل سداد قيمة الشيك دون رصيد يعفي الساحب من الدعوى الجزائية؟ ج/ سحب الشيك دون رصيد تعتبر جريمة وفقا لما نص عليه نظام الأوراق التجارية، وهي من الجرائم الكبيرة الموجبة للتوقيف إلا في حال سداد قيمته أو الصلح أو التنازل من قبل صاحب الحق الخاص بناء على ما جاء في المذكرة الإيضاحية للنائب العام بشأن تحديد الجرائم الكبيرة الموجبة للتوقيف. وأما الدعوى الجزائية العامة فلا تنقضي إلا وفق إحدى الحالات المبينة في المادة (٢٢) من نظام الإجراءات الجزائية. (منقول),س/ هل سداد قيمة الشيك دون رصيد يعفي الساحب من الدعوى الجزائية؟,2025
,القضاء والإثبات,2025-02-11T21:08:07,1,,رابط,azizlawyer_post_2515,منشور قانوني نصي عام؛ عنوانه مقتبس من أول سطر في المصدر دون تنزيل مرفقات.,,False,,,https://t.me/azizlawyer/2515,بحث,2515,,قناة ثقافة قانونية — المحامي عبدالعزيز المطوع (@azizlawyer),16,المحامي عبدالعزيز المطوع,2515,في حالة إبطال العقد أو بطلانه، فهل يمكن إعادة المتعاقدان إلى ماكان عليه قبل التعاقد؟ 1- القاعدة أن البطلان يترتب عليه زوال ماينشئه العقد من حقوق والتزامات بأثر رجعي وإعادة الحال إلى ماكان عليه قبل التعاقد،(م82 معاملات) فإذا لم تنفذ الالتزامات الناشئة عن العقد الباطل أو القابل للإبطال فلا يجوز بعد الحكم ببطلانه مطالبة أحد المتعاقدين للأخر بالتنفيذ. 2- إذا كان قد تم تنفيذ الالتزامات فيتوجب على كل واحد من المتعاقدين أن يرد ما تحصل عليه بسبب العقد، ففي عقد البيع الباطل لو تقابض المتعاقدان المبيع وال,في حالة إبطال العقد أو بطلانه، فهل يمكن إعادة المتعاقدان إلى ماكان عليه قبل التعاقد؟,2025
,الأحوال الشخصية والتركات,2025-02-18T19:20:04,1,,رابط,azizlawyer_post_2538,منشور قانوني نصي عام؛ عنوانه مقتبس من أول سطر في المصدر دون تنزيل مرفقات.,,False,,,https://t.me/azizlawyer/2538,بحث,2538,,قناة ثقافة قانونية — المحامي عبدالعزيز المطوع (@azizlawyer),16,المحامي عبدالعزيز المطوع,2538,"أبرز ما جاءت به لوائح وتنظيمات - نظام الاحوال الشخصية التي صدرت اليوم اللائحة التنفيذية لنظام الاحوال الشخصية، وأبرز ما جاء فيها الفصل في موضوع سكن المحضون :- 1- تحديد مسألة النفقة على المحضون ( نفقة المسكن) نصت المادة 19/ من اللائحة ما يلي: "" لا يستحق الحاضن نفقة سكن للمحضون إذا كان أيٌّ منهما يقيم في سكنٍ مملوك أو مخصص له، أو كان الحاضن يسكن تبعاً لغيره. ويراعى فيما سبق مصلحة المحضون "" . 2- ليس للحاضن ان يطالب بأجرة المسكن إذا هيأ من وجبت عليه النفقة مسكنا مناسبًا للمحضون، وهذا ما قضت به الماد",أبرز ما جاءت به لوائح وتنظيمات - نظام الاحوال الشخصية التي صدرت اليوم اللائحة التنفيذية لنظام الاحوال الشخصية، وأبرز ما جاء فيها الفصل في موضوع سكن المحضون,2025
,المحاماة والمرافعات,2025-03-07T17:11:32,1,,رابط,azizlawyer_post_2550,منشور قانوني نصي عام؛ عنوانه مقتبس من أول سطر في المصدر دون تنزيل مرفقات.,,False,,,https://t.me/azizlawyer/2550,بحث,2550,,قناة ثقافة قانونية — المحامي عبدالعزيز المطوع (@azizlawyer),16,المحامي عبدالعزيز المطوع,2550,الاختصاص في دعاوى الأخطاء المهنية الصحية لا يخلو من حالتين: الحالة الأولى : أن يكون المدعى عليه ممارساً صحياً ، وهنا الاختصاص لدوائر الأخطاء المهنية الصحية بالمحكمة العامة بالرياض ؛ بناء على تعميم معالي رئيس المجلس الأعلى للقضاء رقم ١٧١٢/ت وتاريخ ١٧ / ٠٧ / ١٤٤٢هـ . الحالة الثانية : أن يكون المدعى عليه منشأة صحية ، وهنا لا تخلو من حالتين : الحالة الأولى : أن تكون منشأة صحية خاصة ، وهنا الاختصاص ينعقد لدوائر الأخطاء المهنية الصحية بالمحكمة العامة بالرياض ؛ بناء على تعميم معالي رئيس المجلس الأعلى ل,الاختصاص في دعاوى الأخطاء المهنية الصحية لا يخلو من حالتين,2025
,الأحوال الشخصية والتركات,2025-04-03T11:19:29,1,,رابط,azizlawyer_post_2578,منشور قانوني نصي عام؛ عنوانه مقتبس من أول سطر في المصدر دون تنزيل مرفقات.,,False,,,https://t.me/azizlawyer/2578,بحث,2578,,قناة ثقافة قانونية — المحامي عبدالعزيز المطوع (@azizlawyer),16,المحامي عبدالعزيز المطوع,2578,اعتبارًا من اليوم، 3 أبريل 2025، بدء سريان نظامي السجل التجاري والأسماء التجارية الجديدين في المملكة العربية السعودية. فيما يلي أبرز التغييرات: ️ نظام السجل التجاري الجديد: - إلغاء السجلات الفرعية والاكتفاء بسجل تجاري واحد لممارسة كافة الأنشطة، مع منح مهلة خمس سنوات للسجلات الفرعية القائمة لتصحيح أوضاعها. - إلغاء تحديد مدينة السجل، واعتماد سجل تجاري واحد على مستوى المملكة. - إلغاء تاريخ الانتهاء للسجل التجاري، والاكتفاء بالتأكيد السنوي للبيانات. - سيكون رقم السجل التجاري هو الرقم الموحد للمنشأة ,اعتبارًا من اليوم، 3 أبريل 2025، بدء سريان نظامي السجل التجاري والأسماء التجارية الجديدين في المملكة العربية السعودية,2025
,الأنظمة والتشريعات,2025-04-30T07:35:13,1,,رابط,azizlawyer_post_2616,منشور قانوني نصي عام؛ عنوانه مقتبس من أول سطر في المصدر دون تنزيل مرفقات.,,False,,,https://t.me/azizlawyer/2616,بحث,2616,,قناة ثقافة قانونية — المحامي عبدالعزيز المطوع (@azizlawyer),16,المحامي عبدالعزيز المطوع,2616,اذا كانت مدة عقد العامل غير السعودي غير محددة فتعد مدته سنة من تاريخ مباشرة العامل الفعلية. وهذا خلافاً لما كان عليه الأمر في السابق الذي ينص على أنه في حال خلو العقد من مدة محددة أن تكون مدة الرخصة مدةً للعقد. كما أن النص الجديد حمى العامل وجعل عقده متجدداً تلقائيا في حال استمر العمل بعد انتهاء تلك المدة ولو بيوم واحد. وهذا يعني أنه لو قام أي من الطرفين بإنهاء العقد لسبب غير مشروع فإنه تطبق بحقهم أحكام المادة (77) من نظام العمل,اذا كانت مدة عقد العامل غير السعودي غير محددة فتعد مدته سنة من تاريخ مباشرة العامل الفعلية,2025
,المحاماة والمرافعات,2025-05-11T20:28:00,1,,رابط,azizlawyer_post_2636,منشور قانوني نصي عام؛ عنوانه مقتبس من أول سطر في المصدر دون تنزيل مرفقات.,,False,,,https://t.me/azizlawyer/2636,بحث,2636,,قناة ثقافة قانونية — المحامي عبدالعزيز المطوع (@azizlawyer),16,المحامي عبدالعزيز المطوع,2636,هل يُلغي ترك الدعوى ما دون في ضبط القضية؟ لا يلغي ترك الدعوى ما دون في ضبط القضية، ولا في ملفها من أدلة واستعانة بأهل الخبرة وللدائرة الرجوع إليها، إلا إذا تغيرت الظروف التي بنيت عليها. المادة (93) من نظام المرافعات الشرعية ولائحتها التنفيذية,هل يُلغي ترك الدعوى ما دون في ضبط القضية؟,2025
,المحاماة والمرافعات,2025-05-20T19:34:16,1,,رابط,azizlawyer_post_2652,منشور قانوني نصي عام؛ عنوانه مقتبس من أول سطر في المصدر دون تنزيل مرفقات.,,False,,,https://t.me/azizlawyer/2652,بحث,2652,,قناة ثقافة قانونية — المحامي عبدالعزيز المطوع (@azizlawyer),16,المحامي عبدالعزيز المطوع,2652,لا يجوز للمحامي أن يوعد العميل بكسب القضية وهذا مبدأ منصوص عليه في قواعد السلوك المهني للمحامين وذلك للأسباب التالية: 1- النتيجة ليست بيد المحامي: الحكم في القضايا يصدر عن القاضي أو المحكمة المختصة بناءً على ما يُعرض من أدلة ودفوع، وبالتالي فإن المحامي لا يستطيع التحكم في النتيجة. 2- منع تضليل العميل: إعطاء وعود بالنجاح قد يُضلل العميل ويدفعه لاتخاذ قرارات غير مدروسة بناءً على توقعات غير واقعية. 3- الحفاظ على المصداقية والمهنية: واجب المحامي هو تمثيل العميل بكل أمانة واجتهاد، وشرح الاحتمالات الق,لا يجوز للمحامي أن يوعد العميل بكسب القضية وهذا مبدأ منصوص عليه في قواعد السلوك المهني للمحامين وذلك للأسباب التالية,2025
,المحاماة والمرافعات,2025-06-20T16:14:05,1,,رابط,azizlawyer_post_2677,منشور قانوني نصي عام؛ عنوانه مقتبس من أول سطر في المصدر دون تنزيل مرفقات.,,False,,,https://t.me/azizlawyer/2677,بحث,2677,,قناة ثقافة قانونية — المحامي عبدالعزيز المطوع (@azizlawyer),16,المحامي عبدالعزيز المطوع,2677,مبدأ قضائي جديد في دعاويالمقاولات ️ المحاكم التجارية غير مختصة بدعاوى مقاولات إنشاء المباني، إذا كان المدعي هو المقاول، والمدعى عليه ليس تاجرًا. صدر هذا المبدأ في القضية رقم 3404 لسنة 1442هـ، حيث أُلغِي حكم الدائرة التجارية الثانية بالمحكمة العامة ببريدة، لأن الدعوى كانت من تاجر ضد فرد غير تاجر في عقد توريد. وبذلك، لا تُقبل هذه القضايا تجاريًا لعدم الاختصاص النوعي. (منقول),مبدأ قضائي جديد في دعاويالمقاولات ️,2025
,المحاماة والمرافعات,2025-06-29T00:54:38,1,,رابط,azizlawyer_post_2683,منشور قانوني نصي عام؛ عنوانه مقتبس من أول سطر في المصدر دون تنزيل مرفقات.,,False,,,https://t.me/azizlawyer/2683,بحث,2683,,قناة ثقافة قانونية — المحامي عبدالعزيز المطوع (@azizlawyer),16,المحامي عبدالعزيز المطوع,2683,س / مؤسسة فردية كفلت شركة في مديونية أمام شركةً دائنة، و لم تُسدد الشركة المدينة المديونية، وكانت هذه المديونية ناشئة عن عمل تجاري بين الشركتين: الدائنة والمدينة. الشركة الدائنة تود رفع دعوى ضد المؤسسة التي كفلت المديونية، فهل الاختصاص للمحكمة التجارية أم المحكمة العامة؟ ج/ إذا كانت مديونية الكفالة محررًا بها ورقة تجارية – كسند لأمر – أو كانت موثقة، فإن المختص بتنفيذها محكمة التنفيذ، وذلك وفقًا للمادتين (8 و9) من نظام التنفيذ، لكونها تُعد سندًا تنفيذيًا. أما إذا لم تكن الكفالة موثقة، وكانت ناشئة,س / مؤسسة فردية كفلت شركة في مديونية أمام شركةً دائنة، و لم تُسدد الشركة المدينة المديونية، وكانت هذه المديونية ناشئة عن عمل تجاري بين الشركتين: الدائنة والمدينة,2025
,القضاء والإثبات,2025-07-01T23:18:54,1,,رابط,azizlawyer_post_2687,منشور قانوني نصي عام؛ عنوانه مقتبس من أول سطر في المصدر دون تنزيل مرفقات.,,False,,,https://t.me/azizlawyer/2687,بحث,2687,,قناة ثقافة قانونية — المحامي عبدالعزيز المطوع (@azizlawyer),16,المحامي عبدالعزيز المطوع,2687,مدة التوقيف القصوى في التحقيقات: لا يجوز أن تزيد مدة توقيف المتهم في مرحلة التحقيق عن 180 يومًا. عند القبض على متهم تكون صلاحية الأمر بالتوقيف نظامًا كما يلي: 1. رجال الضبط (24) ساعة. 2. محقق النيابة العامة (5) أيام. 3. رئيس فرع النيابة (35) يومًا. 4. النائب العام (140) يومًا. يجب ألا تزيد في مجموعها عن (180) يومًا، ويتعيّن بعدها إما إحالة المتهم إلى المحكمة أو الإفراج عنه. بمعنى إذا لم يتم الانتهاء من التحقيق وإحالة المتهم إلى المحكمة خلال هذه المدة، فيجب الإفراج عنه. المستند: المادة (113) و (1,مدة التوقيف القصوى في التحقيقات,2025
,الأحوال الشخصية والتركات,2025-07-14T19:54:28,1,,رابط,azizlawyer_post_2700,منشور قانوني نصي عام؛ عنوانه مقتبس من أول سطر في المصدر دون تنزيل مرفقات.,,False,,,https://t.me/azizlawyer/2700,بحث,2700,,قناة ثقافة قانونية — المحامي عبدالعزيز المطوع (@azizlawyer),16,المحامي عبدالعزيز المطوع,2700,للعامل الوافد الانتقال لصاحب عمل آخر دون اشتراط موافقة صاحب العمل الحالي بالشروط التالية :- 1.أن يكون العامل قد أمضى اثني عشر شهراً له من تاريخ دخول المملكة. 2. أن يقوم العامل بإشعار صاحب العمل الحالي قبل الانتقال بمدة لا تقل عن (90) يوم قبل إنهاء العلاقة التعاقدية (ما لم يتفق الطرفان على خلاف ذلك). المادة (14 / 21) من اللائحة التنفيذية لنظام العمل,للعامل الوافد الانتقال لصاحب عمل آخر دون اشتراط موافقة صاحب العمل الحالي بالشروط التالية,2025
,المحاماة والمرافعات,2025-07-22T14:09:37,1,,رابط,azizlawyer_post_2710,منشور قانوني نصي عام؛ عنوانه مقتبس من أول سطر في المصدر دون تنزيل مرفقات.,,False,,,https://t.me/azizlawyer/2710,بحث,2710,,قناة ثقافة قانونية — المحامي عبدالعزيز المطوع (@azizlawyer),16,المحامي عبدالعزيز المطوع,2710,غياب المستأنف عن الحضور أمام محكمة الاستئناف كما ورد في نظام المرافعات الشرعية واللائحة التنفيذية لطرق الاعتراض على الأحكام، يأتي على أحوال كما يلي: ١- إذا غاب عن أي جلسة من جلسات المرافعة. ٢- إذا غاب ثم طلب السير في القضية ثم غاب بعد تحديد موعد جلسة أو عن أي جلسة بعدها. ٣- إذا غاب عن جلسة النطق بالحكم. ٤- إذا غاب وكان هو مستأنفًا ضده أيضًا. ٥- إذا غاب بعد أن قدم المستأنف ضده استئنافًا فرعيًا. ففي الحالة الأولى: يُمهل المدة المقررة (٦٠ )يومًا، فإذا لم يطلب السير في القضية، فتحكم المحكمة من تلقاء,غياب المستأنف عن الحضور أمام محكمة الاستئناف كما ورد في نظام المرافعات الشرعية واللائحة التنفيذية لطرق الاعتراض على الأحكام، يأتي على أحوال كما يلي,2025
,المحاماة والمرافعات,2025-08-31T18:12:07,1,,رابط,azizlawyer_post_2752,منشور قانوني نصي عام؛ عنوانه مقتبس من أول سطر في المصدر دون تنزيل مرفقات.,,False,,,https://t.me/azizlawyer/2752,بحث,2752,,قناة ثقافة قانونية — المحامي عبدالعزيز المطوع (@azizlawyer),16,المحامي عبدالعزيز المطوع,2752,الصفة في الدعوى تُعد من أهم المسائل الأولية التي يجب التحقق من وجودها عند بداية النظر في الدعوى، والدفع بانعدام الصفة من الدفوع الجوهرية التي يجوز الدفع بها وإثارتها في أي مرحلة تكون عليها الدعوى، كما يجوز للمحكمة أن تحكم بذلك من تلقاء نفسها. وانعدام الصفة قد يكون في جانب المدعي أو في جانب المدعى عليه، والدفع به يُعتبر من الدفوع الموضوعية في غالب صوره، ولا يُعد من حالات الإلغاء الواردة في المادة (34) من اللائحة التنفيذية لطرق الاعتراض على الأحكام التي يجوز لمحكمة الاستئناف أن تعيد القضية بسببها ,الصفة في الدعوى تُعد من أهم المسائل الأولية التي يجب التحقق من وجودها عند بداية النظر في الدعوى، والدفع بانعدام الصفة من الدفوع الجوهرية التي يجوز الدفع بها وإثارتها في أ,2025
,القضاء والإثبات,2025-09-03T16:38:53,1,,رابط,azizlawyer_post_2757,منشور قانوني نصي عام؛ عنوانه مقتبس من أول سطر في المصدر دون تنزيل مرفقات.,,False,,,https://t.me/azizlawyer/2757,بحث,2757,,قناة ثقافة قانونية — المحامي عبدالعزيز المطوع (@azizlawyer),16,المحامي عبدالعزيز المطوع,2757,ومن الضوابط النظامية لجمع الأموال العقارية: يشترط فيمن يقوم بجمع الأموال لهذه الأغراض أن يكون مرخّصًا من الجهات المختصة، مثل هيئة السوق المالية أو البنك المركزي السعودي (بحسب طبيعة النشاط)، وأن يتم ذلك من خلال قنوات نظامية موثقة، تتضمن ما يلي: •وجود حوكمة واضحة للمال المستثمر. •إبرام عقود موثقة تُحدّد الحقوق والواجبات. •وجود جهة مشرفة أو أمين حفظ لمتابعة تنفيذ المشروع. •ضمان شفافية مالية في صرف الأموال وتوزيع الأرباح. ومن أبرز المخالفات في جمع الأموال العقارية: 1.جمع الأموال دون ترخيص نظامي، وهو,ومن الضوابط النظامية لجمع الأموال العقارية,2025
,المحاماة والمرافعات,2025-09-16T17:49:23,1,,رابط,azizlawyer_post_2764,منشور قانوني نصي عام؛ عنوانه مقتبس من أول سطر في المصدر دون تنزيل مرفقات.,,False,,,https://t.me/azizlawyer/2764,بحث,2764,,قناة ثقافة قانونية — المحامي عبدالعزيز المطوع (@azizlawyer),16,المحامي عبدالعزيز المطوع,2764,إذا عُدَّ العرض الوظيفي المقدم للعامل مجرد وعد، وأخلَّ به صاحب العمل، وتسبب ذلك في لحوق ضرر بالعامل، فإن المحكمة المختصة بنظر دعوى طلب التعويض هي المحكمة العامة، استنادًا إلى المادة (31) من نظام المرافعات الشرعية، لعدم وجود عقد عمل قائم بين الطرفين. (منقول),إذا عُدَّ العرض الوظيفي المقدم للعامل مجرد وعد، وأخلَّ به صاحب العمل، وتسبب ذلك في لحوق ضرر بالعامل، فإن المحكمة المختصة بنظر دعوى طلب التعويض هي المحكمة العامة، استنادًا,2025
,المحاماة والمرافعات,2025-09-20T15:37:56,1,,رابط,azizlawyer_post_2773,منشور قانوني نصي عام؛ عنوانه مقتبس من أول سطر في المصدر دون تنزيل مرفقات.,,False,,,https://t.me/azizlawyer/2773,بحث,2773,,قناة ثقافة قانونية — المحامي عبدالعزيز المطوع (@azizlawyer),16,المحامي عبدالعزيز المطوع,2773,جواز اشتراط صاحب العمل على العامل ألّا يقوم بعد انتهاء عقده بمنافسته، مقيَّد بضوابط وفق ما جاء في المادة (83) من نظام العمل، وهي: 1- أن يكون العمل المنوط بالعامل يسمح له بمعرفة عملاء صاحب العمل. 2- أن يكون الشرط محرراً (مكتوباً). 3- أن يكون محدداً من حيث الزمان والمكان ونوع العمل. 4- ألّا تزيد مدته على سنتين من تاريخ انتهاء العلاقة بين الطرفين. وعند مخالفة العامل لشرط المنافسة، يلزم للمطالبة أن تُرفع الدعوى خلال سنة من تاريخ اكتشاف المخالفة. والمقصود بالمنافسة، والتي استقر عليها غالب القضاء العم,جواز اشتراط صاحب العمل على العامل ألّا يقوم بعد انتهاء عقده بمنافسته، مقيَّد بضوابط وفق ما جاء في المادة (83) من نظام العمل، وهي,2025
,الأحوال الشخصية والتركات,2025-11-19T10:31:35,1,,رابط,azizlawyer_post_2805,منشور قانوني نصي عام؛ عنوانه مقتبس من أول سطر في المصدر دون تنزيل مرفقات.,,False,,,https://t.me/azizlawyer/2805,بحث,2805,,قناة ثقافة قانونية — المحامي عبدالعزيز المطوع (@azizlawyer),16,المحامي عبدالعزيز المطوع,2805,"إذا استنبطت الدائرة قرينة للإثبات، فإن عليها – التزامًا بنص المادة (85) من نظام الإثبات – أن تُبيّن وجه الدلالة في تلك القرينة وكيفية اتصالها بالواقعة محل الاتهام. إذ نصت المادة صراحة على أن: ""للمحكمة أن تستنبط قرائن أخرى للإثبات، وذلك في الأحوال التي يجوز فيها الإثبات بالشهادة؛ على أن تبين وجه دلالتها"". كما استقرّ المبادئ القضائية على أن مجرد وجود قرائن لا يكفي لإيقاع العقوبة، ما لم تكن تلك القرائن معتبرة وقاطعة في الدلالة. حيث جاء في مبدأ المحكمة العليا رقم (21/م) بتاريخ 28/4/1436هـ: ""وجود الق",إذا استنبطت الدائرة قرينة للإثبات، فإن عليها – التزامًا بنص المادة (85) من نظام الإثبات – أن تُبيّن وجه الدلالة في تلك القرينة وكيفية اتصالها بالواقعة محل الاتهام,2025
,المحاماة والمرافعات,2025-11-20T10:05:04,1,,رابط,azizlawyer_post_2806,منشور قانوني نصي عام؛ عنوانه مقتبس من أول سطر في المصدر دون تنزيل مرفقات.,,False,,,https://t.me/azizlawyer/2806,بحث,2806,,قناة ثقافة قانونية — المحامي عبدالعزيز المطوع (@azizlawyer),16,المحامي عبدالعزيز المطوع,2806,يقبل تقديم أدلة جديدة أمام الاستئناف حتى لو لم تكن معروضة أمام محكمة الدرجة الأولى وذلك في الدعاوى الجزائية العامة أو الخاصة، و الدعاوى التجارية وفقاً للمادة (197/2) من نظام الإجراءات الجزائية والمادة (82) من نظام المحاكم التجارية. بخلاف الدعاوى الحقوقية الأخرى- العامة، الأحوال الشخصية، العمالية- فلا يقبل ذلك فيها إذا كان بإمكان الخصوم تقديم الأدلة أمام الدرجة الأولى، ما لم يوجد مقتضٍ لقبولها وفقاً للمادة (21) من اللائحة التنفيذية لطرق الاعتراض على الأحكام,يقبل تقديم أدلة جديدة أمام الاستئناف حتى لو لم تكن معروضة أمام محكمة الدرجة الأولى وذلك في الدعاوى الجزائية العامة أو الخاصة، و الدعاوى التجارية وفقاً للمادة (197/2) من ن,2025
,المحاماة والمرافعات,2025-11-29T17:03:06,1,,رابط,azizlawyer_post_2810,منشور قانوني نصي عام؛ عنوانه مقتبس من أول سطر في المصدر دون تنزيل مرفقات.,,False,,,https://t.me/azizlawyer/2810,بحث,2810,,قناة ثقافة قانونية — المحامي عبدالعزيز المطوع (@azizlawyer),16,المحامي عبدالعزيز المطوع,2810,تحرير الدعوى من أهم شروط قبول الدعوى والسير فيها، ويتحدد موقف محكمة الاستئناف من مسألة تحرير الدعوى من خلال الآتي: 1- إذا حكمت محكمة الدرجة الأولى في الموضوع، ورأت محكمة الاستئناف أن الدعوى تحتاج إلى مزيد من التحرير؛ ففي هذه الحالة تُعد محكمة الدرجة الأولى قد استنفدت ولايتها في القضية، ولا تعيدها محكمة الاستئناف إلى الدرجة الأولى، بل تعمل بمقتضى المادة (66) من نظام المرافعات الشرعية، وهو ما أكده خطاب فضيلة رئيس لجنة تفعيل الاستئناف رقم (439007038) وتاريخ 14/6/1443هـ. 2- إذا حكمت محكمة الدرجة الأ,تحرير الدعوى من أهم شروط قبول الدعوى والسير فيها، ويتحدد موقف محكمة الاستئناف من مسألة تحرير الدعوى من خلال الآتي,2025
,الأحوال الشخصية والتركات,2025-12-30T10:47:05,1,,رابط,azizlawyer_post_2842,منشور قانوني نصي عام؛ عنوانه مقتبس من أول سطر في المصدر دون تنزيل مرفقات.,,False,,,https://t.me/azizlawyer/2842,بحث,2842,,قناة ثقافة قانونية — المحامي عبدالعزيز المطوع (@azizlawyer),16,المحامي عبدالعزيز المطوع,2842,"نصّت المادة (90) من نظام الأحوال الشخصية على وجوب توثيق الطلاق خلال مدة لا تتجاوز خمسة عشر يومًا من تاريخ وقوعه. وتأكيدًا على حماية حقوق الزوجة، قررت المادة (91) من نظام الاحوال الشخصية مانصه "" إذا لم يوثق الزوج الطلاق على النحو الوارد في المادة (التسعين) من هذا النظام، ولم تعلم المرأة بطلاقه لها، فلها الحق بتعويض بما لا يقل عن الحد الأدنى لمقدار النفقة من تاريخ وقوع الطلاق إلى تاريخ علمها به """,نصّت المادة (90) من نظام الأحوال الشخصية على وجوب توثيق الطلاق خلال مدة لا تتجاوز خمسة عشر يومًا من تاريخ وقوعه,2025
,الأحوال الشخصية والتركات,2026-01-16T13:18:30,1,,رابط,azizlawyer_post_2861,منشور قانوني نصي عام؛ عنوانه مقتبس من أول سطر في المصدر دون تنزيل مرفقات.,,False,,,https://t.me/azizlawyer/2861,بحث,2861,,قناة ثقافة قانونية — المحامي عبدالعزيز المطوع (@azizlawyer),16,المحامي عبدالعزيز المطوع,2861,هل يسدد الورثة التمويل العقاري أم يُعفى عنهم بعد وفاة مورثهم؟ عند وفاة المقترض، لا يُحكم على سقوط التمويل العقاري أو بقائه بشكل عام، وإنما يتحدد ذلك بحسب تاريخ إبرام عقد التمويل، إضافة إلى استكمال الإجراءات النظامية. أولًا: العقود المبرمة قبل 1 / 10 / 2018 في هذا النوع من العقود، لا يسقط التمويل تلقائيًا، ويخضع الإعفاء لشروط وضوابط محددة، من أبرزها: نطاق الإعفاء •الإعفاء مشروط. •يخضع لمراجعة شركة التأمين. •يُنظر في سبب الوفاة والتاريخ المرضي للمقترض. •يشترط الإفصاح الصحي عند توقيع العقد. أثر عدم,هل يسدد الورثة التمويل العقاري,2026
,الأنظمة والتشريعات,2026-01-28T01:39:25,1,,رابط,azizlawyer_post_2867,منشور قانوني نصي عام؛ عنوانه مقتبس من أول سطر في المصدر دون تنزيل مرفقات.,,False,,,https://t.me/azizlawyer/2867,بحث,2867,,قناة ثقافة قانونية — المحامي عبدالعزيز المطوع (@azizlawyer),16,المحامي عبدالعزيز المطوع,2867,إذا كان عندك مطالبة مالية، مهم تعرف وين ترفعها وتكون كالتالي: فرد ضد فرد (المحكمة العامة) تاجر ضد تاجر (المحكمة التجارية) تاجر ضد فرد (المحكمة العامة) فرد ضد تاجر (فيه العقود التجارية) تحت 500 ألف (المحكمة العامة) فرد ضد تاجر (فيه العقود التجارية) فوق 500 ألف (المحكمة التجارية),إذا كان عندك مطالبة مالية، مهم تعرف وين ترفعها وتكون كالتالي,2026
,المحاماة والمرافعات,2026-02-01T20:20:24,1,,رابط,azizlawyer_post_2872,منشور قانوني نصي عام؛ عنوانه مقتبس من أول سطر في المصدر دون تنزيل مرفقات.,,False,,,https://t.me/azizlawyer/2872,بحث,2872,,قناة ثقافة قانونية — المحامي عبدالعزيز المطوع (@azizlawyer),16,المحامي عبدالعزيز المطوع,2872,إذا أغفلت محكمة الدرجة الأولى النظر في بعض الإجراءات، فإن محكمة الاستئناف هي المختصة باستكمال النظر في الإجراء المُغفَل، ولا يتعارض ذلك مع المادة (175) من نظام المرافعات الشرعية، والمادة (35/ 2) من اللائحة التنفيذية لطرق الاعتراض على الأحكام؛ إذ إن عدم نظر محكمة الاستئناف يتعلق بالطلبات الموضوعية المُغفَلة، ولا يشمل الإجراءات المُغفَلة. وهذا ما قررته المحكمة العليا في قرار النقض الصادر منها في القضية رقم (4470080145)، وجاء في حيثيات القرار ما نصه: ولأن المحكمة، إذ قررت نظر الاعتراض بطريق المرافع,إذا أغفلت محكمة الدرجة الأولى النظر في بعض الإجراءات، فإن محكمة الاستئناف هي المختصة باستكمال النظر في الإجراء المُغفَل، ولا يتعارض ذلك مع المادة (175) من نظام المرافعات,2026
,الأنظمة والتشريعات,2026-02-03T17:53:59,1,,رابط,azizlawyer_post_2875,منشور قانوني نصي عام؛ عنوانه مقتبس من أول سطر في المصدر دون تنزيل مرفقات.,,False,,,https://t.me/azizlawyer/2875,بحث,2875,,قناة ثقافة قانونية — المحامي عبدالعزيز المطوع (@azizlawyer),16,المحامي عبدالعزيز المطوع,2875,من المسائل المهمة في نظامالمعاملاتالمدنية (انتقال الالتزام) ومن فروعه: حوالة الحق. ومن أحكامها: - أن للدائن أن يحيل حقه إلى شخص آخر ولا يشترط لانعقاد الحوالة رضى المدين بها. - كما انه لا تكون حوالة الحق نافذة تجاه المدين أو تجاه الغير إلا إذا قبلها المدين أو أُعلِم بها بأي وسيلة مقررة نظامًا، على أن نفاذها تجاه الغير بقبول المدين يستلزم أن يكون هذا القبول ثابت التاريخ ومكتوبًا. - كما أن المحيل لا يضمن يسار المدين إلا إذا وجد اتفاق خاص على هذا الضمان، وإذا ضمن المحيل يسار المدين لا ينصرف هذا الضم,من المسائل المهمة في نظامالمعاملاتالمدنية (انتقال الالتزام) ومن فروعه: حوالة الحق,2026
,الأنظمة والتشريعات,2026-02-03T17:54:24,1,,رابط,azizlawyer_post_2876,منشور قانوني نصي عام؛ عنوانه مقتبس من أول سطر في المصدر دون تنزيل مرفقات.,,False,,,https://t.me/azizlawyer/2876,بحث,2876,,قناة ثقافة قانونية — المحامي عبدالعزيز المطوع (@azizlawyer),16,المحامي عبدالعزيز المطوع,2876,من المسائل المهمة في نظامالمعاملاتالمدنية (انتقال الالتزام) ومن فروعه: حوالة الدين، وتعني: عقد يقتضي نقل الالتزام من ذمة المحيل إلى ذمة المحال عليه. ومن أحكامه: - أن حوالة الدين تنعقد باتفاق بين المحيل والمحال عليه، ولا تنفذ في حق المحال إلا إذا قبلها. - إذا لم يقبل المحال الحوالة فإن المحال عليه يكون ملزمًا تجاه المحيل بالوفاء للمحال، ما لم يُتفق على خلاف ذلك، أو يتبين من ظروف الحال أن نفاذ الحوالة بينهما معلق على قبول المحال. - يجوز أن تنعقد حوالة الدين باتفاقٍ بين المحيل والمحال، ولا تنفذ في ,من المسائل المهمة في نظامالمعاملاتالمدنية (انتقال الالتزام) ومن فروعه: حوالة الدين، وتعني: عقد يقتضي نقل الالتزام من ذمة المحيل إلى ذمة المحال عليه,2026
,الأحوال الشخصية والتركات,2026-02-14T12:00:18,1,,رابط,azizlawyer_post_2884,منشور قانوني نصي عام؛ عنوانه مقتبس من أول سطر في المصدر دون تنزيل مرفقات.,,False,,,https://t.me/azizlawyer/2884,بحث,2884,,قناة ثقافة قانونية — المحامي عبدالعزيز المطوع (@azizlawyer),16,المحامي عبدالعزيز المطوع,2884,إذا خلا حساب المنفذ ضده من أي مبالغ، في حين تتوافر لديك قرائن تدل على وجود أموال أخفاها أو نقلها للغير بقصد التهرب من التنفيذ، فالمعالجة النظامية لا تقف عند ظاهر الرصيد البنكي، بل تمتد إلى تتبع مصادر المال والتصرفات المشبوهة. الخلاصة في مسارين نظاميين مهمين: أولاً: متى ثبت أو ترجّح أن المنفذ ضده قام بإخفاء أمواله، أو تحويلها لأشخاص مقرّبين، أو موظفين لديه، أو جهات يتعامل معها، أو صدر له حكم بمبلغ مالي ويتعمد عدم تنفيذه حتى لا يُستقطع منه، أو يمتلك عقارات لم يُفصح عنها — فلك أن تتقدم إلى قاضي الت,إذا خلا حساب المنفذ ضده من أي مبالغ، في حين تتوافر لديك قرائن تدل على وجود أموال أخفاها أو نقلها للغير بقصد التهرب من التنفيذ، فالمعالجة النظامية لا تقف عند ظاهر الرصيد ا,2026
,القضاء والإثبات,2026-04-13T10:47:24,1,,رابط,azizlawyer_post_2913,منشور قانوني نصي عام؛ عنوانه مقتبس من أول سطر في المصدر دون تنزيل مرفقات.,,False,,,https://t.me/azizlawyer/2913,بحث,2913,,قناة ثقافة قانونية — المحامي عبدالعزيز المطوع (@azizlawyer),16,المحامي عبدالعزيز المطوع,2913,استشارة قانونية أنا عضو مجلس إدارة، وصوّتُّ على قرار استثماري بناءً على المعطيات المتاحة وقتها، لكن القرار لاحقًا ما كان موفق وسبب خسارة للشركة. هل ممكن أتحمل المسؤولية لمجرد أن النتيجة كانت سلبية؟ مجرد تحقق الخسارة ما يكفي لقيام المسؤولية، العبرة تكون بوقت اتخاذ القرار وطريقة تقديره. فإذا كان القرار صدر بدون مصلحة شخصية، وبناءً على معلومات كافية في حدود الظروف، وباعتقاد معقول أنه يحقق مصلحة الشركة، ففي هذه الحالة يُعد أنك أديت واجبك، ولا تُسأل عن نتيجته حتى لو كانت سلبية. وقد قرر النظام ذلك، حي,استشارة قانونية,2026
,المحاماة والمرافعات,2026-04-15T15:14:47,1,,رابط,azizlawyer_post_2920,منشور قانوني نصي عام؛ عنوانه مقتبس من أول سطر في المصدر دون تنزيل مرفقات.,,False,,,https://t.me/azizlawyer/2920,بحث,2920,,قناة ثقافة قانونية — المحامي عبدالعزيز المطوع (@azizlawyer),16,المحامي عبدالعزيز المطوع,2920,"تتبع الأموال والعقارات في النظام الجديد ️ النظام القديم: كان بعض المدينين يلجؤون للتحايل عبر نقل ملكية العقارات لأقارب أو أطراف أخرى (صورية)، أو إخفاء الأصول بطرق غير مشروعة. وقد يؤدي ذلك إلى تعثر التنفيذ، وإرهاق الدائن في دعاوى ""صورية عقود"" مستقلة وطويلة، مما يزعزع الثقة في قرارات التنفيذ. ️ النظام الجديد: منح النظام قاضي التنفيذ صلاحيات لإبطال أي تصرف يثبت استهدافه التهرب من التنفيذ، مع إلزام ""الغير"" (الذي نُقلت إليه الأموال) بالإفصاح. مع تجريم إخفاء الأموال أو تقديم بيانات مضللة. ️ الأثر المت",تتبع الأموال والعقارات في النظام الجديد,2026
,القضاء والإثبات,2026-04-18T13:23:31,1,,رابط,azizlawyer_post_2926,منشور قانوني نصي عام؛ عنوانه مقتبس من أول سطر في المصدر دون تنزيل مرفقات.,,False,,,https://t.me/azizlawyer/2926,بحث,2926,,قناة ثقافة قانونية — المحامي عبدالعزيز المطوع (@azizlawyer),16,المحامي عبدالعزيز المطوع,2926,"ماذا يقصد ""بفتح إجراء إعادة التنظيم المالي""؟ هو ""طوق نجاة"" قانوني للشركات المتعثرة. المحكمة توقف المطالبات القضائية وتعطي الشركة فرصة تتنفس وترتب أوراقها. الهدف منه تجميد الديون مؤقتاً، وضع خطة سداد واقعية، واستمرار العمل بدلاً من الإفلاس والإغلاق. باختصار هو فرصة ثانية للبقاء","ماذا يقصد ""بفتح إجراء إعادة التنظيم المالي""؟",2026
,المحاماة والمرافعات,2026-04-27T20:38:00,1,,رابط,azizlawyer_post_2936,منشور قانوني نصي عام؛ عنوانه مقتبس من أول سطر في المصدر دون تنزيل مرفقات.,,False,,,https://t.me/azizlawyer/2936,بحث,2936,,قناة ثقافة قانونية — المحامي عبدالعزيز المطوع (@azizlawyer),16,المحامي عبدالعزيز المطوع,2936,قرار مجلس الوزراء رقم : (٧٤٦) وتاريخ : ١٤٤٧/١٠/٢٦هـ أبرز ما ورد قي قرار مجلس الوزراء، ما يلي : أولاً: الموافقة على نظام التنفيذ بالصيغة المرافقة. ثانياً: تُعد جميع الأحكام والأوامر والقرارات الصادرة قبل نفاذ النظام صحيحة، وتظل خاضعة للأحكام التي كانت سارية قبل نفاذه. ثالثاً: لا تُطبق أحكام نظام التنفيذ على دعاوى منازعات التنفيذ التي صدر فيها حكم نهائي قبل نفاذه. رابعاً: تتولى محاكم التنفيذ تنفيذ قرارات وأوامر اللجان ذات الاختصاص شبه القضائي وفقاً للنظام الجديد. خامساً: تُعد الكمبيالات والسندات ل,قرار مجلس الوزراء رقم : (٧٤٦),2026
,المحاماة والمرافعات,2026-04-27T20:39:46,1,,رابط,azizlawyer_post_2937,منشور قانوني نصي عام؛ عنوانه مقتبس من أول سطر في المصدر دون تنزيل مرفقات.,,False,,,https://t.me/azizlawyer/2937,بحث,2937,,قناة ثقافة قانونية — المحامي عبدالعزيز المطوع (@azizlawyer),16,المحامي عبدالعزيز المطوع,2937,هل تسري أحكام نظام التنفيذ الجديد على منازعات التنفيذ التي صدر فيها حكم نهائي قبل بدء العمل بالنظام؟ لا تُطبق أحكام نظام التنفيذ الجديد على دعاوى منازعات التنفيذ التي صدر فيها حكم نهائي قبل تاريخ نفاذه، وذلك حفاظًا على استقرار الأحكام القضائية وعدم المساس بما استقر عليه القضاء قبل صدور النظام الجديد. مثال: إذا صدر حكم نهائي في منازعة تنفيذ قبل نفاذ نظام التنفيذ الجديد، ثم صدر النظام بعد ذلك، فلا يحق إعادة النظر في تلك المنازعة أو تطبيق النظام الجديد عليها. نظامالتنفيذالجديد,هل تسري أحكام نظام التنفيذ الجديد على منازعات التنفيذ التي صدر فيها حكم نهائي قبل بدء العمل بالنظام؟,2026
,القضاء والإثبات,2026-04-27T21:09:19,1,,رابط,azizlawyer_post_2938,منشور قانوني نصي عام؛ عنوانه مقتبس من أول سطر في المصدر دون تنزيل مرفقات.,,False,,,https://t.me/azizlawyer/2938,بحث,2938,,قناة ثقافة قانونية — المحامي عبدالعزيز المطوع (@azizlawyer),16,المحامي عبدالعزيز المطوع,2938,في هذا اليوم الاثنين الموافق 1447/11/10هـ نشر نظام التنفيذ الجديد على نطاق واسع في وسائل التواصل الاجتماعي ، ومن المتوقع نشره في العدد القادم من الجريدة الرسمية ( ام القرى ) ويعمل بالنظام بعد مضي 180 يوماً من تاريخ نشره بالجريدة الرسمية وسوف تصدر وزارة العدل اللائحة التنفيذية قبل سريان تطبيق النظام . نظامالتنفيذالجديد,في هذا اليوم الاثنين الموافق 1447/11/10هـ نشر نظام التنفيذ الجديد على نطاق واسع في وسائل التواصل الاجتماعي ، ومن المتوقع نشره في العدد القادم من الجريدة الرسمية ( ام القر,2026
,المحاماة والمرافعات,2026-04-28T16:17:22,1,,رابط,azizlawyer_post_2939,منشور قانوني نصي عام؛ عنوانه مقتبس من أول سطر في المصدر دون تنزيل مرفقات.,,False,,,https://t.me/azizlawyer/2939,بحث,2939,,قناة ثقافة قانونية — المحامي عبدالعزيز المطوع (@azizlawyer),16,المحامي عبدالعزيز المطوع,2939,ومن أبرز الأحكام التي تضمنها النظام الجديد: - تتكون محكمة التنفيذ من دوائر ابتدائية ودوائر استئناف، أو دوائر ابتدائية فقط. - لا يجوز التنفيذ الجبري إلا بسند تنفيذي؛ اقتضاءً لحق معين حالّ الأداء. - إذا كان السند التنفيذي كمبيالة أو سندًا لأمر، فلا بد أن تكون مسجلة في المنصات الإلكترونية الوطنية. - إذا كان السند التنفيذي معلقًا على تنفيذ التزام لا يُعلم تحقق تنفيذه من السند نفسه، فيجوز التقدم إلى المحكمة بطلب تنفيذه مرافقا له تقرير من إحدى جهات الخبرة التي تعتمدها الوزارة (تنويه: يشمل هذا الحكم فق,ومن أبرز الأحكام التي تضمنها النظام الجديد,2026
,الأحوال الشخصية والتركات,2026-04-29T11:06:59,1,,رابط,azizlawyer_post_2942,منشور قانوني نصي عام؛ عنوانه مقتبس من أول سطر في المصدر دون تنزيل مرفقات.,,False,,,https://t.me/azizlawyer/2942,بحث,2942,,قناة ثقافة قانونية — المحامي عبدالعزيز المطوع (@azizlawyer),16,المحامي عبدالعزيز المطوع,2942,أموال لا يجوز الحجز عليها في نظام التنفيذ الجديد يحمي النظام بعض الأموال الأساسية للمدين، لضمان الحد الأدنى من المعيشة وعدم الإضرار به أو بمن يعولهم: ️ الأموال العامة: لا يجوز الحجز عليها مطلقًا. ️ مسكن المدين ووسيلة نقله ومستلزماته الأساسية: بما لا يتجاوز قدر الكفاية له ولمن يعولهم، وكذلك أدوات مهنته وحرفته. ويُستثنى: إذا كان المال مرهونًا للدائن أو هو أصل النزاع. ️ الرواتب والأجور: لا تُحجز كاملة، وإنما: 1.حتى 50% لدين النفقة 2.حتى ثلث الراتب للديون الأخرى ومع التزاحم: تُقدّم النفقة أولًا. ️ م,أموال لا يجوز الحجز عليها في نظام التنفيذ الجديد,2026
,القضاء والإثبات,2026-04-30T16:22:40,1,,رابط,azizlawyer_post_2943,منشور قانوني نصي عام؛ عنوانه مقتبس من أول سطر في المصدر دون تنزيل مرفقات.,,False,,,https://t.me/azizlawyer/2943,بحث,2943,,قناة ثقافة قانونية — المحامي عبدالعزيز المطوع (@azizlawyer),16,المحامي عبدالعزيز المطوع,2943,متى ترفع المحكمة المنع من السفر ؟ ترفع المحكمة قرار منع السفر في نظام التنفيذ الجديد وفقاً للحالات التالية: ️ إذا ثبت بتقرير طبي معتمد أن المنفذ ضده بحاجة للعلاج خارج المملكة. ️ إذا كان إجمالي الديون محل التنفيذ منخفضًا وفق ما تحدده اللائحة (أي في الحدود التي لا تستدعي استمرار المنع). ️ إذا كانت طبيعة عمل المنفذ ضده أو مهنته أو وظيفته تتطلب السفر خارج المملكة. ️ إذا ترتب على استمرار المنع ضرر واضح على المنفذ ضده، تراه المحكمة مبررًا لرفع الإجراء. ️ إذا قام المنفذ ضده بالإفصاح عن أموال كافية لسدا,متى ترفع المحكمة المنع من السفر ؟,2026
,الأحوال الشخصية والتركات,2026-04-30T17:35:10,1,,رابط,azizlawyer_post_2944,منشور قانوني نصي عام؛ عنوانه مقتبس من أول سطر في المصدر دون تنزيل مرفقات.,,False,,,https://t.me/azizlawyer/2944,بحث,2944,,قناة ثقافة قانونية — المحامي عبدالعزيز المطوع (@azizlawyer),16,المحامي عبدالعزيز المطوع,2944,أقل وأعلى مدة المنع من السفر في نظام التنفيذ الجديد ️ أقل مدة: تُصدر المحكمة قرار المنع من السفر لمدة تبدأ من عند تحقق شروط التنفيذ بعد المدة النظامية (أي بعد انقضاء 5 أيام دون تنفيذ)، وغالبًا تُحدد أوليًا بمدة تصل إلى 3 سنوات كحد أولي. ️ أعلى مدة: يمكن تمديد المنع بناءً على طلب طالب التنفيذ، لكن بشرط ألا تتجاوز المدة الإجمالية 6 سنوات كحد أقصى. ينتهي المنع من السفر تلقائيًا في جميع الأحوال بمجرد انتهاء طلب التنفيذ أو سداد الحق محل السند التنفيذي. نظامالتنفيذالجديد,أقل وأعلى مدة المنع من السفر في نظام التنفيذ الجديد,2026
,المحاماة والمرافعات,2026-05-12T16:49:21,1,,رابط,azizlawyer_post_2962,منشور قانوني نصي عام؛ عنوانه مقتبس من أول سطر في المصدر دون تنزيل مرفقات.,,False,,,https://t.me/azizlawyer/2962,بحث,2962,,قناة ثقافة قانونية — المحامي عبدالعزيز المطوع (@azizlawyer),16,المحامي عبدالعزيز المطوع,2962,ملخص المدد النظامية أمام ديوانالمظالم : • استيفاء النقص: 30 يومًا. • التظلم للجهة: 10 سنوات. • رفع الدعوى بعد القرار: 60 يومًا. • تنفيذ القرار: 60 يومًا. • التظلم قبل الدعوى: 60 يومًا. • سقوط الحق: بعد 10 سنوات من نشوء الحق,ملخص المدد النظامية أمام ديوانالمظالم,2026
,القضاء والإثبات,2026-05-15T19:58:00,1,,رابط,azizlawyer_post_2972,منشور قانوني نصي عام؛ عنوانه مقتبس من أول سطر في المصدر دون تنزيل مرفقات.,,False,,,https://t.me/azizlawyer/2972,بحث,2972,,قناة ثقافة قانونية — المحامي عبدالعزيز المطوع (@azizlawyer),16,المحامي عبدالعزيز المطوع,2972,| أصدر معالي وزيرالتجارة ماجد بن عبدالله القصبي قرارًا وزاريًا جديدًا يفرض عقوبات مباشرة على الشركات المخالفة لواجب إيداع القوائمالمالية، بهدف تعزيز الشفافية والالتزام بأحكام نظام الشركات السعودي. | ما تضمنه القرار: ️| فرض عقوبات مباشرة على الشركات المتأخرة في إيداع القوائم المالية خلال المدة النظامية. ️| تطبيق القرار على جميع أشكال الشركات عدا الشركات المساهمة المدرجة. ️| مراعاة الشركات الصغيرة ومتناهية الصغر بتخفيض الغرامات بحسب حجم الشركة وعدد المديرين. ️| غرامة الشركات الصغيرة ومتناهية الصغر,| أصدر معالي وزيرالتجارة ماجد بن عبدالله القصبي قرارًا وزاريًا جديدًا يفرض عقوبات مباشرة على الشركات المخالفة لواجب إيداع القوائمالمالية، بهدف تعزيز الشفافية والالتزام بأ,2026
,الأنظمة والتشريعات,2026-05-17T11:47:03,1,,رابط,azizlawyer_post_2977,منشور قانوني نصي عام؛ عنوانه مقتبس من أول سطر في المصدر دون تنزيل مرفقات.,,False,,,https://t.me/azizlawyer/2977,بحث,2977,,قناة ثقافة قانونية — المحامي عبدالعزيز المطوع (@azizlawyer),16,المحامي عبدالعزيز المطوع,2977,"قواعد العمل بتحمل رسوم المتأخرات كالتالي: يتحمل صاحب العمل السابق مديونية رخص العمل في حال كانت حالة الموظف ""على رأس العمل"" وتم نقله بعد القرار الوزاري. يتحمل صاحب العمل الجديد مديونية رخص العمل في حال كانت حالة الموظف ""متغيب"". يتحمل صاحب العمل الجديد مديونية رخص العمل في حال كانت حالة المنشأة المنقول منها الموظف ""غير قائمة"" أو ""تحت الاجراء"". يتحمل صاحب العمل الجديد رسوم تجديد رخصة العمل في حال انتهاء رخصة العامل خلال فترة السماح بعد نقل خدماته إلى صاحب العمل الجديد (في حال عدم النقل تبقى الرسوم",قواعد العمل بتحمل رسوم المتأخرات كالتالي,2026
,المحاماة والمرافعات,2026-05-17T17:42:18,1,,رابط,azizlawyer_post_2978,منشور قانوني نصي عام؛ عنوانه مقتبس من أول سطر في المصدر دون تنزيل مرفقات.,,False,,,https://t.me/azizlawyer/2978,بحث,2978,,قناة ثقافة قانونية — المحامي عبدالعزيز المطوع (@azizlawyer),16,المحامي عبدالعزيز المطوع,2978,القول بعدم قبول الإثبات بشهادة الشهود فيما زاد على مائة ألف ريال، أو كان غير محدد القيمة، ليس على إطلاقه، بل يختلف بحسب الأحوال الآتية: أولًا: إذا كان محل الإثبات واقعة مادية، جاز الإثبات بشهادة الشهود، كالمطالبة بالتعويض عن فعل ضار، أو إثبات العيوب الخفية في المعقود عليه، أو إثبات أحد عيوب الرضا؛ كالغلط، أو التغرير، أو الإكراه. ثانيًا: إذا كان محل الإثبات تصرفًا، ووجد اتفاق مكتوب بين الأطراف، أو نص نظامي يجيز الإثبات بشهادة الشهود، قُبل الإثبات بها. ثالثًا: إذا كان محل الإثبات تصرفًا، ولم يوجد ,القول بعدم قبول الإثبات بشهادة الشهود فيما زاد على مائة ألف ريال، أو كان غير محدد القيمة، ليس على إطلاقه، بل يختلف بحسب الأحوال الآتية,2026
,القضاء والإثبات,2026-06-06T15:24:30,1,,رابط,azizlawyer_post_2991,منشور قانوني نصي عام؛ عنوانه مقتبس من أول سطر في المصدر دون تنزيل مرفقات.,,False,,,https://t.me/azizlawyer/2991,بحث,2991,,قناة ثقافة قانونية — المحامي عبدالعزيز المطوع (@azizlawyer),16,المحامي عبدالعزيز المطوع,2991,️ متى يسأل المدير أو الشريك في الشركة عن ديونها من ماله الخاص؟ في نظامالشركات 1443، الأصل هو انفصال الذمة المالية للمدير عن الشركة ولا يُسأل عن ديونها بصفته الشخصية، لكن النظام حدد 8 حالات استثنائية على سبيل الحصر تسقط فيها هذه الحماية، ويلتزم فيها المدير أو الشريك (بحسب الحال) بسداد الديون بالتضامن من ماله الخاص حمايةً للدائنين والغير: 1️⃣ قبل التأسيس: التعامل باسم الشركة قبل استكمال إجراءات التأسيس (م٩-٣). 2️⃣ شركات التضامن: جميع الالتزامات الناشئة في شركات التضامن بطبيعتها (م٣٥). 3️⃣ إهمال ال,️ متى يسأل المدير أو الشريك في الشركة عن ديونها من ماله الخاص؟,2026
,القضاء والإثبات,2026-06-08T14:33:50,1,,رابط,azizlawyer_post_2992,منشور قانوني نصي عام؛ عنوانه مقتبس من أول سطر في المصدر دون تنزيل مرفقات.,,False,,,https://t.me/azizlawyer/2992,بحث,2992,,قناة ثقافة قانونية — المحامي عبدالعزيز المطوع (@azizlawyer),16,المحامي عبدالعزيز المطوع,2992,س/ لديّ سند لأمر ورقي، و بقي على تاريخ استحقاقه ثمانية أشهر، بينما سيُطبَّق نظام التنفيذ الجديد بعد نحو (180) يومًا. فما وضع هذا السند الورقي؟ وهل أستطيع تقديمه للتنفيذ عند حلول موعد استحقاقه؟ ج/ نصَّ المرسوم الملكي رقم (م/237) وتاريخ 3/ 11 / 1447هـ، القاضي بالموافقة على نظام التنفيذ الجديد، في البند (خامسًا) منه على أنه: «استثناءً مما ورد في نظام التنفيذ، تُعدّ الكمبيالات والسندات لأمر الصادرة قبل نفاذ النظام والمستوفية للشروط النظامية - عدا شرط التسجيل في المنصات الإلكترونية الوطنية - سنداتٍ ت,س/ لديّ سند لأمر ورقي، و بقي على تاريخ استحقاقه ثمانية أشهر، بينما سيُطبَّق نظام التنفيذ الجديد بعد نحو (180) يومًا,2026
,المحاماة والمرافعات,2026-06-17T09:41:09,1,,رابط,azizlawyer_post_3002,منشور قانوني نصي عام؛ عنوانه مقتبس من أول سطر في المصدر دون تنزيل مرفقات.,,False,,,https://t.me/azizlawyer/3002,بحث,3002,,قناة ثقافة قانونية — المحامي عبدالعزيز المطوع (@azizlawyer),16,المحامي عبدالعزيز المطوع,3002,متى لا تسمع الدعاوى التي تختص بنظرها المحكمة التجارية؟ لا تسمع الدعاوى التي تختص بنظرها المحكمة بعد مضي (خمس) سنوات من تاريخ نشوء الحق المدعى به، ما لم يقر المدعى عليه بالحق أو يتقدم المدعي بعذر تقبله المحكمة. المادة (24) من نظامالمحاكمالتجارية,متى لا تسمع الدعاوى التي تختص بنظرها المحكمة التجارية؟,2026
,الأحوال الشخصية والتركات,2026-06-22T10:06:01,1,,رابط,azizlawyer_post_3010,منشور قانوني نصي عام؛ عنوانه مقتبس من أول سطر في المصدر دون تنزيل مرفقات.,,False,,,https://t.me/azizlawyer/3010,بحث,3010,,قناة ثقافة قانونية — المحامي عبدالعزيز المطوع (@azizlawyer),16,المحامي عبدالعزيز المطوع,3010,معلومة ب نظامالعمل مواد قانونية ️تعويض الاجازة مادة 111 : هذا تعويض يستحق ع انتهاء العلاقة التعاقدية يتم تعويض الموظف بجميع الرصيد الغير مستخدم تكون مستحقه مهما كانت مدة الخدمة وسبب الانهاء ️تعويض فترة الاشعار مادة 76 : تعويض عن فترة الاشعار ال 60 يوم اذا لم يلتزم فيها صاحب العمل ع الانهاء بسبب مشروع بالعقود الغير محدد المدة ️تعويض الفصل بدون سبب مشروع مادة 77 : عند الانهاء بدون سبب مشروع تستحق باقي قيمة العقد المحدد والعقد غير محدد على كل سنه نصف راتب(بشرط لايقل عن راتبين) وتذكر اذا هناك تعويض ,معلومة ب نظامالعمل,2026
,الأحوال الشخصية والتركات,2026-07-01T10:38:54,1,,رابط,azizlawyer_post_3024,منشور قانوني نصي عام؛ عنوانه مقتبس من أول سطر في المصدر دون تنزيل مرفقات.,,False,,,https://t.me/azizlawyer/3024,بحث,3024,,قناة ثقافة قانونية — المحامي عبدالعزيز المطوع (@azizlawyer),16,المحامي عبدالعزيز المطوع,3024,مصادر الالتزام هي الأسباب القانونية التي تنشئ حقاً أو واجباً مالياً بين الأفراد. وتعتمد القوانين المدنية، بما فيها نظام المعاملات المدنية، على خمسة مصادر رئيسية تشمل: العقد، الإرادة المنفردة، الفعل الضار، الفعل النافع، والقانون. العقد: توافق إرادتين (شخصين أو أكثر) على إحداث أثر قانوني، مثل إنشاء إلتزام أو تعديله، مثال: عقد البيع أو الإيجار، القاعدة: العقد شريعة المتعاقدين، ويجب تنفيذه بحسن نية. الإرادة المنفردة: إلتزام يقع على عاتق شخص واحد نتيجة إرادته وحدها، دون حاجة لموافقة طرف آخر، مثال: ال,مصادر الالتزام هي الأسباب القانونية التي تنشئ حقاً أو واجباً مالياً بين الأفراد,2026
,الأحوال الشخصية والتركات,2026-07-02T11:16:53,1,,رابط,azizlawyer_post_3027,منشور قانوني نصي عام؛ عنوانه مقتبس من أول سطر في المصدر دون تنزيل مرفقات.,,False,,,https://t.me/azizlawyer/3027,بحث,3027,,قناة ثقافة قانونية — المحامي عبدالعزيز المطوع (@azizlawyer),16,المحامي عبدالعزيز المطوع,3027,في الشركة ذات المسؤولية المحدودة، أجاز نظام الشركات أن تكون حصة الشريك عملاً يلتزم بتقديمه للشركة. ويترتب على الحصة المقدمة بالعمل أحكامٌ تختلف عن الأحكام المقررة للحصص النقدية والعينية، ومن أبرزها: 1- تكون حصة الشريك بالعمل مقابل نصيب في أرباح الشركة، ولا تُعد جزءًا من رأس مالها، ولكن يجوز للشركاء أو المؤسسين تقديم حصة أو أسهم له في رأس مال الشركة مقابل قيامه بعمل أو خدمات تعود على الشركة بالنفع. 2- يكون كل كسب ينتج عن العمل الذي تعهد به الشريك من حق الشركة، باستثناء ما يحصل عليه من حقوق الملكي,في الشركة ذات المسؤولية المحدودة، أجاز نظام الشركات أن تكون حصة الشريك عملاً يلتزم بتقديمه للشركة,2026
,الأنظمة والتشريعات,2026-07-02T11:21:11,1,,رابط,azizlawyer_post_3028,منشور قانوني نصي عام؛ عنوانه مقتبس من أول سطر في المصدر دون تنزيل مرفقات.,,False,,,https://t.me/azizlawyer/3028,بحث,3028,,قناة ثقافة قانونية — المحامي عبدالعزيز المطوع (@azizlawyer),16,المحامي عبدالعزيز المطوع,3028,هل يستحق العامل مكافأة نهاية الخدمة إذا أنهى عقده بنفسه بموجب المادة (77) من نظام العمل؟ وكيف يتم احتسابها؟ الإجابة: إن المنظم حدد على سبيل الحصر الحالات التي يُحرم فيها العامل من مكافأة نهاية الخدمة، وهي: - إذا انتهت علاقة العمل بسبب فصل العامل وفق أحكام المادة (80) من نظام العمل. - إذا انتهت علاقة العمل باستقالة العامل قبل إكمال سنتين من الخدمة. - إذا انتهت علاقة العمل خلال فترة التجربة. وفيما عدا هذه الحالات الثلاث، يبقى الأصل هو استحقاق العامل لمكافأة نهاية الخدمة متى توافرت شروطها النظامية.,هل يستحق العامل مكافأة نهاية الخدمة إذا أنهى عقده بنفسه بموجب المادة (77) من نظام العمل؟,2026
,القضاء والإثبات,2026-07-07T22:18:15,1,,رابط,azizlawyer_post_3049,منشور قانوني نصي عام؛ عنوانه مقتبس من أول سطر في المصدر دون تنزيل مرفقات.,,False,,,https://t.me/azizlawyer/3049,بحث,3049,,قناة ثقافة قانونية — المحامي عبدالعزيز المطوع (@azizlawyer),16,المحامي عبدالعزيز المطوع,3049,أحكامُ الاعتراضِ في نظامِ الإفلاسِ ولائحتِهِ التنفيذيَّةِ وقواعدِهِ تتسمُ أحكام الاعتراض في نظام الإفلاس بطبيعةٍ خاصَّة؛ نظرًا لما أفردهُ لها المنظِّم من أحكامٍ تتناسب مع مُقتضيات إجراءات الإفلاس وتعدُّد أطرافها؛ إذ تتَّصل بالمدين والدائن وأمين الإفلاس ولجنة الإفلاس، وكلِّ ذي مصلحةٍ في الإجراء. وعليه؛ جاء هذا البحث لجمع أبرز الأحكام المتعلِّقة بالاعتراض في نظام الإفلاس ولائحته التنفيذيَّة وقواعده المنظِّمة؛ لبيان ضوابطهِ، وتصنيف حالاتهِ، واستقراء تطبيقاتهِ القضائيّة,أحكامُ الاعتراضِ في نظامِ الإفلاسِ ولائحتِهِ التنفيذيَّةِ وقواعدِهِ,2026
,الأنظمة والتشريعات,2026-07-09T12:20:03,1,,رابط,azizlawyer_post_3054,منشور قانوني نصي عام؛ عنوانه مقتبس من أول سطر في المصدر دون تنزيل مرفقات.,,False,,,https://t.me/azizlawyer/3054,بحث,3054,,قناة ثقافة قانونية — المحامي عبدالعزيز المطوع (@azizlawyer),16,المحامي عبدالعزيز المطوع,3054,إن الاستناد إلى المادة (8) من نظام العمل في عدم صحة الشروط أو الإبراءات أو المصالحات التي تتضمن انتقاصًا من حقوق العامل، لكونها في غير مصلحته، إنما يكون بالنسبة إلى ما يتم الاتفاق عليه أثناء سريان علاقة العمل. أما الاتفاقات التي تُبرم قبل بدء سريان عقد العمل أو بعد انتهاء العلاقة العمالية، فلا يسري عليها حكم المادة (8)، وإنما تخضع للقواعد العامة، ومن ذلك عدم مخالفة أحكام النظام العام ونحوها,إن الاستناد إلى المادة (8) من نظام العمل في عدم صحة الشروط أو الإبراءات أو المصالحات التي تتضمن انتقاصًا من حقوق العامل، لكونها في غير مصلحته، إنما يكون بالنسبة إلى ما يت,2026
,الأحوال الشخصية والتركات,2026-07-11T16:03:13,1,,رابط,azizlawyer_post_3061,منشور قانوني نصي عام؛ عنوانه مقتبس من أول سطر في المصدر دون تنزيل مرفقات.,,False,,,https://t.me/azizlawyer/3061,بحث,3061,,قناة ثقافة قانونية — المحامي عبدالعزيز المطوع (@azizlawyer),16,المحامي عبدالعزيز المطوع,3061,مات شخص، ثم قُسمت تركته بين الورثة، وبعد القسمة جاء دائن وقال: لي على مورثكم مليون ريال. فهل يلزم الورثة أن يدفعوا هذا الدين من أموالهم الخاصة؟ الأصل أن ديون الميت تتعلق بتركته، لا بذمم الورثة استقلالاً. فإذا كان الدين ثابتاً، وكانت التركة قد قُسمت، فإن للدائن أن يرجع على الورثة بقدر ما وصل إليهم من التركة. فلو كانت التركة التي أخذها الورثة ثلاثة ملايين، والدين مليون، رجع الدائن عليهم بالمليون، كل وارث بقدر نصيبه مما أخذ. أما لو لم يصل للورثة من التركة إلا خمسمائة ألف، وكان الدين مليوناً، فإن رج,مات شخص، ثم قُسمت تركته بين الورثة، وبعد القسمة جاء دائن وقال,2026
,الأحوال الشخصية والتركات,2026-07-21T22:02:06,1,,رابط,azizlawyer_post_3085,منشور قانوني نصي عام؛ عنوانه مقتبس من أول سطر في المصدر دون تنزيل مرفقات.,,False,,,https://t.me/azizlawyer/3085,بحث,3085,,قناة ثقافة قانونية — المحامي عبدالعزيز المطوع (@azizlawyer),16,المحامي عبدالعزيز المطوع,3085,بند جديد في عقد إيجار أضافت منصة إيجار بند بعنوان (القانون الحاكم وتسوية المنازعات)، ونص على أن العقد يخضع لأنظمة المملكة، مع تحديد الحقوق والالتزامات التي تنفذ مباشرة أمام محكمة التنفيذ، وتشمل: ◽️سداد الأجرة والمبالغ المستحقة. ◽️إخلاء العقار عند انتهاء مدة العقد أو انتهائه لأي سبب. ◽️سداد الأجرة اليومية عند التأخر في الإخلاء. ◽️أما بقية المنازعات الناشئة عن العقد، فتختص بها الجهة القضائية المختصة في المملكة العربية السعودية. نص الفقرة الجديدة: (القانون الحاكم وتسوية المنازعات) - يخضع هذا العقد ,بند جديد في عقد إيجار,2026
,الأنظمة والتشريعات,2026-07-28T21:40:37,1,,رابط,azizlawyer_post_3120,منشور قانوني نصي عام؛ عنوانه مقتبس من أول سطر في المصدر دون تنزيل مرفقات.,,False,,,https://t.me/azizlawyer/3120,بحث,3120,,قناة ثقافة قانونية — المحامي عبدالعزيز المطوع (@azizlawyer),16,المحامي عبدالعزيز المطوع,3120,مجلس الوزراء يقرّ نقل أبرز المنصات والأنظمة العقارية إلى الهيئة العامة للعقار خلال 6 أشهر. تشمل المنصات والأنظمة التي ستنتقل: ️ منصة البورصة العقارية تطبيق البورصة العقارية ️ النظام الشامل نظام تكشيف البيانات نظام رقمنة الوثائق ️ نظام إدخال البيانات الأساسية وذلك ضمن خطوة لتوحيد وإدارة المنظومة الرقمية للتوثيق العقاري تحت جهة واحدة,مجلس الوزراء يقرّ نقل أبرز المنصات والأنظمة العقارية إلى الهيئة العامة للعقار خلال 6 أشهر,2026
,القضاء والإثبات,2026-07-30T13:38:49,1,,رابط,azizlawyer_post_3124,منشور قانوني نصي عام؛ عنوانه مقتبس من أول سطر في المصدر دون تنزيل مرفقات.,,False,,,https://t.me/azizlawyer/3124,بحث,3124,,قناة ثقافة قانونية — المحامي عبدالعزيز المطوع (@azizlawyer),16,المحامي عبدالعزيز المطوع,3124,ما موقف القضاء من سندلأمر ؟ من أكثر المفاهيم التي يقع فيها الخلط، الاعتقاد أن جميع المحاكم تنظر إلى السند لأمر بالطريقة نفسها. والحقيقة أن موقف القضاء يختلف باختلاف الجهة القضائية التي تنظر النزاع. فإذا كان النزاع أمام قاضي التنفيذ فإن الأصل أنه ينظر إلى السند لأمر بوصفه سندًا تنفيذيًا واجب النفاذ متى استوفى شروطه النظامية، ولا يبحث في سبب تحريره أو مدى استحقاق المبلغ الوارد فيه. ولهذا فإن وسائل الدفاع أمام قاضي التنفيذ محدودة، ومن أبرزها: إثبات تزوير السند، أو إثبات انقضاء الالتزام بالوفاء بعد ,ما موقف القضاء من سندلأمر ؟,2026
,القضاء والإثبات,2026-07-31T13:47:45,1,,رابط,azizlawyer_post_3126,منشور قانوني نصي عام؛ عنوانه مقتبس من أول سطر في المصدر دون تنزيل مرفقات.,,False,,,https://t.me/azizlawyer/3126,بحث,3126,,قناة ثقافة قانونية — المحامي عبدالعزيز المطوع (@azizlawyer),16,المحامي عبدالعزيز المطوع,3126,عقوبة منع رجال الأمن من أداء واجبهم بالقوة عقوبتها: تعزير منظم بموجب نظام مكافحةالرشوة المادة (السابعة) ونصها: يعاقب بالعقوبة المنصوص عليها في المادة الأولى من هذا النظام من يستعمل القوة أو العنف أو التهديد في حق موظف عام ليحصل منه على قضاء أمر غير مشروع أو ليحمله على اجتناب أداء عمل من الأعمال المكلف بها نظاما. وقد نصت المادة (الأولى) على: كل موظف عام طلب لنفسه أو لغيره أو قبل أو أخذ وعدا أو عطية لأداء عمل من أعمال وظيفته أو يزعم أنه من أعمال وظيفته ولو كان هذا العمل مشروعا، يعد مرتشيا ويعاقب ب,عقوبة منع رجال الأمن من أداء واجبهم بالقوة,2026
,المحاماة والمرافعات,2026-08-01T14:30:06,1,,رابط,azizlawyer_post_3129,منشور قانوني نصي عام؛ عنوانه مقتبس من أول سطر في المصدر دون تنزيل مرفقات.,,False,,,https://t.me/azizlawyer/3129,بحث,3129,,قناة ثقافة قانونية — المحامي عبدالعزيز المطوع (@azizlawyer),16,المحامي عبدالعزيز المطوع,3129,سبق الفصل في القضاء جاء في المادة رقم (86) من نظامالإثبات وأدلته الإجرائية مانصه { الأحكام التي حازت حجية الأمر المقضي حجةُ فيما فصلت فيه من الحقوق، ولا يجوز قبول دليل ينقض هذه الحجية، ولا تكون لتلك الأحكام هذه الحجية إلا في نزاع قال بين الخصوم أنفسهم دون أن تتغير صفاتهم، وتعلق بالحق ذاته محلاً وسبباً وتقضي المحكمة بهذه الحجية من تلقاء نفسها} جاء في المادة (76) من نظامالمرافعات الشرعية (الدفع بعدم جواز نظر الدعوى لسبق الفصل فيها، ويجوز الدفع به في أي مرحلة تكون فيها الدعوى، وتحكم به المحكمة من ت,سبق الفصل في القضاء,2026
,الأحوال الشخصية والتركات,2026-08-01T18:52:02,1,,رابط,azizlawyer_post_3133,منشور قانوني نصي عام؛ عنوانه مقتبس من أول سطر في المصدر دون تنزيل مرفقات.,,False,,,https://t.me/azizlawyer/3133,بحث,3133,,قناة ثقافة قانونية — المحامي عبدالعزيز المطوع (@azizlawyer),16,المحامي عبدالعزيز المطوع,3133,ما هو شرط عدم المنافسة في عقود العمل؟ وهل يعني شرط عدم المنافسة هو عدم العمل عند منافس؟ شرط عدمالمنافسة لا يعني عدم العمل عند منافس وإنما يعني ما ذكرته المادة (83) من نظام العمل اشترطت لصحة نفاذ بند عدم المنافسة من الناحية النظامية أن يكون محرراً ومكتوباً في ثلاثة أركان : 1- الركن الأول : أن يكون محدداً من حيث الزمان وفي جميع الأحوال يجب ألا تزيد مدته عن سنتان من تاريخ انتهاء العلاقة العقدية بين الطرفين. 2- الركن الثاني : أن يكون محدداً من حيث المكان بمعنى أن ينطبق هذا المنع على ذات المكان الذي ,ما هو شرط عدم المنافسة في عقود العمل؟,2026
,المحاماة والمرافعات,2026-08-05T11:25:19,1,,رابط,azizlawyer_post_3141,منشور قانوني نصي عام؛ عنوانه مقتبس من أول سطر في المصدر دون تنزيل مرفقات.,,False,,,https://t.me/azizlawyer/3141,بحث,3141,,قناة ثقافة قانونية — المحامي عبدالعزيز المطوع (@azizlawyer),16,المحامي عبدالعزيز المطوع,3141,هل يجوز رفع دعوى المطالبة بأجرة العقار مع طلب الإخلاء في دعوى واحدة، أم يجب الفصل بينهما؟ الإجابة من واقع الأحكام القضائية الصادرة: نعم، يجوز الجمع بين طلب المطالبة بالأجرة المتأخرة وطلب إخلاء العقار في دعوى واحدة أمام المحكمة العامة. مع التأشير على العقار لدى التسجيل العيني,هل يجوز رفع دعوى المطالبة بأجرة العقار مع طلب الإخلاء في دعوى واحدة، أم يجب الفصل بينهما؟,2026
,المحاماة والمرافعات,2026-08-07T12:42:05,1,,رابط,azizlawyer_post_3143,منشور قانوني نصي عام؛ عنوانه مقتبس من أول سطر في المصدر دون تنزيل مرفقات.,,False,,,https://t.me/azizlawyer/3143,بحث,3143,,قناة ثقافة قانونية — المحامي عبدالعزيز المطوع (@azizlawyer),16,المحامي عبدالعزيز المطوع,3143,قبل أن ترفع دعوى افلاس ضد مدينك.. هل تأكدت من شرط الممارسة؟ كثير من الدائنين تضيع جهودهم، بسبب عدم التفريق الاجرائي بين الافلاسوالاعسار وبسبب ذلك يحكم بـ عدمقبولدعواهم. في حكم نوعي للمحكمة التجارية، تقدم أحد الدائنين - بواسطة محاميه- بصحيفة تضمنت طلبه افتتاح إجراءات التصفية ضد المدين (شخص طبيعي - مالك مؤسسة) ونظراً لقيام المدين بشطب سجله التجاري وتوقفه عن ممارسة نشاطه تم الحكم بعدم قبول الطلب استناداً للمادة (4) من نظام الإفلاس. لذا وتفحص سجل مدينك جيداً قبل قيد صحيفة دعواك. فالممارسة الموجبة لل,قبل أن ترفع دعوى افلاس ضد مدينك,2026
,القضاء والإثبات,2026-08-25T16:41:56,1,,رابط,azizlawyer_post_3163,منشور قانوني نصي عام؛ عنوانه مقتبس من أول سطر في المصدر دون تنزيل مرفقات.,,False,,,https://t.me/azizlawyer/3163,بحث,3163,,قناة ثقافة قانونية — المحامي عبدالعزيز المطوع (@azizlawyer),16,المحامي عبدالعزيز المطوع,3163,العقار الوحيد الذي (يسكن) المنفذ ضده فيه لا يجوز التنفيذ عليه، إلا أن يكون مرهونا أما العقار (الوحيد) للمنفذ ضده الذي لا يكون مسكونا له؛ كأن يكون أرضا خالية، فهذا يجوز التنفيذ عليه، حتى لو كان العقار الوحيد فمعيار عدم التنفيذ (أن يكون مسكونا وعقارا وحيدا) فمتى اختل أحد هذين الوصفين، فإن التنفيذ جائز على العقار. ويجوز شخوص مأمور التنفيذ للعقار (الوحيد) للمنفذ ضده والتحقق من سكناه فيه من عدمها، فمتى تقرر أن العقار الوحيد لا يسكن فيه المنفذ ضده، فيتم التنفيذ عليه. فهذه التفريق مهم؛ لكثرة الغلط فيه,العقار الوحيد الذي (يسكن) المنفذ ضده فيه لا يجوز التنفيذ عليه، إلا أن يكون مرهونا,2026
,الأحوال الشخصية والتركات,2026-09-30T11:56:30,1,,رابط,azizlawyer_post_3182,منشور قانوني نصي عام؛ عنوانه مقتبس من أول سطر في المصدر دون تنزيل مرفقات.,,False,,,https://t.me/azizlawyer/3182,بحث,3182,,قناة ثقافة قانونية — المحامي عبدالعزيز المطوع (@azizlawyer),16,المحامي عبدالعزيز المطوع,3182,أصحاب المنشأت والشركات بما يتعلق بالمخالفات من المهم الإطلاع على جدول المخالفات والعقوبات لكل جهة رقابية، سواء كانت وزارة الموارد البشرية (مكتب العمل)، التأمينات الاجتماعية، الأمانة أو البلدية، وفهم آلية وإجراءات رصد كل مخالفة. فوجود المخالفة لا يعني دائمًا صحة العقوبة؛ إذا تم رصدها بإجراء غير صحيح أو بالمخالفة للإجراءات النظامية، فقد يكون للمنشأة حق الاعتراض على المخالفة والاستناد إلى الخطأ الإجرائي. وتوجد مخالفات تستوجب — وفق الأنظمة والقرارات المنظمة لها — التنبيه أو الإنذار ومنح مهلة لتصحيح ,أصحاب المنشأت والشركات بما يتعلق بالمخالفات,2026
,المحاماة والمرافعات,2026-10-02T16:15:50,1,,رابط,azizlawyer_post_3183,منشور قانوني نصي عام؛ عنوانه مقتبس من أول سطر في المصدر دون تنزيل مرفقات.,,False,,,https://t.me/azizlawyer/3183,بحث,3183,,قناة ثقافة قانونية — المحامي عبدالعزيز المطوع (@azizlawyer),16,المحامي عبدالعزيز المطوع,3183,مقابل مصروفات التقاضي اتعابالمحاماة استقرت القواعد الفقهية والقضائية على تضمين من ألجأ غيره للقضاء مبنياً على الجحود أو المماطلة، كما أن الراجح من أقوال أهل العلم هو تضمين الغريم المماطل ما غرمه صاحب الحق بسبب المماطلة، متى كان الحق ثابتاً وطالبه صاحب الحق فماطله غريمه حتى أحوجه للشكاية، فما غرمه بسبب هذه المماطلة فعلى المماطل ضمانه، إذا كان الغرم على وجه معتـاد,مقابل مصروفات التقاضي اتعابالمحاماة,2026
,المحاماة والمرافعات,2022-08-04T08:38:09,1,,رابط,azizlawyer_post_953,منشور قانوني نصي عام؛ عنوانه مقتبس من أول سطر في المصدر دون تنزيل مرفقات.,,False,,,https://t.me/azizlawyer/953,بحث,953,,قناة ثقافة قانونية — المحامي عبدالعزيز المطوع (@azizlawyer),15,المحامي عبدالعزيز المطوع,953,أهم المدد في نظام الأحوال الشخصية: عدم سماع دعوى النفقة الماضية للزوجة (سنتين) والنفقة الماضية للأولاد (سنة) سقوط حق المطالبة بالحضانة (سنة) مدة السفر بالمحضون (90 يوم) مدة أداء المهر (30 يوم) مدة توثيق الطلاق أو الرجعة (15 يوم),أهم المدد في نظام الأحوال الشخصية,2022
,القضاء والإثبات,2022-09-09T15:09:07,1,,رابط,azizlawyer_post_1114,منشور قانوني نصي عام؛ عنوانه مقتبس من أول سطر في المصدر دون تنزيل مرفقات.,,False,,,https://t.me/azizlawyer/1114,بحث,1114,,قناة ثقافة قانونية — المحامي عبدالعزيز المطوع (@azizlawyer),15,المحامي عبدالعزيز المطوع,1114,مسؤولية الشركاء والمدراء في الشركة ذات المسؤولية المحدودة تجاه بعضهم البعض أوالغير تعويضاً وتضميناً بعد تعذر الوفاء عن طريق التنفيذ وفقا لنظام الشركات السعودي الصادربالمرسوم الملكي رقم (م/3) وتاريخ 1437/1/28,مسؤولية الشركاء والمدراء في الشركة ذات المسؤولية المحدودة تجاه بعضهم البعض أوالغير تعويضاً وتضميناً بعد تعذر الوفاء عن طريق التنفيذ وفقا لنظام الشركات السعودي الصادربالمر,2022
,القضاء والإثبات,2022-09-29T12:03:17,1,,رابط,azizlawyer_post_1125,منشور قانوني نصي عام؛ عنوانه مقتبس من أول سطر في المصدر دون تنزيل مرفقات.,,False,,,https://t.me/azizlawyer/1125,بحث,1125,,قناة ثقافة قانونية — المحامي عبدالعزيز المطوع (@azizlawyer),15,المحامي عبدالعزيز المطوع,1125,لقاضي التنفيذ أن يصدر حكمًا بغرامة مالية لا تزيد على عشرة آلاف ريال تودع في حساب المحكمة عن كل يوم يتأخر فيه المنفذ ضده عن التنفيذ. —— (م ٦٩ من نظام التنفيذ),لقاضي التنفيذ أن يصدر حكمًا بغرامة مالية لا تزيد على عشرة آلاف ريال تودع في حساب المحكمة عن كل يوم يتأخر فيه المنفذ ضده عن التنفيذ,2022
,القضاء والإثبات,2022-11-15T12:53:26,1,,رابط,azizlawyer_post_1207,منشور قانوني نصي عام؛ عنوانه مقتبس من أول سطر في المصدر دون تنزيل مرفقات.,,False,,,https://t.me/azizlawyer/1207,بحث,1207,,قناة ثقافة قانونية — المحامي عبدالعزيز المطوع (@azizlawyer),15,المحامي عبدالعزيز المطوع,1207,عند تقدير العقوبة على الجاني فلابد أن يتم استحضار مبدأ مهم،وهو :(تناسب العقوبة مع الجريمة)! جاء في قرار المحكمة العليا رقم 199/1/1 في 20/8/1436هـ(لابد أن تتناسب العقوبة مع الجرم). فالجريمة يختلف حجمها وأثرها وانتشارها، كما أن الجناة مختلفون من جهة السن والسوابق والدور المنوط بهم! د. يوسف الجبر,عند تقدير العقوبة على الجاني فلابد أن يتم استحضار مبدأ مهم،وهو :(تناسب العقوبة مع الجريمة)!,2022
,المحاماة والمرافعات,2023-01-09T17:07:05,1,,رابط,azizlawyer_post_1333,منشور قانوني نصي عام؛ عنوانه مقتبس من أول سطر في المصدر دون تنزيل مرفقات.,,False,,,https://t.me/azizlawyer/1333,بحث,1333,,قناة ثقافة قانونية — المحامي عبدالعزيز المطوع (@azizlawyer),15,المحامي عبدالعزيز المطوع,1333,للمتضرر من المماطلة في إجراءات التنفيذ، إقامة دعوى في مواجهة المتسبب أمام قاضي التنفيذ؛ لتعويضه عمّا لحقه من ضرر. - نظام التنفيذ م95,للمتضرر من المماطلة في إجراءات التنفيذ، إقامة دعوى في مواجهة المتسبب أمام قاضي التنفيذ؛ لتعويضه عمّا لحقه من ضرر,2023
,المحاماة والمرافعات,2023-08-29T18:44:07,1,,رابط,azizlawyer_post_1680,منشور قانوني نصي عام؛ عنوانه مقتبس من أول سطر في المصدر دون تنزيل مرفقات.,,False,,,https://t.me/azizlawyer/1680,بحث,1680,,قناة ثقافة قانونية — المحامي عبدالعزيز المطوع (@azizlawyer),15,المحامي عبدالعزيز المطوع,1680,عدم سماع الدعوى لا تُسمع الدعوى الناشئة عن الإثراء بلا سبب أو دفع غير المستحق أو الفضالة بانقضاء (ثلاث) سنوات من تاريخ علم الدائن بحقه. وفي جميع الأحوال لا تُسمع الدعوى بانقضاء (عشر) سنوات من تاريخ نشوء الحق. م159 نظام المعاملات المدنية,عدم سماع الدعوى,2023
,الأنظمة والتشريعات,2024-01-02T22:30:10,1,,رابط,azizlawyer_post_1838,منشور قانوني نصي عام؛ عنوانه مقتبس من أول سطر في المصدر دون تنزيل مرفقات.,,False,,,https://t.me/azizlawyer/1838,بحث,1838,,قناة ثقافة قانونية — المحامي عبدالعزيز المطوع (@azizlawyer),15,المحامي عبدالعزيز المطوع,1838,مسائل في مُدد التقادم في نظامالمعاملاتالمدنية ١-بداية احتسابها: أ-الوقائع التي حدثت قبل صدور النظام: فإن المُدد تبدأ من تاريخ سريان النظام لا من تاريخ حدوث الواقعة ب-الوقائع التي حدثت بعد صدور النظام: فإن المدد تبدأ من تاريخ وقوع الحادثة لا من تاريخها ٢-الدفعُ بها: لا يمكن الدفعُ بها إلا ممن هي في مصلحته مع شرطِ إنكارهِ للحق ٣-تعلقها بالنظام: مدد التقادم من حيث أمدها فهي متعلقة بالنظام العام فلا يجوز تعديلها، ولكن الدفعُ بها غيرَ متعلق بالنظام العام (منقول),مسائل في مُدد التقادم في نظامالمعاملاتالمدنية,2024
,القضاء والإثبات,2024-01-31T22:40:19,1,,رابط,azizlawyer_post_1865,منشور قانوني نصي عام؛ عنوانه مقتبس من أول سطر في المصدر دون تنزيل مرفقات.,,False,,,https://t.me/azizlawyer/1865,بحث,1865,,قناة ثقافة قانونية — المحامي عبدالعزيز المطوع (@azizlawyer),15,المحامي عبدالعزيز المطوع,1865,تقدم مدير الشركة في سجلها الرئيسي باستقالته، ويرغب في استبعاد اسمه من السجل كمدير للشركة، ما هو الإجراء النظامي لاستبعاد اسمه من السجل الرئيسي؟ الجواب يكون تعديل عقد الشركة بقرار من الشركاء أو بحكم قضائي مكتسب القطعية. (منقول),تقدم مدير الشركة في سجلها الرئيسي باستقالته، ويرغب في استبعاد اسمه من السجل كمدير للشركة، ما هو الإجراء النظامي لاستبعاد اسمه من السجل الرئيسي؟,2024
,الأحوال الشخصية والتركات,2024-03-26T10:16:59,1,,رابط,azizlawyer_post_1955,منشور قانوني نصي عام؛ عنوانه مقتبس من أول سطر في المصدر دون تنزيل مرفقات.,,False,,,https://t.me/azizlawyer/1955,بحث,1955,,قناة ثقافة قانونية — المحامي عبدالعزيز المطوع (@azizlawyer),15,المحامي عبدالعزيز المطوع,1955,️يصح الخُلع بتراضي الزوجين كاملي الأهلية على إنهاء عقد الزواج، دون الحاجة إلى حكم قضائي. ️يجب توثيق الخلع، وعلى الزوجين -أو أحدهما- توثيقه، وفق الأحكام المنظمة لذلك. ️يجوز لكل ذي مصلحة طلب إثبات الخلع بأي من وسائل الإثبات. ️الخلع هو فراق بين الزوجين بطلب الزوجة “وموافقة الزوج” مقابل عوض تبذله الزوجة أو غيرها. (نظام الأحوال الشخصية),️يصح الخُلع بتراضي الزوجين كاملي الأهلية على إنهاء عقد الزواج، دون الحاجة إلى حكم قضائي,2024
,الأحوال الشخصية والتركات,2024-06-04T12:39:38,1,,رابط,azizlawyer_post_2086,منشور قانوني نصي عام؛ عنوانه مقتبس من أول سطر في المصدر دون تنزيل مرفقات.,,False,,,https://t.me/azizlawyer/2086,بحث,2086,,قناة ثقافة قانونية — المحامي عبدالعزيز المطوع (@azizlawyer),15,المحامي عبدالعزيز المطوع,2086,في حال كنت صاحب مؤسسة فردية وتعثرت ماليا وقررت التحول إلى شركة ذات مسؤولية محدودة فهل التحول يبرء ذمتك المالية؟ الجواب: لا تبرأ ذمة صاحب المؤسسة الفردية إلا إذا قبل الدائنون ذلك صراحة فقرة 3 من المادة 220 من نظامالشركات,في حال كنت صاحب مؤسسة فردية وتعثرت ماليا وقررت التحول إلى شركة ذات مسؤولية محدودة فهل التحول يبرء ذمتك المالية؟,2024
,القضاء والإثبات,2025-03-09T05:16:20,1,,رابط,azizlawyer_post_2554,منشور قانوني نصي عام؛ عنوانه مقتبس من أول سطر في المصدر دون تنزيل مرفقات.,,False,,,https://t.me/azizlawyer/2554,بحث,2554,,قناة ثقافة قانونية — المحامي عبدالعزيز المطوع (@azizlawyer),15,المحامي عبدالعزيز المطوع,2554,الإعفاء من عقوبات التستر التجاري للمبلغ ورد في المادة 14 من نظام مكافحة التستر، والتي تنص على أن من يبادر بالإبلاغ قبل اكتشاف المخالفة يُعفى من العقوبات والغرامات، بشرط أن يكون البلاغ قبل بدء التحقيق,الإعفاء من عقوبات التستر التجاري للمبلغ ورد في المادة 14 من نظام مكافحة التستر، والتي تنص على أن من يبادر بالإبلاغ قبل اكتشاف المخالفة يُعفى من العقوبات والغرامات، بشرط أ,2025
,الأنظمة والتشريعات,2025-03-18T01:07:01,1,,رابط,azizlawyer_post_2568,منشور قانوني نصي عام؛ عنوانه مقتبس من أول سطر في المصدر دون تنزيل مرفقات.,,False,,,https://t.me/azizlawyer/2568,بحث,2568,,قناة ثقافة قانونية — المحامي عبدالعزيز المطوع (@azizlawyer),15,المحامي عبدالعزيز المطوع,2568,لا يجوز فصل العامل بسبب المرض قبل استنفاد إجازته المرضية، والتي حددها نظام العمل السعودي بـ(120 يومًا) متصلة أو متفرقة خلال السنة الواحدة. وبعدها، يحق لصاحب العمل إنهاء العقد إذا لم يستطع العامل العودة للعمل. (المادة 117 من نظام العمل),لا يجوز فصل العامل بسبب المرض قبل استنفاد إجازته المرضية، والتي حددها نظام العمل السعودي بـ(120 يومًا) متصلة أو متفرقة خلال السنة الواحدة,2025
,القضاء والإثبات,2026-04-15T11:43:56,1,,رابط,azizlawyer_post_2919,منشور قانوني نصي عام؛ عنوانه مقتبس من أول سطر في المصدر دون تنزيل مرفقات.,,False,,,https://t.me/azizlawyer/2919,بحث,2919,,قناة ثقافة قانونية — المحامي عبدالعزيز المطوع (@azizlawyer),15,المحامي عبدالعزيز المطوع,2919,أبرز ملامح نظامالتنفيذالجديد: تقادم السند التنفيذي: يسقط السند إذا لم يُقدم للتنفيذ خلال 10 سنوات من صدوره أو توثيقه؛ فلا تفرط في حقك بالتأخير. الأوراق التجارية: لكي تكتسب الكمبيالات والسندات لأمر صفتها التنفيذية، أصبح إلزامياً تسجيلها في المنصة المعتمدة، مما سيقلل المنازعات بشكل كبير,أبرز ملامح نظامالتنفيذالجديد,2026
,القضاء والإثبات,2026-06-05T16:36:05,1,,رابط,azizlawyer_post_2988,منشور قانوني نصي عام؛ عنوانه مقتبس من أول سطر في المصدر دون تنزيل مرفقات.,,False,,,https://t.me/azizlawyer/2988,بحث,2988,,قناة ثقافة قانونية — المحامي عبدالعزيز المطوع (@azizlawyer),15,المحامي عبدالعزيز المطوع,2988,لا يجوز للمقيم أن يعمل لحسابه الخاص فى محل أو فى بيته لأن ذلك يُخالف المادة (21) من لائحة عقوبات مخالفة نظام الإقامه والمادة (10)من نظام العمل والتأثير سلباً على فُرص العمل للسعوديين،وإذا حصل مثل ذلك فإن من يقوم بهذا التصرف يكون عُرضةً للترحيل إلى بلاده,لا يجوز للمقيم أن يعمل لحسابه الخاص فى محل أو فى بيته لأن ذلك يُخالف المادة (21) من لائحة عقوبات مخالفة نظام الإقامه والمادة (10)من نظام العمل والتأثير سلباً على فُرص الع,2026
,القضاء والإثبات,2026-07-24T21:27:40,1,,رابط,azizlawyer_post_3109,منشور قانوني نصي عام؛ عنوانه مقتبس من أول سطر في المصدر دون تنزيل مرفقات.,,False,,,https://t.me/azizlawyer/3109,بحث,3109,,قناة ثقافة قانونية — المحامي عبدالعزيز المطوع (@azizlawyer),15,المحامي عبدالعزيز المطوع,3109,لائحة صلاحيات تطبيق هيئة الرقابة و مكافحةالفساد للأحكام الواردة في نظام الإجراءات الجزائية ولائحته التنفيذية ونظام النيابة العامة لعام 1448,لائحة صلاحيات تطبيق هيئة الرقابة و مكافحةالفساد للأحكام الواردة في نظام الإجراءات الجزائية ولائحته التنفيذية ونظام النيابة العامة لعام 1448,2026
,المحاماة والمرافعات,2026-07-28T20:57:34,1,,رابط,azizlawyer_post_3119,منشور قانوني نصي عام؛ عنوانه مقتبس من أول سطر في المصدر دون تنزيل مرفقات.,,False,,,https://t.me/azizlawyer/3119,بحث,3119,,قناة ثقافة قانونية — المحامي عبدالعزيز المطوع (@azizlawyer),15,المحامي عبدالعزيز المطوع,3119,القضاياالعمالية قرر مجلس الوزراء: تمديد العمل لمدة (سنة) بوجوب أن يسبق رفع الدعوى أمام المحكمة العمالية التقدم إلى مكتب العمل (التسوية الودية) ليتخذ الإجراءات اللازمة لتسوية النزاع وديًا,القضاياالعمالية,2026
,القضاء والإثبات,2026-09-13T19:37:41,1,,رابط,azizlawyer_post_3174,منشور قانوني نصي عام؛ عنوانه مقتبس من أول سطر في المصدر دون تنزيل مرفقات.,,False,,,https://t.me/azizlawyer/3174,بحث,3174,,قناة ثقافة قانونية — المحامي عبدالعزيز المطوع (@azizlawyer),15,المحامي عبدالعزيز المطوع,3174,"بصدر قرار من المحكمة التجارية بقبول ""طلب افتتاح إجراء تصفية"" تقدمنا بها بالوكالة من أحد الدائنين. قبول قيد الطلب لا يُعد حكمًا أو قرارًا نهائيًا، ولا يعني صدور حكم بافتتاح اجراءات التصفية. حيث يمثل القبول بدء النظر القضائي في الطلب، وفقًا لأحكام نظام الإفلاسولائحته التنفيذية","بصدر قرار من المحكمة التجارية بقبول ""طلب افتتاح إجراء تصفية"" تقدمنا بها بالوكالة من أحد الدائنين",2026
,المحاماة والمرافعات,2022-10-20T18:43:54,1,,رابط,azizlawyer_post_1159,منشور قانوني نصي عام؛ عنوانه مقتبس من أول سطر في المصدر دون تنزيل مرفقات.,,False,,,https://t.me/azizlawyer/1159,بحث,1159,,قناة ثقافة قانونية — المحامي عبدالعزيز المطوع (@azizlawyer),14,المحامي عبدالعزيز المطوع,1159,عدم اعتماد لائحة تنظيم العمل للمنشأة يترتب عليه غرامة قيمتها ١٠٠٠ او ٥٠٠٠ او ١٠٠٠٠ ريال،حسب فئة المنشأة. - للمنشأت التي لديها أقل من ٥٠ عامل اعتماد اللائحة النموذجية دون تعديل. - المنشأت التي لديها ٥٠ أو أكثر يجب اعتماد اللائحة أولا من خلال مكتب محاماه,عدم اعتماد لائحة تنظيم العمل للمنشأة يترتب عليه غرامة قيمتها ١٠٠٠ او ٥٠٠٠ او ١٠٠٠٠ ريال،حسب فئة المنشأة,2022
,القضاء والإثبات,2022-10-20T21:06:04,1,,رابط,azizlawyer_post_1160,منشور قانوني نصي عام؛ عنوانه مقتبس من أول سطر في المصدر دون تنزيل مرفقات.,,False,,,https://t.me/azizlawyer/1160,بحث,1160,,قناة ثقافة قانونية — المحامي عبدالعزيز المطوع (@azizlawyer),14,المحامي عبدالعزيز المطوع,1160,(عند توقيع العقوبة ينبغي على المحكمة عدم إفراد عقوبة تعزيرية لسوابق المدعى عليه ، والمتعين تقدير عقوبة تعزيرية واحدة والتشديد عليها). قرار المحكمة العليا رقم:(141/1/2) وتاريخ 8/5/1434هـ,(عند توقيع العقوبة ينبغي على المحكمة عدم إفراد عقوبة تعزيرية لسوابق المدعى عليه ، والمتعين تقدير عقوبة تعزيرية واحدة والتشديد عليها),2022
,المحاماة والمرافعات,2023-01-02T23:26:01,1,,رابط,azizlawyer_post_1320,منشور قانوني نصي عام؛ عنوانه مقتبس من أول سطر في المصدر دون تنزيل مرفقات.,,False,,,https://t.me/azizlawyer/1320,بحث,1320,,قناة ثقافة قانونية — المحامي عبدالعزيز المطوع (@azizlawyer),14,المحامي عبدالعزيز المطوع,1320,نص توجيه المجلس الأعلى للقضاء بأن نظر طلبات نقل المخالفات المرورية المسجلة من شخص لآخر تابعة للاعتراض على المخالفة نفسها ومن اختصاص هيئة الفصل في المخالفات والجزاءات المرورية وتختص المحكمة العامة بطلب إلزام مرتكب المخالفة بسدادها مادامت مسجلة ضد شخص آخر ويلزم رفع دعوى نقل الملكية,نص توجيه المجلس الأعلى للقضاء بأن نظر طلبات نقل المخالفات المرورية المسجلة من شخص لآخر تابعة للاعتراض على المخالفة نفسها ومن اختصاص هيئة الفصل في المخالفات والجزاءات المر,2023
,القضاء والإثبات,2023-01-08T23:05:25,1,,رابط,azizlawyer_post_1331,منشور قانوني نصي عام؛ عنوانه مقتبس من أول سطر في المصدر دون تنزيل مرفقات.,,False,,,https://t.me/azizlawyer/1331,بحث,1331,,قناة ثقافة قانونية — المحامي عبدالعزيز المطوع (@azizlawyer),14,المحامي عبدالعزيز المطوع,1331,من وقع كمبيالة نيابة عن آخر بغير تفويض منه، التزم شخصيا بموجب الكمبيالة، فإذا وفاها آلت إليه الحقوق التي كانت تؤول إلى من ادعى النيابة عنه.ويسري هذا الحكم على من جاوز حدود النيابة. [م/10 نظام الأوراق التجارية ],من وقع كمبيالة نيابة عن آخر بغير تفويض منه، التزم شخصيا بموجب الكمبيالة، فإذا وفاها آلت إليه الحقوق التي كانت تؤول إلى من ادعى النيابة عنه.ويسري هذا الحكم على من جاوز حدو,2023
,المحاماة والمرافعات,2023-01-11T22:24:28,1,,رابط,azizlawyer_post_1338,منشور قانوني نصي عام؛ عنوانه مقتبس من أول سطر في المصدر دون تنزيل مرفقات.,,False,,,https://t.me/azizlawyer/1338,بحث,1338,,قناة ثقافة قانونية — المحامي عبدالعزيز المطوع (@azizlawyer),14,المحامي عبدالعزيز المطوع,1338,إذا حضر المدعي والمدعى عليه أمام المحكمة من تلقاء نفسيهما - ولو كانت الدعوى خارج اختصاصها المكاني - وطلبا سماع خصومتهما فتسمع المحكمة الدعوى في الحال إن أمكن وإلا حددت لها جلسة أخرى. المادة (47) من نظام المرافعات الشرعية,إذا حضر المدعي والمدعى عليه أمام المحكمة من تلقاء نفسيهما - ولو كانت الدعوى خارج اختصاصها المكاني - وطلبا سماع خصومتهما فتسمع المحكمة الدعوى في الحال إن أمكن وإلا حددت له,2023
,المحاماة والمرافعات,2023-01-16T20:13:59,1,,رابط,azizlawyer_post_1348,منشور قانوني نصي عام؛ عنوانه مقتبس من أول سطر في المصدر دون تنزيل مرفقات.,,False,,,https://t.me/azizlawyer/1348,بحث,1348,,قناة ثقافة قانونية — المحامي عبدالعزيز المطوع (@azizlawyer),14,المحامي عبدالعزيز المطوع,1348,الإدخال والتدخل في الدعوى: - الإدخال يتم في محكمة الدرجة الأولى، أما التدخل فيجوز في أي مرحلة في الدعوى. - الإدخال لايتم الا بأمر من القاضي ، أما التدخل فيتم دون علم القاضي. - الإدخال يكون من قبل شخص يطلبه أحد الخصوم في بداية الدعوى أو اثناء سريانها ،أما التدخل يكون ممن له مصلحة فيها,الإدخال والتدخل في الدعوى,2023
,الأنظمة والتشريعات,2023-02-20T15:05:01,1,,رابط,azizlawyer_post_1426,منشور قانوني نصي عام؛ عنوانه مقتبس من أول سطر في المصدر دون تنزيل مرفقات.,,False,,,https://t.me/azizlawyer/1426,بحث,1426,,قناة ثقافة قانونية — المحامي عبدالعزيز المطوع (@azizlawyer),14,المحامي عبدالعزيز المطوع,1426,المادة 53 من نظام العمل: إذا كان العامل خاضعًا لفترة تجربة وجب النص على ذلك صراحة في عقد العمل بحيث لا تزيد على تسعين يوما ولا تدخل في حساب فترة التجربة إجازة عيدي الفطر والأضحى والإجازة المرضية ويكون لكل من الطرفين الحق في إنهاء العقد خلال هذه الفترة,المادة 53 من نظام العمل,2023
,المحاماة والمرافعات,2023-03-26T01:10:38,1,,رابط,azizlawyer_post_1488,منشور قانوني نصي عام؛ عنوانه مقتبس من أول سطر في المصدر دون تنزيل مرفقات.,,False,,,https://t.me/azizlawyer/1488,بحث,1488,,قناة ثقافة قانونية — المحامي عبدالعزيز المطوع (@azizlawyer),14,المحامي عبدالعزيز المطوع,1488,إذا تبين للمحكمة - في دعوى مقامة أمامها - أن هناك متهمين غير من أقيمت الدعوى عليهم، أو وقائع أخرى مرتبطة بالتهمة المعروضة، فعليها إبلاغ من رفع الدعوى بذلك؛ لاستكمال الإجراءات المنصوص عليها في هذا النظام. م19 نظام الإجراءات الجزائية,إذا تبين للمحكمة - في دعوى مقامة أمامها - أن هناك متهمين غير من أقيمت الدعوى عليهم، أو وقائع أخرى مرتبطة بالتهمة المعروضة، فعليها إبلاغ من رفع الدعوى بذلك؛ لاستكمال الإجر,2023
,القضاء والإثبات,2023-05-20T22:52:45,1,,رابط,azizlawyer_post_1555,منشور قانوني نصي عام؛ عنوانه مقتبس من أول سطر في المصدر دون تنزيل مرفقات.,,False,,,https://t.me/azizlawyer/1555,بحث,1555,,قناة ثقافة قانونية — المحامي عبدالعزيز المطوع (@azizlawyer),14,المحامي عبدالعزيز المطوع,1555,من المبادئ القانونية: عدم رجعية الأنظمة. ومعناه: أن النظام إذا صدر فإنه يسري على الأمور التي تحصل بعد سريانه، ولا تسري على ما قبله. ويستثنى: مايكون في صالح المتهم، كأن يصدر نظام بإلغاء مخالفة سابقة أو تخفيف عقوبتها،فيسري على من ارتكبها قبل صدور النظام ما دام لم يعاقب عليها بعد,من المبادئ القانونية: عدم رجعية الأنظمة,2023
,القضاء والإثبات,2023-11-02T11:57:45,1,,رابط,azizlawyer_post_1758,منشور قانوني نصي عام؛ عنوانه مقتبس من أول سطر في المصدر دون تنزيل مرفقات.,,False,,,https://t.me/azizlawyer/1758,بحث,1758,,قناة ثقافة قانونية — المحامي عبدالعزيز المطوع (@azizlawyer),14,المحامي عبدالعزيز المطوع,1758,عند القبض على أي متهم تكون صلاحية الأمر في التوقيف نظاماً : (24 ساعة) لرجال الضبط للاستدلال (5 أيام) للمحقق في النيابة العامة (35 يوم) لرئيس فرع النيابة (140 يوم) للنائب العام ويجب ألا تزيد في مجموعها عن (180 يوم) ويتعين بعدها إحالة المتهم مباشرةً إلى المحكمة أو الإفراج عنه,عند القبض على أي متهم تكون صلاحية الأمر في التوقيف نظاماً,2023
,المحاماة والمرافعات,2023-11-07T17:06:36,1,,رابط,azizlawyer_post_1767,منشور قانوني نصي عام؛ عنوانه مقتبس من أول سطر في المصدر دون تنزيل مرفقات.,,False,,,https://t.me/azizlawyer/1767,بحث,1767,,قناة ثقافة قانونية — المحامي عبدالعزيز المطوع (@azizlawyer),14,المحامي عبدالعزيز المطوع,1767,مدة تقادم دعوى المسؤولية على المدير؟ لا تسمع دعوى المسؤولية على المدير بعد مرور ثلاث سنوات من انتهاء عمل المدير. م 30 من نظام الشركات,مدة تقادم دعوى المسؤولية على المدير؟,2023
,الأنظمة والتشريعات,2024-08-26T07:57:50,1,,رابط,azizlawyer_post_2217,منشور قانوني نصي عام؛ عنوانه مقتبس من أول سطر في المصدر دون تنزيل مرفقات.,,False,,,https://t.me/azizlawyer/2217,بحث,2217,,قناة ثقافة قانونية — المحامي عبدالعزيز المطوع (@azizlawyer),14,المحامي عبدالعزيز المطوع,2217,"عندما تشارف مدة العقد على الانتهاء خلاف بين المؤجر والمستأجر ويشترط المؤجر زيادة في الأجرة لتجديد العقد؟ 1- فإن سكت المستأجر ولم يعترض على الزيادة، ودخلت المدة الجديدة عليه،فتستقر الزيادة عليه لمدة جديدة. 2- أما إذا اعترض على الزيادة فلايتجدد العقد، وتلزمه أجرة المثل،وتعويض المؤجر عن ضرر التأخير في إخلاء العقار. (المادتان""٤٤٠،٤٣٥""من نظام المعاملات المدنية)",عندما تشارف مدة العقد على الانتهاء خلاف بين المؤجر والمستأجر ويشترط المؤجر زيادة في الأجرة لتجديد العقد؟,2024
,الأنظمة والتشريعات,2024-09-17T22:00:32,1,,رابط,azizlawyer_post_2259,منشور قانوني نصي عام؛ عنوانه مقتبس من أول سطر في المصدر دون تنزيل مرفقات.,,False,,,https://t.me/azizlawyer/2259,بحث,2259,,قناة ثقافة قانونية — المحامي عبدالعزيز المطوع (@azizlawyer),14,المحامي عبدالعزيز المطوع,2259,بدء العمل بلائحة العمالة المنزلية الجديدة بتاريخ ١٨-٠٣-١٤٤٦ه. تحل هذه اللائحة مكان لائحة عمال الخدمة المنزلية ومن في حكمهم الصادرة بقرار مجلس الوزراء رقم ٣١٠ وتاريخ ٧-٩-١٤٣٤,بدء العمل بلائحة العمالة المنزلية الجديدة بتاريخ ١٨-٠٣-١٤٤٦ه,2024
,الأنظمة والتشريعات,2025-08-02T15:28:49,1,,رابط,azizlawyer_post_2725,منشور قانوني نصي عام؛ عنوانه مقتبس من أول سطر في المصدر دون تنزيل مرفقات.,,False,,,https://t.me/azizlawyer/2725,بحث,2725,,قناة ثقافة قانونية — المحامي عبدالعزيز المطوع (@azizlawyer),14,المحامي عبدالعزيز المطوع,2725,سبعة لاءات قانونية لا تغفل عنها: 1.لا تُصوّر أي شخص دون إذنه، فذلك يُعد انتهاكًا للخصوصية ويُعرضك للمساءلة. 2.لا تدخل في شراكة تجارية دون عقدٍ موثق، فالوعود الشفهية لا تُغني عند النزاعات. 3.لا تسلّم سيارتك لمن لا تثق بأمانته، فالمتسبب بالضرر قد يورطك قانونيًا. 4.لا تطلب من متجر غير مرخّص، فالضمانات والحقوق لا تُحمى عند التعاملات العشوائية. 5.لا تُحوّل أموالًا إلى حسابات مجهولة، فذلك يعرضك للاحتيال ويصعّب استرداد أموالك. 6.لا تكفل شخصًا لا تثق بقدرته على السداد، فالدَّين قد يتحول إلى عبء عليك. 7.,سبعة لاءات قانونية لا تغفل عنها,2025
,التحكيم والوساطة,2026-04-08T22:02:11,1,,رابط,azizlawyer_post_2902,منشور قانوني نصي عام؛ عنوانه مقتبس من أول سطر في المصدر دون تنزيل مرفقات.,,False,,,https://t.me/azizlawyer/2902,بحث,2902,,قناة ثقافة قانونية — المحامي عبدالعزيز المطوع (@azizlawyer),14,المحامي عبدالعزيز المطوع,2902,لمن يفكر في التخصص في القانون الرياضي ️ هذا الملف مهم جدًا، يتضمن القواعد الإجرائية لمركز التحكيم الرياضي السعودي، ويعطيك تصورًا واضحًا عن آلية نظر المنازعات الرياضية وكيفية إدارتها. يفيدك في: • فهم إجراءات التحكيم من القيد حتى صدور الحكم • معرفة شروط قبول الدعوى أمام المركز • الإلمام باختصاص المركز وأنواع المنازعات الرياضية • استيعاب المتطلبات الشكلية والإجرائية في طلبات التحكيم,لمن يفكر في التخصص في القانون الرياضي ️,2026
,المحاماة والمرافعات,2026-04-14T19:42:51,1,,رابط,azizlawyer_post_2914,منشور قانوني نصي عام؛ عنوانه مقتبس من أول سطر في المصدر دون تنزيل مرفقات.,,False,,,https://t.me/azizlawyer/2914,بحث,2914,,قناة ثقافة قانونية — المحامي عبدالعزيز المطوع (@azizlawyer),14,المحامي عبدالعزيز المطوع,2914,إذا نكل من وجهت له اليمين أونكل من ردت عليه وحكمت المحكمة في الدعوى فهل له الرجوع بعد الحكم وطلب اليمين ؟ لايقبل منه ذلك. وقد نصّت على ذلك المادة الثامنة والتسعون من نظام الإثبات وأدلته الإجرائية ونصها : ( إذا حكمت المحكمة في الدعوى - في أي مرحلة - بناءً على نكول من وجهت إليه اليمين أو نكول من ردت عليه ، فلايقبل منه أداؤها بعد ذلك ),إذا نكل من وجهت له اليمين أونكل من ردت عليه وحكمت المحكمة في الدعوى فهل له الرجوع بعد الحكم وطلب اليمين ؟,2026
,الأنظمة والتشريعات,2026-07-07T13:19:24,1,,رابط,azizlawyer_post_3043,منشور قانوني نصي عام؛ عنوانه مقتبس من أول سطر في المصدر دون تنزيل مرفقات.,,False,,,https://t.me/azizlawyer/3043,بحث,3043,,قناة ثقافة قانونية — المحامي عبدالعزيز المطوع (@azizlawyer),14,المحامي عبدالعزيز المطوع,3043,في عقود المرابحة، تتوجه المطالبة بالعيوب الإنشائية للمطور العقاري (البائع) لا للبنك. ويحق للمشتري، بموجب تقرير هندسي، المطالبة بالأرش إن كانت العيوب قابلة للإصلاح، أو فسخ العقد واسترداد الحقوق إن كانت جسيمة، وذلك ضمن المدد النظامية لضمان المبيع,في عقود المرابحة، تتوجه المطالبة بالعيوب الإنشائية للمطور العقاري (البائع) لا للبنك,2026
,الأنظمة والتشريعات,2026-08-05T01:42:23,1,,رابط,azizlawyer_post_3139,منشور قانوني نصي عام؛ عنوانه مقتبس من أول سطر في المصدر دون تنزيل مرفقات.,,False,,,https://t.me/azizlawyer/3139,بحث,3139,,قناة ثقافة قانونية — المحامي عبدالعزيز المطوع (@azizlawyer),14,المحامي عبدالعزيز المطوع,3139,مجلسالوزراء : تمديد مهلة تصحيح أوضاع التصرفات العقارية غير الموثقة؛ لمدة (سنة). ((توضيح)) ماذا يعني أي عملية بيع، أو شراء، أو تمت عن طريق مبايعات ورقية قديمة، دون أن تُسجّل رسمياً في كتابة العدل يمكنك الان من تسجيلها واستخراج صك مثال شخص اشترى أرضاً قبل سنوات بوثيقة ورقية ولم يستخرج لها صكاً رسمياً حتى الآن، القرار يمنحه فرصة سنة إضافية لتقديم أوراقه وتوثيق ملكيته رسمياً,مجلسالوزراء : تمديد مهلة تصحيح أوضاع التصرفات العقارية غير الموثقة؛ لمدة (سنة),2026
,التحكيم والوساطة,2022-05-20T18:11:17,1,,رابط,azizlawyer_post_209,منشور قانوني نصي عام؛ عنوانه مقتبس من أول سطر في المصدر دون تنزيل مرفقات.,,False,,,https://t.me/azizlawyer/209,بحث,209,,قناة ثقافة قانونية — المحامي عبدالعزيز المطوع (@azizlawyer),13,المحامي عبدالعزيز المطوع,209,أكثر من 400 حكم تجاري مختصر ومعنون ومفهرس في الشركات والبيوع والاختصاص والتحكيم والعلامات التجارية والتوريد والنقل,أكثر من 400 حكم تجاري مختصر ومعنون ومفهرس في الشركات والبيوع والاختصاص والتحكيم والعلامات التجارية والتوريد والنقل,2022
,المحاماة والمرافعات,2022-10-21T17:52:52,1,,رابط,azizlawyer_post_1161,منشور قانوني نصي عام؛ عنوانه مقتبس من أول سطر في المصدر دون تنزيل مرفقات.,,False,,,https://t.me/azizlawyer/1161,بحث,1161,,قناة ثقافة قانونية — المحامي عبدالعزيز المطوع (@azizlawyer),13,المحامي عبدالعزيز المطوع,1161,مما استقرَّ عليه القضاء : (.. السكوت عن المطالبة بالحق مدة طويلة مع القدرة عليها وعدم وجود مانعٌ شرعي يمنع منها؛ دليلٌ على ترك الحق، ومُوجبٌ لردِّ الدعوى). مجموعة الأحكام القضائية، الجزء (١) ص٩٢,مما استقرَّ عليه القضاء,2022
,القضاء والإثبات,2022-11-06T15:30:35,1,,رابط,azizlawyer_post_1183,منشور قانوني نصي عام؛ عنوانه مقتبس من أول سطر في المصدر دون تنزيل مرفقات.,,False,,,https://t.me/azizlawyer/1183,بحث,1183,,قناة ثقافة قانونية — المحامي عبدالعزيز المطوع (@azizlawyer),13,المحامي عبدالعزيز المطوع,1183,""" الأصل بقاء العقود وصحتها وطلب تنفيذها ما أمكن، ولا يعدل عن تصحيحها إلى فسخها إلا إذا تعذر تنفيذها، وفسخ العقد بدون دليل يُعضده في غير محله."" المحكمة العليا: (13/3/3)، (2/3/1432)",""" الأصل بقاء العقود وصحتها وطلب تنفيذها ما أمكن، ولا يعدل عن تصحيحها إلى فسخها إلا إذا تعذر تنفيذها، وفسخ العقد بدون دليل يُعضده في غير محله.""",2022
,القضاء والإثبات,2022-12-06T19:17:14,1,,رابط,azizlawyer_post_1248,منشور قانوني نصي عام؛ عنوانه مقتبس من أول سطر في المصدر دون تنزيل مرفقات.,,False,,,https://t.me/azizlawyer/1248,بحث,1248,,قناة ثقافة قانونية — المحامي عبدالعزيز المطوع (@azizlawyer),13,المحامي عبدالعزيز المطوع,1248,معالي وزير التجارة ماجد القصيبي: مرئياتكم تهمنا، أدعوكم للمشاركة بمقترحاتكم حول مشروع اللوائح التنفيذية لنظام الشركات الجديد، عبر منصة استطلاع، لتساهم بمشيئة الله في تطوير بيئة الأعمال,معالي وزير التجارة ماجد القصيبي,2022
,المحاماة والمرافعات,2022-12-15T14:06:05,1,,رابط,azizlawyer_post_1265,منشور قانوني نصي عام؛ عنوانه مقتبس من أول سطر في المصدر دون تنزيل مرفقات.,,False,,,https://t.me/azizlawyer/1265,بحث,1265,,قناة ثقافة قانونية — المحامي عبدالعزيز المطوع (@azizlawyer),13,المحامي عبدالعزيز المطوع,1265,قيمة الرسوم القضائية: إذا تم شطب الدعوى، أو اعتبرت كأن لم تكن، أو بعدم قبولها لعدم تحريرها؛ فتفرض تكاليف قضائية إضافية في حال نظرها مجدداً بما يعادل نسبة (٢٥٪) من تكاليف نظر الدعوى في المرة الأولى، ويتحمل المدعي التكاليف الإضافية لنظرها ولو حكم لصالحه في موضوع الدعوى,قيمة الرسوم القضائية: إذا تم شطب الدعوى، أو اعتبرت كأن لم تكن، أو بعدم قبولها لعدم تحريرها؛ فتفرض تكاليف قضائية إضافية في حال نظرها مجدداً بما يعادل نسبة (٢٥٪) من تكاليف,2022
,القضاء والإثبات,2022-12-19T17:28:03,1,,رابط,azizlawyer_post_1272,منشور قانوني نصي عام؛ عنوانه مقتبس من أول سطر في المصدر دون تنزيل مرفقات.,,False,,,https://t.me/azizlawyer/1272,بحث,1272,,قناة ثقافة قانونية — المحامي عبدالعزيز المطوع (@azizlawyer),13,المحامي عبدالعزيز المطوع,1272,يختص المحقق برد المضبوطات قبل رفع القضية إلى المحكمة، وبعد رفعها يكون ذلك من اختصاص رئيس الدائرة القضائية. م (62) من اللائحة التنفيذية لنظام الإجراءات الجزائية,يختص المحقق برد المضبوطات قبل رفع القضية إلى المحكمة، وبعد رفعها يكون ذلك من اختصاص رئيس الدائرة القضائية,2022
,الأحوال الشخصية والتركات,2022-12-19T19:32:43,1,,رابط,azizlawyer_post_1273,منشور قانوني نصي عام؛ عنوانه مقتبس من أول سطر في المصدر دون تنزيل مرفقات.,,False,,,https://t.me/azizlawyer/1273,بحث,1273,,قناة ثقافة قانونية — المحامي عبدالعزيز المطوع (@azizlawyer),13,المحامي عبدالعزيز المطوع,1273,في حال سقطت الحضانه عن الأم،من الذي يحق له بالحضانه الأب او أم الأم ؟ الاجابة: من يحق له الحضانة بعد سقوطها عن الأم هو الأب ثم أم الأم، ثم أم الأب، ثم تقرر المحكمة ما ترى فيه مصلحة المحضون. الاستناد: المادة ١٢٧ الفقرة ١ من نظامالأحوالالشخصية,في حال سقطت الحضانه عن الأم،من الذي يحق له بالحضانه الأب او أم الأم ؟,2022
,المحاماة والمرافعات,2022-12-20T11:46:58,1,,رابط,azizlawyer_post_1275,منشور قانوني نصي عام؛ عنوانه مقتبس من أول سطر في المصدر دون تنزيل مرفقات.,,False,,,https://t.me/azizlawyer/1275,بحث,1275,,قناة ثقافة قانونية — المحامي عبدالعزيز المطوع (@azizlawyer),13,المحامي عبدالعزيز المطوع,1275,قواعد التوزيع الداخلي للدعاوى التي حدت من حالات تدافع الدعاوى داخل المحكمة والمعممه من معالي رئيس المجلس الأعلى للقضاء بتاريخ ١٤٣٩/٥/٥,قواعد التوزيع الداخلي للدعاوى التي حدت من حالات تدافع الدعاوى داخل المحكمة والمعممه من معالي رئيس المجلس الأعلى للقضاء بتاريخ ١٤٣٩/٥/٥,2022
,المحاماة والمرافعات,2022-12-26T21:34:34,1,,رابط,azizlawyer_post_1290,منشور قانوني نصي عام؛ عنوانه مقتبس من أول سطر في المصدر دون تنزيل مرفقات.,,False,,,https://t.me/azizlawyer/1290,بحث,1290,,قناة ثقافة قانونية — المحامي عبدالعزيز المطوع (@azizlawyer),13,المحامي عبدالعزيز المطوع,1290,الرسوم القضائية: إذا تم شطب الدعوى، أو اعتبرت كأن لم تكن، أو بعدم قبولها لعدم تحريرها؛ فتفرض تكاليف قضائية إضافية في حال نظرها مجدداً بما يعادل نسبة (٢٥٪) من تكاليف نظر الدعوى في المرة الأولى، ويتحمل المدعي التكاليف الإضافية لنظرها ولو حكم لصالحه في موضوع الدعوى,الرسوم القضائية,2022
,القضاء والإثبات,2023-01-01T16:19:18,1,,رابط,azizlawyer_post_1315,منشور قانوني نصي عام؛ عنوانه مقتبس من أول سطر في المصدر دون تنزيل مرفقات.,,False,,,https://t.me/azizlawyer/1315,بحث,1315,,قناة ثقافة قانونية — المحامي عبدالعزيز المطوع (@azizlawyer),13,المحامي عبدالعزيز المطوع,1315,ورد في المبادئ والقرارت من مجلس القضاء الأعلى بهيئة الدائمة (الأصل أعتماد العقد المعترف به من قبل الطرفين وهو الفصل بينهما ولا حاجة معه إلى قول أحد وإلزام أحد طرفين العقد بشئ خلاف العقد عدوان عليه) (م ق د) (282/3)(23/1422),ورد في المبادئ والقرارت من مجلس القضاء الأعلى بهيئة الدائمة (الأصل أعتماد العقد المعترف به من قبل الطرفين وهو الفصل بينهما ولا حاجة معه إلى قول أحد وإلزام أحد طرفين العقد,2023
,القضاء والإثبات,2023-01-15T00:09:03,1,,رابط,azizlawyer_post_1343,منشور قانوني نصي عام؛ عنوانه مقتبس من أول سطر في المصدر دون تنزيل مرفقات.,,False,,,https://t.me/azizlawyer/1343,بحث,1343,,قناة ثقافة قانونية — المحامي عبدالعزيز المطوع (@azizlawyer),13,المحامي عبدالعزيز المطوع,1343,لا يجوز للجهة رفض الإجازات المرضية للموظف ؛ في حال أن الإجازات وفق النظام ، وليس لها إلا التأكد من صحة الإجازة بمخاطبة الجهة الصادرة منها . المواد النظامية للإجازات المرضية في اللائحة التنفيذية للموارد : ( ١٤١ - ١٤٢ - ١٤٣ - ١٤٤ - ١٤٥ - ١٤٦ ) ، والإطار التنظيمي لها,لا يجوز للجهة رفض الإجازات المرضية للموظف ؛ في حال أن الإجازات وفق النظام ، وليس لها إلا التأكد من صحة الإجازة بمخاطبة الجهة الصادرة منها,2023
,المحاماة والمرافعات,2023-01-30T18:02:10,1,,رابط,azizlawyer_post_1382,منشور قانوني نصي عام؛ عنوانه مقتبس من أول سطر في المصدر دون تنزيل مرفقات.,,False,,,https://t.me/azizlawyer/1382,بحث,1382,,قناة ثقافة قانونية — المحامي عبدالعزيز المطوع (@azizlawyer),13,المحامي عبدالعزيز المطوع,1382,بالمختصر التكاليف القضائية الاستئناف 5000 ريال النقض 7000 ريال التماس إعادة النظر 10000 ريال الإدخال من الخصوم 2000 ريال التنفيذ المباشر 500ريال وقف السير في الدعوى 100ريال وقف تنفيذ الحكم 2000 ريال الطلب العارض 1000 ريال منازعة التنفيذ 3000 ريال,بالمختصر التكاليف القضائية,2023
,الأنظمة والتشريعات,2023-02-05T10:49:10,1,,رابط,azizlawyer_post_1398,منشور قانوني نصي عام؛ عنوانه مقتبس من أول سطر في المصدر دون تنزيل مرفقات.,,False,,,https://t.me/azizlawyer/1398,بحث,1398,,قناة ثقافة قانونية — المحامي عبدالعزيز المطوع (@azizlawyer),13,المحامي عبدالعزيز المطوع,1398,المادة 53 نظامالعمل : إذا كان العامل خاضعاً لفترة تجربة، وجب النص على ذلك صراحة في عقد العمل، وتحديدها بوضوح بحيث لا تزيد على تسعين يوماً ويجوز باتفاق مكتوب بين العامل وصاحب العمل تمديد فترة التجربة على ألا تزيد على مائة وثمانين يوماً,المادة 53 نظامالعمل,2023
,القضاء والإثبات,2023-02-10T15:05:27,1,,رابط,azizlawyer_post_1409,منشور قانوني نصي عام؛ عنوانه مقتبس من أول سطر في المصدر دون تنزيل مرفقات.,,False,,,https://t.me/azizlawyer/1409,بحث,1409,,قناة ثقافة قانونية — المحامي عبدالعزيز المطوع (@azizlawyer),13,المحامي عبدالعزيز المطوع,1409,""" يُمهل طالب النقض وطالب التماس إعادة النظر مدة ثلاثين يوما من تاريخ قيد الطلب لدى المحكمة المختصة لسداد التكاليف القضائية المحددة للطلب؛ فإن لم يقم بالسداد خلال هذه المدة تحكم المحكمة بسقوط حقه في الطلب ويُعد الحكم نهائيا "". المادة (2/12) من نظام التكاليف القضائية",""" يُمهل طالب النقض وطالب التماس إعادة النظر مدة ثلاثين يوما من تاريخ قيد الطلب لدى المحكمة المختصة لسداد التكاليف القضائية المحددة للطلب؛ فإن لم يقم بالسداد خلال هذه المد",2023
,القضاء والإثبات,2023-03-26T13:14:34,1,,رابط,azizlawyer_post_1489,منشور قانوني نصي عام؛ عنوانه مقتبس من أول سطر في المصدر دون تنزيل مرفقات.,,False,,,https://t.me/azizlawyer/1489,بحث,1489,,قناة ثقافة قانونية — المحامي عبدالعزيز المطوع (@azizlawyer),13,المحامي عبدالعزيز المطوع,1489,تتم إجراءات النزع الجبري لملكية العقار المرهون وبيعه عند عدم الوفاء بالدين وفقًا لنظام التنفيذ. مادة (31) نظام الرهن,تتم إجراءات النزع الجبري لملكية العقار المرهون وبيعه عند عدم الوفاء بالدين وفقًا لنظام التنفيذ,2023
,المحاماة والمرافعات,2023-06-23T14:02:59,1,,رابط,azizlawyer_post_1605,منشور قانوني نصي عام؛ عنوانه مقتبس من أول سطر في المصدر دون تنزيل مرفقات.,,False,,,https://t.me/azizlawyer/1605,بحث,1605,,قناة ثقافة قانونية — المحامي عبدالعزيز المطوع (@azizlawyer),13,المحامي عبدالعزيز المطوع,1605,بناء على ما ورد في نص المادة 90 من نظام الاحوال الشخصية فأنه يجب على الزوج أن يوثق الطلاق أمام الجهة المختصة وذلك خلال مدة أقصاها (خمسة عشر) يوماً من حين البينونة، ولا يخل ذلك بحق الزوجة في إقامة دعوى إثبات الطلاق,بناء على ما ورد في نص المادة 90 من نظام الاحوال الشخصية فأنه يجب على الزوج أن يوثق الطلاق أمام الجهة المختصة وذلك خلال مدة أقصاها (خمسة عشر) يوماً من حين البينونة، ولا يخ,2023
,القضاء والإثبات,2023-06-26T16:35:37,1,,رابط,azizlawyer_post_1608,منشور قانوني نصي عام؛ عنوانه مقتبس من أول سطر في المصدر دون تنزيل مرفقات.,,False,,,https://t.me/azizlawyer/1608,بحث,1608,,قناة ثقافة قانونية — المحامي عبدالعزيز المطوع (@azizlawyer),13,المحامي عبدالعزيز المطوع,1608,يقول بعضهم أن القضايا العمالية لا يسري عليها نظامالتكاليف القضائية؟ وهذا غير دقيق، حيث يوجد فرق بين عدم السريان م2 (و) (الفئات) المعفاة م17، والإعفاء لايكون إلا بعد وجوب! لذلك فالأصل شمول نظامالتكاليف للقضايا العمالية ولكن إذا كان الملزم هو العامل فإنه يعفىٰ منها وفقا م17/2,يقول بعضهم أن القضايا العمالية لا يسري عليها نظامالتكاليف القضائية؟,2023
,القضاء والإثبات,2023-08-13T00:15:39,1,,رابط,azizlawyer_post_1662,منشور قانوني نصي عام؛ عنوانه مقتبس من أول سطر في المصدر دون تنزيل مرفقات.,,False,,,https://t.me/azizlawyer/1662,بحث,1662,,قناة ثقافة قانونية — المحامي عبدالعزيز المطوع (@azizlawyer),13,المحامي عبدالعزيز المطوع,1662,️| بدء سريان لائحة الانضباط والأخلاق للموسم الرياضي 2023م أهم العقوبات والغرامات التي ذُكرت في اللائحة وخاصة لحضور المباريات والتي تعزز مبادئ التنافس الشريف والروح الرياضية ️(100.000) ألف ريال بحق كل من يقوم بإثارة الرأي العام، أو ينشر عبارات منافية للأخلاق في كافة الوسائل الإعلامية ومواقع التواصل. ️(300) ألف ريال والإيقاف سنة لتصريح اللاعب المتضمن التجريح أو الإساءة أو الاتهام. ️حال رفض أي نادٍ تغيير الملابس يُمنح مهلة (15) دقيقة، وحال استمر الرفض يعتبر الفريق خاسراً للمباراة ويُغرم (100.000) أ,️| بدء سريان لائحة الانضباط والأخلاق للموسم الرياضي 2023م,2023
,الأنظمة والتشريعات,2023-12-07T08:51:24,1,,رابط,azizlawyer_post_1803,منشور قانوني نصي عام؛ عنوانه مقتبس من أول سطر في المصدر دون تنزيل مرفقات.,,False,,,https://t.me/azizlawyer/1803,بحث,1803,,قناة ثقافة قانونية — المحامي عبدالعزيز المطوع (@azizlawyer),13,المحامي عبدالعزيز المطوع,1803,عزيزي الموظف اذا الشركة بلغتك بأنهاء العقد خلال فترة الاشعار يحق لك يوم بالأسبوع او 8 ساعات تطلع تبحث عن عمل. اليوم هذا مدفوع الاجر و ما يحسب من ايام الراحة. بس مطلوب تبلغ صاحب العامل قبلها ب يوم واحد لكن لا تطلب هذا اليوم اذا انت الي بتطلب الانهاء او الاستقالة مو من حقك يا الذيب ماده 78 من نظام العمل,عزيزي الموظف اذا الشركة بلغتك بأنهاء العقد خلال فترة الاشعار يحق لك يوم بالأسبوع او 8 ساعات تطلع تبحث عن عمل,2023
,المحاماة والمرافعات,2024-02-13T18:46:42,1,,رابط,azizlawyer_post_1887,منشور قانوني نصي عام؛ عنوانه مقتبس من أول سطر في المصدر دون تنزيل مرفقات.,,False,,,https://t.me/azizlawyer/1887,بحث,1887,,قناة ثقافة قانونية — المحامي عبدالعزيز المطوع (@azizlawyer),13,المحامي عبدالعزيز المطوع,1887,إذا ظهر للمحكمة من أحد الوكلاء كثرة الاستمهالات بحجة سؤال موكله بقصد المماطلة، فلها حق طلب الموكل بنفسه لإتمام المرافعة أو توكيل وكيل آخر. المادة 53 نظام المرافعات الشرعية,إذا ظهر للمحكمة من أحد الوكلاء كثرة الاستمهالات بحجة سؤال موكله بقصد المماطلة، فلها حق طلب الموكل بنفسه لإتمام المرافعة أو توكيل وكيل آخر,2024
,القضاء والإثبات,2024-02-16T16:19:55,1,,رابط,azizlawyer_post_1896,منشور قانوني نصي عام؛ عنوانه مقتبس من أول سطر في المصدر دون تنزيل مرفقات.,,False,,,https://t.me/azizlawyer/1896,بحث,1896,,قناة ثقافة قانونية — المحامي عبدالعزيز المطوع (@azizlawyer),13,المحامي عبدالعزيز المطوع,1896,هيئةالعقار تُصدر اللائحة التنفيذية لنظام المساهماتالعقارية وتعلن عن استقبال الطلبات بموجبها,هيئةالعقار تُصدر اللائحة التنفيذية لنظام المساهماتالعقارية وتعلن عن استقبال الطلبات بموجبها,2024
,القضاء والإثبات,2024-02-21T11:28:05,1,,رابط,azizlawyer_post_1904,منشور قانوني نصي عام؛ عنوانه مقتبس من أول سطر في المصدر دون تنزيل مرفقات.,,False,,,https://t.me/azizlawyer/1904,بحث,1904,,قناة ثقافة قانونية — المحامي عبدالعزيز المطوع (@azizlawyer),13,المحامي عبدالعزيز المطوع,1904,توجه المحكمة اليمين المتممة للمدعي، إذا قدم دليلاً ناقصاً في الحقوق المالية، فإن حلف حُكم له وإن نكل لا يعتد بدليله. المادة (105/1) من نظام الإثبات,توجه المحكمة اليمين المتممة للمدعي، إذا قدم دليلاً ناقصاً في الحقوق المالية، فإن حلف حُكم له وإن نكل لا يعتد بدليله,2024
,القضاء والإثبات,2024-04-26T17:03:59,1,,رابط,azizlawyer_post_1987,منشور قانوني نصي عام؛ عنوانه مقتبس من أول سطر في المصدر دون تنزيل مرفقات.,,False,,,https://t.me/azizlawyer/1987,بحث,1987,,قناة ثقافة قانونية — المحامي عبدالعزيز المطوع (@azizlawyer),13,المحامي عبدالعزيز المطوع,1987,صدر قرار وزير المالية رقم 1090 في 21/9/1445 بتعديل بعض مواد اللائحة التنفيذية لنظام المنافسات والمشتريات الحكومية ويعمل بها في 11/11/1445,صدر قرار وزير المالية رقم 1090 في 21/9/1445 بتعديل بعض مواد اللائحة التنفيذية لنظام المنافسات والمشتريات الحكومية ويعمل بها في 11/11/1445,2024
,القضاء والإثبات,2024-05-26T22:39:11,1,,رابط,azizlawyer_post_2073,منشور قانوني نصي عام؛ عنوانه مقتبس من أول سطر في المصدر دون تنزيل مرفقات.,,False,,,https://t.me/azizlawyer/2073,بحث,2073,,قناة ثقافة قانونية — المحامي عبدالعزيز المطوع (@azizlawyer),13,المحامي عبدالعزيز المطوع,2073,رفع هشتاق بأسماء الأشخاص تُعد جريمة تشهير وفق نظام مكافحة جرائم المعلوماتية المادة 3 الفقرة 5. و التهديد برفع هشتاق يُعد شروع في تلك الجريمة يعاقب عليها النظام نفسه، المادة العاشرة. (منقول),رفع هشتاق بأسماء الأشخاص تُعد جريمة تشهير وفق نظام مكافحة جرائم المعلوماتية المادة 3 الفقرة 5,2024
,الأنظمة والتشريعات,2024-07-29T08:32:49,1,,رابط,azizlawyer_post_2152,منشور قانوني نصي عام؛ عنوانه مقتبس من أول سطر في المصدر دون تنزيل مرفقات.,,False,,,https://t.me/azizlawyer/2152,بحث,2152,,قناة ثقافة قانونية — المحامي عبدالعزيز المطوع (@azizlawyer),13,المحامي عبدالعزيز المطوع,2152,يحق للمدين التقدم للمحكمة بطلب إفتتاح اي من إجراءات الإفلاس،ويعد المدين صغيراً بموجب نطام الإفلاس اذا لم يتجاوز اجمالي الديون في ذمته عند افتتاح الإجراء مبلغ (مليوني ) ريال، الحد الأدنى لقيمة الدين الذي يخول الدائن الحق في طلب إفتتاح إجراء التصفية لصغار المدينين(خمسين الف) ريال,يحق للمدين التقدم للمحكمة بطلب إفتتاح اي من إجراءات الإفلاس،ويعد المدين صغيراً بموجب نطام الإفلاس اذا لم يتجاوز اجمالي الديون في ذمته عند افتتاح الإجراء مبلغ (مليوني ) ري,2024
,المحاماة والمرافعات,2024-10-03T14:51:58,1,,رابط,azizlawyer_post_2299,منشور قانوني نصي عام؛ عنوانه مقتبس من أول سطر في المصدر دون تنزيل مرفقات.,,False,,,https://t.me/azizlawyer/2299,بحث,2299,,قناة ثقافة قانونية — المحامي عبدالعزيز المطوع (@azizlawyer),13,المحامي عبدالعزيز المطوع,2299,هناك فرق بين النزاع في أتعاب المحاماة و بين النزاع في المماطلة في دفع أتعاب المحاماة . الأولى من اختصاص الدائرة ناظرة الدعوى الأصلية ، أما الثانية فمن إختصاص المحاكم العامة كأي دعوى حقوقية,هناك فرق بين النزاع في أتعاب المحاماة و بين النزاع في المماطلة في دفع أتعاب المحاماة,2024
,الأحوال الشخصية والتركات,2025-01-08T14:22:17,1,,رابط,azizlawyer_post_2458,منشور قانوني نصي عام؛ عنوانه مقتبس من أول سطر في المصدر دون تنزيل مرفقات.,,False,,,https://t.me/azizlawyer/2458,بحث,2458,,قناة ثقافة قانونية — المحامي عبدالعزيز المطوع (@azizlawyer),13,المحامي عبدالعزيز المطوع,2458,"بقرار من مجلسالوزراء تعديل جديد على نظام المرور: - إلغاء المادة (الحادية والسبعين). - إضافة فقرة في جدول المخالفات بالنص الآتي: ""قيادة المركبة في الطرق برخصة سير منتهية"". ️ المادة التي تم الغائها من نظام المرور كانت خاصة بغرامة التأخير عن تجديد رخص القيادة ورخص السير",بقرار من مجلسالوزراء,2025
,القضاء والإثبات,2025-01-23T11:52:15,1,,رابط,azizlawyer_post_2478,منشور قانوني نصي عام؛ عنوانه مقتبس من أول سطر في المصدر دون تنزيل مرفقات.,,False,,,https://t.me/azizlawyer/2478,بحث,2478,,قناة ثقافة قانونية — المحامي عبدالعزيز المطوع (@azizlawyer),13,المحامي عبدالعزيز المطوع,2478,نظام ملكية الوحدات العقارية وفرزها وإدارتها، ولائحته التنفيذية,نظام ملكية الوحدات العقارية وفرزها وإدارتها، ولائحته التنفيذية,2025
,القضاء والإثبات,2025-04-12T14:46:35,1,,رابط,azizlawyer_post_2589,منشور قانوني نصي عام؛ عنوانه مقتبس من أول سطر في المصدر دون تنزيل مرفقات.,,False,,,https://t.me/azizlawyer/2589,بحث,2589,,قناة ثقافة قانونية — المحامي عبدالعزيز المطوع (@azizlawyer),13,المحامي عبدالعزيز المطوع,2589,المادة 38 من النظام الأساسي للحكم: لا جريمة ولا عقوبة إلا بناء على نص شرعي أو نص نظامي. لذلك لا اجتهاد في وجود النص النظامي,المادة 38 من النظام الأساسي للحكم,2025
,القضاء والإثبات,2025-04-24T13:14:41,1,,رابط,azizlawyer_post_2604,منشور قانوني نصي عام؛ عنوانه مقتبس من أول سطر في المصدر دون تنزيل مرفقات.,,False,,,https://t.me/azizlawyer/2604,بحث,2604,,قناة ثقافة قانونية — المحامي عبدالعزيز المطوع (@azizlawyer),13,المحامي عبدالعزيز المطوع,2604,القرينة تُعد من الأدلة المقررة نظامًا، وتُعتبر التحاليل الطبية، كفحص الحمض النووي، من القرائن التي تستند إليها المحاكم عند الحاجة. وقد قررت محكمة التمييز في قرارها رقم (29/خ2/ب) بتاريخ 2/1/1430هـ أن نتائج الحمض النووي قرائن مؤثرة يُعتد بها. كما أكد المجلس الأعلى للقضاء في تعميمه رقم (1486/ت) بتاريخ 20/9/1441هـ على أهمية فحص الحمض النووي في قضايا اللعان عند موافقة الزوجة، مما يبرز مكانته كدليل معتبر في القضايا الشرعية والقضائية,القرينة تُعد من الأدلة المقررة نظامًا، وتُعتبر التحاليل الطبية، كفحص الحمض النووي، من القرائن التي تستند إليها المحاكم عند الحاجة,2025
,الأنظمة والتشريعات,2025-07-09T13:39:29,1,,رابط,azizlawyer_post_2695,منشور قانوني نصي عام؛ عنوانه مقتبس من أول سطر في المصدر دون تنزيل مرفقات.,,False,,,https://t.me/azizlawyer/2695,بحث,2695,,قناة ثقافة قانونية — المحامي عبدالعزيز المطوع (@azizlawyer),13,المحامي عبدالعزيز المطوع,2695,هل يحق لصاحب العمل حسم أجور العامل نتيجة غيابه أو عجوزاته المالية دون التحقيق معه وإنذاره ؟ الجواب: لا ، لأنه يجب على صاحب العمل الإلتزام بالإجراءات التي نصت عليها المواد (70 ، 71 ، 72) من نظام العمل قبل أي حسم من أجر العامل (منقول),هل يحق لصاحب العمل حسم أجور العامل نتيجة غيابه أو عجوزاته المالية دون التحقيق معه وإنذاره ؟,2025
,القضاء والإثبات,2026-04-01T20:39:59,1,,رابط,azizlawyer_post_2891,منشور قانوني نصي عام؛ عنوانه مقتبس من أول سطر في المصدر دون تنزيل مرفقات.,,False,,,https://t.me/azizlawyer/2891,بحث,2891,,قناة ثقافة قانونية — المحامي عبدالعزيز المطوع (@azizlawyer),13,المحامي عبدالعزيز المطوع,2891,تحتاج ترفع قضية أمام ديوان المظالم وما معك إثبات؟ اعرف الحل: الأصل أن عبء الاثبات يقع على عاتق المدعي وفقاً للمادة 3 من نظام الاثبات التي نصت (البينة على المدعي) لكن في المنازعات الإدارية لا يستقيم خاصة وأن الجهة الإدارية في غالب الأمر هي من تحتفظ بالوثائق والملفات ذات الأثر الحاسم في النزاع، ويتعذر على الأفراد الحصول عليها وتحديد مضمونها تحديد دقيق. لذا فإن عبء الاثبات يقع على جهة الإدارة وفقاً لأصول التقاضي وقواعد الاثبات لأن المستندات تقع في حيازتها وتحت يدها وهي من تملكها (مجموعة الاحكام وال,تحتاج ترفع قضية أمام ديوان المظالم وما معك إثبات؟,2026
,الأحوال الشخصية والتركات,2026-05-01T16:56:07,1,,رابط,azizlawyer_post_2948,منشور قانوني نصي عام؛ عنوانه مقتبس من أول سطر في المصدر دون تنزيل مرفقات.,,False,,,https://t.me/azizlawyer/2948,بحث,2948,,قناة ثقافة قانونية — المحامي عبدالعزيز المطوع (@azizlawyer),13,المحامي عبدالعزيز المطوع,2948,يعاقب بالسجن مدة تصل إلى (90) يومًا أو بغرامة تصل إلى (30 ألف ريال) أو بهما معًا؛ كل من امتنع عن تنفيذ حكم الحضانة أو الزيارة أو الولاية، أو حاول تعطيل التنفيذ نظامالتنفيذالجديد,يعاقب بالسجن مدة تصل إلى (90) يومًا أو بغرامة تصل إلى (30 ألف ريال) أو بهما معًا؛ كل من امتنع عن تنفيذ حكم الحضانة أو الزيارة أو الولاية، أو حاول تعطيل التنفيذ,2026
,المحاماة والمرافعات,2026-07-03T16:53:33,1,,رابط,azizlawyer_post_3034,منشور قانوني نصي عام؛ عنوانه مقتبس من أول سطر في المصدر دون تنزيل مرفقات.,,False,,,https://t.me/azizlawyer/3034,بحث,3034,,قناة ثقافة قانونية — المحامي عبدالعزيز المطوع (@azizlawyer),13,المحامي عبدالعزيز المطوع,3034,أصدرت وزارة العدل شرحًا نظامالاثبات كأول إصدار من شروح الأنظمة التي يقدمها مركز البحوث في الوزارة. يُعد هذا العمل مرجعًا مهمًا يستهدف القضاة، المحامين، والباحثين المهتمين في نظام الإثبات,أصدرت وزارة العدل شرحًا نظامالاثبات,2026
,المحاماة والمرافعات,2022-05-20T03:48:10,1,,رابط,azizlawyer_post_83,منشور قانوني نصي عام؛ عنوانه مقتبس من أول سطر في المصدر دون تنزيل مرفقات.,,False,,,https://t.me/azizlawyer/83,بحث,83,,قناة ثقافة قانونية — المحامي عبدالعزيز المطوع (@azizlawyer),12,المحامي عبدالعزيز المطوع,83,"السكوت عن المطالبة بالحق مدة طويلة مع القدرة عليها وعدم وجود مانعٌ شرعي يمنع منها ؛ دليلٌ على ترك الحق ، ومُوجب لردِّ الدعوى . و لأن القاعدة الشرعية: ""السكوت في معرض الحاجة بيان"" - مجموعة الأحكام القضائية: (ج١-ص٩٢) ١٤٣٥هـ",السكوت عن المطالبة بالحق مدة طويلة مع القدرة عليها وعدم وجود مانعٌ شرعي يمنع منها,2022
,الأنظمة والتشريعات,2022-06-02T02:33:10,1,,رابط,azizlawyer_post_687,منشور قانوني نصي عام؛ عنوانه مقتبس من أول سطر في المصدر دون تنزيل مرفقات.,,False,,,https://t.me/azizlawyer/687,بحث,687,,قناة ثقافة قانونية — المحامي عبدالعزيز المطوع (@azizlawyer),12,المحامي عبدالعزيز المطوع,687,الموافقة الكريمة على قرار تأسيس شركة الصحة القابضة. - ينقل العاملون والموظفون التابعون لوزارة الصحة الى شركةالصحةالقابضة او اي من شركاتها التابعة. - الموافقة على تنظيم مركز التأمين الصحي الوطني. - تنقل المبالغ المخصصة لوزارة الصحة الى مركز التأمين الصحي الوطني,الموافقة الكريمة على قرار تأسيس شركة الصحة القابضة,2022
,المحاماة والمرافعات,2022-06-21T22:33:19,1,,رابط,azizlawyer_post_862,منشور قانوني نصي عام؛ عنوانه مقتبس من أول سطر في المصدر دون تنزيل مرفقات.,,False,,,https://t.me/azizlawyer/862,بحث,862,,قناة ثقافة قانونية — المحامي عبدالعزيز المطوع (@azizlawyer),12,المحامي عبدالعزيز المطوع,862,تصنيف الدعاوى القضائية عبر نظام ناجز مع شرح ميسر لكل صنف تنسيق المحامي والمستشار:سليمان الغزواني,تصنيف الدعاوى القضائية عبر نظام ناجز مع شرح ميسر لكل صنف,2022
,المحاماة والمرافعات,2022-09-03T19:06:27,1,,رابط,azizlawyer_post_1096,منشور قانوني نصي عام؛ عنوانه مقتبس من أول سطر في المصدر دون تنزيل مرفقات.,,False,,,https://t.me/azizlawyer/1096,بحث,1096,,قناة ثقافة قانونية — المحامي عبدالعزيز المطوع (@azizlawyer),12,المحامي عبدالعزيز المطوع,1096,تسبيبات عمالية مع نموذج الدعوى والطلبات العمالية - عبدالله آل حسن,تسبيبات عمالية مع نموذج الدعوى والطلبات العمالية - عبدالله آل حسن,2022
,القضاء والإثبات,2022-11-27T22:46:32,1,,رابط,azizlawyer_post_1231,منشور قانوني نصي عام؛ عنوانه مقتبس من أول سطر في المصدر دون تنزيل مرفقات.,,False,,,https://t.me/azizlawyer/1231,بحث,1231,,قناة ثقافة قانونية — المحامي عبدالعزيز المطوع (@azizlawyer),12,المحامي عبدالعزيز المطوع,1231,"الفرق بين الإستيقاف والتوقيف والحبس :— الإستيقاف: إجراء احترازي للتحري عن الأشخاص وكشف هوياتهم. التوقيف: إيقاف مؤقت للمتهم بمكان محدد على ذمة التحقيق أو المحاكمة. الحبس: تقييد حرية الشخص لمدة معلومة, لصدور حكم أو قرار قضائي بحبسه",الفرق بين الإستيقاف والتوقيف والحبس,2022
,القضاء والإثبات,2022-12-04T20:32:00,1,,رابط,azizlawyer_post_1244,منشور قانوني نصي عام؛ عنوانه مقتبس من أول سطر في المصدر دون تنزيل مرفقات.,,False,,,https://t.me/azizlawyer/1244,بحث,1244,,قناة ثقافة قانونية — المحامي عبدالعزيز المطوع (@azizlawyer),12,المحامي عبدالعزيز المطوع,1244,نص البند ١٠ من تعميم وزير الداخلية رقم 16س/3778 في 18/9/1411: لا يجوز تفتيشها إلا إذا كان قد قبض على سائقها أو احد ركابها لارتكابهم جريمة أو ((لورود معلومات مؤكدة)) بان السيارة بها ممنوعات أو مهربات أو ضبط احد مستعمليها متلبسا بارتكاب الجريمة,نص البند ١٠ من تعميم وزير الداخلية رقم 16س/3778 في 18/9/1411: لا يجوز تفتيشها إلا إذا كان قد قبض على سائقها أو احد ركابها لارتكابهم جريمة أو ((لورود معلومات مؤكدة)) بان ا,2022
,المحاماة والمرافعات,2022-12-05T12:24:31,1,,رابط,azizlawyer_post_1245,منشور قانوني نصي عام؛ عنوانه مقتبس من أول سطر في المصدر دون تنزيل مرفقات.,,False,,,https://t.me/azizlawyer/1245,بحث,1245,,قناة ثقافة قانونية — المحامي عبدالعزيز المطوع (@azizlawyer),12,المحامي عبدالعزيز المطوع,1245,الفرق بين الجعالة والإجارة في عقود المحاماه: ان العمل في الجعالة قد يكون مجهولا بخلاف الإجارة. الجعالة لا يشترط فيها مدة العمل بخلاف الإجارة. ان العامل في الجعالة لم يلتزم العمل بخلاف الاجارة. ان الجعالة لا يشترط فيها تعيين العامل الجعالة عقد جائز بخلاف الاجارة فهو عقد لازم,الفرق بين الجعالة والإجارة في عقود المحاماه,2022
,القضاء والإثبات,2023-01-01T15:34:07,1,,رابط,azizlawyer_post_1314,منشور قانوني نصي عام؛ عنوانه مقتبس من أول سطر في المصدر دون تنزيل مرفقات.,,False,,,https://t.me/azizlawyer/1314,بحث,1314,,قناة ثقافة قانونية — المحامي عبدالعزيز المطوع (@azizlawyer),12,المحامي عبدالعزيز المطوع,1314,س/هل تم إعادة الحبسالتنفيذي؟ ج/ الحبس التنفيذي معلق بناءً على الأمرالملكي رقم 48017 وتاريخ 13 / 8 / 1441هـ وبناء على قرار رئيس المجلسالأعلىللقضاء رقم 17390 وتاريخ 6 / 10/ 1441هـ المبلغ بالتعميم رقم 1506 وتاريخ 6 /10 / 1441هـ، ولم يصدر خلافه حتى الآن,س/هل تم إعادة الحبسالتنفيذي؟,2023
,القضاء والإثبات,2023-01-03T18:19:26,1,,رابط,azizlawyer_post_1322,منشور قانوني نصي عام؛ عنوانه مقتبس من أول سطر في المصدر دون تنزيل مرفقات.,,False,,,https://t.me/azizlawyer/1322,بحث,1322,,قناة ثقافة قانونية — المحامي عبدالعزيز المطوع (@azizlawyer),12,المحامي عبدالعزيز المطوع,1322,نسخة محَدَّثة من جمعيةقضاء ️ لإصدار (تسهيل نظامالإثبات)، أُضيف عليها آخر التعديلات الصادرة على النظام,نسخة محَدَّثة من جمعيةقضاء ️ لإصدار (تسهيل نظامالإثبات)، أُضيف عليها آخر التعديلات الصادرة على النظام,2023
,الأنظمة والتشريعات,2023-01-03T20:18:49,1,,رابط,azizlawyer_post_1323,منشور قانوني نصي عام؛ عنوانه مقتبس من أول سطر في المصدر دون تنزيل مرفقات.,,False,,,https://t.me/azizlawyer/1323,بحث,1323,,قناة ثقافة قانونية — المحامي عبدالعزيز المطوع (@azizlawyer),12,المحامي عبدالعزيز المطوع,1323,هنا إيضاح الضرر الموجب للتعويض.. -جاء في البند الخامس من قرار مجمع الفقه الإسلامي رقم ١٠٩في١٤٢١/٦/٢٥ ما نصه: {الضرر الذي يجوز التعويض عنه يشمل الضرر المالي الفعلي،ومالحق المضرور من خسارةحقيقية، وما فاته من كسب مؤكد},هنا إيضاح الضرر الموجب للتعويض,2023
,المحاماة والمرافعات,2023-01-14T20:26:43,1,,رابط,azizlawyer_post_1340,منشور قانوني نصي عام؛ عنوانه مقتبس من أول سطر في المصدر دون تنزيل مرفقات.,,False,,,https://t.me/azizlawyer/1340,بحث,1340,,قناة ثقافة قانونية — المحامي عبدالعزيز المطوع (@azizlawyer),12,المحامي عبدالعزيز المطوع,1340,إذا امتنع المدعى عليه عن الجواب كليًّا، أو أجاب بجواب غير ملاق للدعوى؛ كرر عليه القاضي طلب الجواب الصحيح ثلاثًا في الجلسة نفسها، فإذا أصر على ذلك عدّه ناكلًا بعد إنذاره، وأجرى في القضية المقتضى الشرعي. المادة (67) من نظام المرافعات الشرعية,إذا امتنع المدعى عليه عن الجواب كليًّا، أو أجاب بجواب غير ملاق للدعوى؛ كرر عليه القاضي طلب الجواب الصحيح ثلاثًا في الجلسة نفسها، فإذا أصر على ذلك عدّه ناكلًا بعد إنذاره,2023
,المحاماة والمرافعات,2023-01-16T11:45:15,1,,رابط,azizlawyer_post_1345,منشور قانوني نصي عام؛ عنوانه مقتبس من أول سطر في المصدر دون تنزيل مرفقات.,,False,,,https://t.me/azizlawyer/1345,بحث,1345,,قناة ثقافة قانونية — المحامي عبدالعزيز المطوع (@azizlawyer),12,المحامي عبدالعزيز المطوع,1345,"من شروط قبول الدعوى القضائية : - أن تقام من ذي صفة على ذي صفة . إذا تعذر هذا الشرط نهاية الدعوى الحكم : "" صرف النظر عن الدعوى """,من شروط قبول الدعوى القضائية,2023
,المحاماة والمرافعات,2023-02-20T15:29:34,1,,رابط,azizlawyer_post_1428,منشور قانوني نصي عام؛ عنوانه مقتبس من أول سطر في المصدر دون تنزيل مرفقات.,,False,,,https://t.me/azizlawyer/1428,بحث,1428,,قناة ثقافة قانونية — المحامي عبدالعزيز المطوع (@azizlawyer),12,المحامي عبدالعزيز المطوع,1428,"نصت المادة (55) من نظام المرافعات الشرعية أنه: ""إذا لم يحضر المدعي أي جلسة من جلسات الدعوى ولم يتقدم بعذر تقبله المحكمة، فلها أن تقرر شطبها. فإذا انقضت (ستون) يوماً ولم يطلب المدعي السير فيها بعد شطبها ، أو لم يحضر بعد السير فيها، عدت كأن "" لم تكن ""","نصت المادة (55) من نظام المرافعات الشرعية أنه: ""إذا لم يحضر المدعي أي جلسة من جلسات الدعوى ولم يتقدم بعذر تقبله المحكمة، فلها أن تقرر شطبها",2023
,الأنظمة والتشريعات,2023-02-27T10:43:05,1,,رابط,azizlawyer_post_1439,منشور قانوني نصي عام؛ عنوانه مقتبس من أول سطر في المصدر دون تنزيل مرفقات.,,False,,,https://t.me/azizlawyer/1439,بحث,1439,,قناة ثقافة قانونية — المحامي عبدالعزيز المطوع (@azizlawyer),12,المحامي عبدالعزيز المطوع,1439,عقد الإجارة عقد لازم وساري ولو انتقلت العين لمالك جديد ، ولاتنفسخ الإجارة بالملك الجديد وللمشتري حق فسخ البيع إن لم يعلم بالعقود المتعلقة بالعين التي تملكها حكم مصدق من محكمة الاستئناف مجموعة الأحكام عام ١٤٣٥هـ ، ج(٣) ص ٣٢٩,عقد الإجارة عقد لازم وساري ولو انتقلت العين لمالك جديد ، ولاتنفسخ الإجارة بالملك الجديد,2023
,الأنظمة والتشريعات,2023-03-27T05:31:12,1,,رابط,azizlawyer_post_1494,منشور قانوني نصي عام؛ عنوانه مقتبس من أول سطر في المصدر دون تنزيل مرفقات.,,False,,,https://t.me/azizlawyer/1494,بحث,1494,,قناة ثقافة قانونية — المحامي عبدالعزيز المطوع (@azizlawyer),12,المحامي عبدالعزيز المطوع,1494,نسخة محدثة لنظام المرور موضح فيها كافة التعديلات على النظام واللائحة,نسخة محدثة لنظام المرور موضح فيها كافة التعديلات على النظام واللائحة,2023
,المحاماة والمرافعات,2023-04-07T01:10:22,1,,رابط,azizlawyer_post_1510,منشور قانوني نصي عام؛ عنوانه مقتبس من أول سطر في المصدر دون تنزيل مرفقات.,,False,,,https://t.me/azizlawyer/1510,بحث,1510,,قناة ثقافة قانونية — المحامي عبدالعزيز المطوع (@azizlawyer),12,المحامي عبدالعزيز المطوع,1510,وثيقة قانونية من إخراج جمعية قضاء المباركة، وإعداد الشيخ محمد الناصر بعنوان: إجراءات نظر دعاوى الملكية الفكرية,وثيقة قانونية من إخراج جمعية قضاء المباركة، وإعداد الشيخ محمد الناصر بعنوان: إجراءات نظر دعاوى الملكية الفكرية,2023
,القضاء والإثبات,2023-06-03T15:42:12,1,,رابط,azizlawyer_post_1573,منشور قانوني نصي عام؛ عنوانه مقتبس من أول سطر في المصدر دون تنزيل مرفقات.,,False,,,https://t.me/azizlawyer/1573,بحث,1573,,قناة ثقافة قانونية — المحامي عبدالعزيز المطوع (@azizlawyer),12,المحامي عبدالعزيز المطوع,1573,استقر القضاء على عدم جواز التعويض عن الربح الفائت أو المتوقع؛ لأنه أمر احتمالي، والتعويض إنما يكون عن ضرر محقق الوقوع، غير محتمل، ولا متوهم,استقر القضاء على عدم جواز التعويض عن الربح الفائت أو المتوقع؛ لأنه أمر احتمالي، والتعويض إنما يكون عن ضرر محقق الوقوع، غير محتمل، ولا متوهم,2023
,الأنظمة والتشريعات,2023-07-19T21:54:36,1,,رابط,azizlawyer_post_1629,منشور قانوني نصي عام؛ عنوانه مقتبس من أول سطر في المصدر دون تنزيل مرفقات.,,False,,,https://t.me/azizlawyer/1629,بحث,1629,,قناة ثقافة قانونية — المحامي عبدالعزيز المطوع (@azizlawyer),12,المحامي عبدالعزيز المطوع,1629,النسخة المعتمدة لـ نظام المساهمات العقارية الصادر بتاريخ 1444/12/28هـ ولمّا ينشر بعد ويعمل بالنظام بعد تاريخ نشره بالجريدة الرسمية بــ 120 يوماً كما جاء في المادة التاسعة والثمانين وهي المادة الأخيرة,النسخة المعتمدة لـ نظام المساهمات العقارية الصادر بتاريخ 1444/12/28هـ,2023
,الأنظمة والتشريعات,2023-07-21T15:26:56,1,,رابط,azizlawyer_post_1635,منشور قانوني نصي عام؛ عنوانه مقتبس من أول سطر في المصدر دون تنزيل مرفقات.,,False,,,https://t.me/azizlawyer/1635,بحث,1635,,قناة ثقافة قانونية — المحامي عبدالعزيز المطوع (@azizlawyer),12,المحامي عبدالعزيز المطوع,1635,مبطلات الشهادة أن يجر الشاهد له بها نفعا أو دفع ضرر وأكد على ذلك الشرع والنظام وأحكام التمييز حيث جاء بمجلة الاحكام الشرعية المادة 2172 (يمنع قبول الشهادة جر الشاهد بها نفعا لنفسه حال الشهادة..) ونصت الفقرة (2) من المادة (71) من الادلة الإجرائية لنظام الاثبات (2- لا تقبل شهادة من يدفع بالشهادة عن نفسه ضرراً أو يجلب لها نفعاً..) وأكدته أحكام المحكمة العليا بتقريرها (من في شهادته تهمة في إيصال النفع للمشهود له لا تقبل) رقم القرار: 656 /ق 5/ب وتاريخ 25/ 7/ 1427هـ. والتقرير (الأجير ا لخاص لا تقبل شه,مبطلات الشهادة أن يجر الشاهد له بها نفعا أو دفع ضرر وأكد على ذلك الشرع والنظام وأحكام التمييز حيث جاء بمجلة الاحكام الشرعية المادة 2172 (يمنع قبول الشهادة جر الشاهد بها ن,2023
,القضاء والإثبات,2023-08-08T12:07:21,1,,رابط,azizlawyer_post_1655,منشور قانوني نصي عام؛ عنوانه مقتبس من أول سطر في المصدر دون تنزيل مرفقات.,,False,,,https://t.me/azizlawyer/1655,بحث,1655,,قناة ثقافة قانونية — المحامي عبدالعزيز المطوع (@azizlawyer),12,المحامي عبدالعزيز المطوع,1655,لا يجمع بين إثبات إدانة المدعى عليه بالترويج والحيازة، والذي ينبغي إما إثبات الترويج وإما إثبات الحيازة للترويج حسبما يثبت. قرار المحكمة العليا رقم: (٢٨٧/١/٢)،(١٤٣٤/٨/٢٤هـ)(287/1/2),لا يجمع بين إثبات إدانة المدعى عليه بالترويج والحيازة، والذي ينبغي إما إثبات الترويج وإما إثبات الحيازة للترويج حسبما يثبت,2023
,الأنظمة والتشريعات,2023-09-06T12:54:28,1,,رابط,azizlawyer_post_1690,منشور قانوني نصي عام؛ عنوانه مقتبس من أول سطر في المصدر دون تنزيل مرفقات.,,False,,,https://t.me/azizlawyer/1690,بحث,1690,,قناة ثقافة قانونية — المحامي عبدالعزيز المطوع (@azizlawyer),12,المحامي عبدالعزيز المطوع,1690,أرغب في رفع شكوى على شركة (..)لأنها وضعت ملاحظات علي في سمة وتسببت في حرماني من الإستفادة من القروض البنكية ماهي الجهة المختصة؟ 1- التقدم بشكوى لشركة المعلومات الإئتمانية 2- الرفع للجنة النظر في مخالفات نظام المعلومات الإئتمانية 3- التظلم من قرار اللجنة أمام ديوان المظالم. (منقول),أرغب في رفع شكوى على شركة (..)لأنها وضعت ملاحظات علي في سمة وتسببت في حرماني من الإستفادة من القروض البنكية ماهي الجهة المختصة؟,2023
,المحاماة والمرافعات,2023-12-04T13:56:12,1,,رابط,azizlawyer_post_1802,منشور قانوني نصي عام؛ عنوانه مقتبس من أول سطر في المصدر دون تنزيل مرفقات.,,False,,,https://t.me/azizlawyer/1802,بحث,1802,,قناة ثقافة قانونية — المحامي عبدالعزيز المطوع (@azizlawyer),12,المحامي عبدالعزيز المطوع,1802,هل يؤثر عدم دفع مبلغ التكاليف القضائية على الدعاوى والطلبات ؟ لا يؤثر ، إلا في حالة طلب النقض أو التماس إعادة النظر فلا يُقيَّد الطلب إلا بعد دفع مبلغ التكاليف ويُمهل مقدم الطلب 30 يومًا للدفع وبعد ذلك يُحكم نهائيًا بسقوط حقه في الطلب. -م12 من نظام التكاليف القضائية,هل يؤثر عدم دفع مبلغ التكاليف القضائية على الدعاوى والطلبات ؟,2023
,الأنظمة والتشريعات,2024-01-16T10:10:24,1,,رابط,azizlawyer_post_1845,منشور قانوني نصي عام؛ عنوانه مقتبس من أول سطر في المصدر دون تنزيل مرفقات.,,False,,,https://t.me/azizlawyer/1845,بحث,1845,,قناة ثقافة قانونية — المحامي عبدالعزيز المطوع (@azizlawyer),12,المحامي عبدالعزيز المطوع,1845,"""يلتزم المستأجر برد المأجور إلى المؤجر عند انتهاء عقد الإيجار بالحال التي تسلمه بها، ويُستثنى من ذلك ما يقتضيه الاستعمال المعتاد"". المادة 435 من نظام المعاملات المدنية","""يلتزم المستأجر برد المأجور إلى المؤجر عند انتهاء عقد الإيجار بالحال التي تسلمه بها، ويُستثنى من ذلك ما يقتضيه الاستعمال المعتاد""",2024
,الأنظمة والتشريعات,2024-02-01T20:30:49,1,,رابط,azizlawyer_post_1868,منشور قانوني نصي عام؛ عنوانه مقتبس من أول سطر في المصدر دون تنزيل مرفقات.,,False,,,https://t.me/azizlawyer/1868,بحث,1868,,قناة ثقافة قانونية — المحامي عبدالعزيز المطوع (@azizlawyer),12,المحامي عبدالعزيز المطوع,1868,تم إيقاف توثيق العقود عبر المؤسسة العامة للتأمينات الاجتماعية دون أي تاثير على عملية تسجيل المشتركين في التامينات والآن توثيق العقود يتم بشكل كامل عن طريق منصة قوى ( سابقاً بعد تسجيل الموظف السعودي في التأمينات يصل رابط توثيق العقد له للموافقة أو الرفض أما الآن تتم العملية بالكامل عبر منصة قوى),تم إيقاف توثيق العقود عبر المؤسسة العامة للتأمينات الاجتماعية دون أي تاثير على عملية تسجيل المشتركين في التامينات والآن توثيق العقود يتم بشكل كامل عن طريق منصة قوى,2024
,الأنظمة والتشريعات,2024-02-21T11:27:53,1,,رابط,azizlawyer_post_1903,منشور قانوني نصي عام؛ عنوانه مقتبس من أول سطر في المصدر دون تنزيل مرفقات.,,False,,,https://t.me/azizlawyer/1903,بحث,1903,,قناة ثقافة قانونية — المحامي عبدالعزيز المطوع (@azizlawyer),12,المحامي عبدالعزيز المطوع,1903,دفع العربون عند إبرام العقد يُفيد أن لدافعه وحده الحق في الرجوع عن العقد؛ وإذا رجع عنه ليس له أن يسترد ما دفعه من العربون؛ مالم يُتفق على خلاف ذلك. المادة (١/٤٤) من نظام المعاملات المدنية,دفع العربون عند إبرام العقد يُفيد أن لدافعه وحده الحق في الرجوع عن العقد؛ وإذا رجع عنه ليس له أن يسترد ما دفعه من,2024
,الأنظمة والتشريعات,2024-05-23T15:51:20,1,,رابط,azizlawyer_post_2061,منشور قانوني نصي عام؛ عنوانه مقتبس من أول سطر في المصدر دون تنزيل مرفقات.,,False,,,https://t.me/azizlawyer/2061,بحث,2061,,قناة ثقافة قانونية — المحامي عبدالعزيز المطوع (@azizlawyer),12,المحامي عبدالعزيز المطوع,2061,جاز النظام للكفيل في حال حل الدين ولم يطالب الدائن المدين بالسداد ولم يكن الكفيل متضامنا مع المدين أن يُعذر الدائن باتخاذ الإجراءات ضد المدين ومطالبته بالسداد،واذا لم يقم الدائن بذلك خلال (180) يوماً من تاريخ الأعذار برئت ذمة الكفيل من الكفالة ولو منح الدائن المدين أجلاً,جاز النظام للكفيل في حال حل الدين ولم يطالب الدائن المدين بالسداد ولم يكن الكفيل متضامنا مع المدين أن يُعذر الدائن باتخاذ الإجراءات ضد المدين ومطالبته بالسداد،واذا لم يقم,2024
,الأنظمة والتشريعات,2024-07-03T01:04:01,1,,رابط,azizlawyer_post_2120,منشور قانوني نصي عام؛ عنوانه مقتبس من أول سطر في المصدر دون تنزيل مرفقات.,,False,,,https://t.me/azizlawyer/2120,بحث,2120,,قناة ثقافة قانونية — المحامي عبدالعزيز المطوع (@azizlawyer),12,المحامي عبدالعزيز المطوع,2120,باختصار ولتوضيح التعديلات على نظامي التأمينات الاجتماعية التقاعد المدني الحاليين ونظام التأمينات الاجتماعية الجديد: 1- عمرك 50 سنة هجرية وأكثر أو مدة اشتراكك 240 شهر (20) سنة وأكثر – لا ينطبق عليك أي تعديلات وتستمر بوضعك الحالي. 2- عمرك أقل من 50 سنة هجرية وعندك اشتراك أقل من 240 شهر (20) سنة – ينطبق عليك تعديلات سن التقاعد النظامي والمدة اللازمة للتقاعد المبكر – وبتكون بشكل تدريجي 3- ما عندك أي مدة اشتراك سابقة ؟ – يطبق عليك النظام الجديد. وإذا تبغى تعرف أكثر، هذي المنصة شاملة لكل التفاصيل: awa,باختصار ولتوضيح التعديلات على نظامي التأمينات الاجتماعية التقاعد المدني الحاليين ونظام التأمينات الاجتماعية الجديد,2024
,الأنظمة والتشريعات,2024-08-06T18:38:28,1,,رابط,azizlawyer_post_2178,منشور قانوني نصي عام؛ عنوانه مقتبس من أول سطر في المصدر دون تنزيل مرفقات.,,False,,,https://t.me/azizlawyer/2178,بحث,2178,,قناة ثقافة قانونية — المحامي عبدالعزيز المطوع (@azizlawyer),12,المحامي عبدالعزيز المطوع,2178,تضمنت التعديلات على مواد نظامالعمل : 38 مادة تم تعديلها. 7 مواد تم حذفها. 2 مادة تم إضافتها. يبدأ العمل بالتعديلات: بعد مرور 180 يوماً من تاريخ نشرها في الجريدة الرسمية,تضمنت التعديلات على مواد نظامالعمل,2024
,القضاء والإثبات,2024-09-26T01:09:34,1,,رابط,azizlawyer_post_2273,منشور قانوني نصي عام؛ عنوانه مقتبس من أول سطر في المصدر دون تنزيل مرفقات.,,False,,,https://t.me/azizlawyer/2273,بحث,2273,,قناة ثقافة قانونية — المحامي عبدالعزيز المطوع (@azizlawyer),12,المحامي عبدالعزيز المطوع,2273,المركز الوطني للوثائق والمحفوظات ينشر النسخة الرسمية للمرسوم الملكي الكريم رقم (م/٤٤) وتأريخ ٠٨-٠٢-١٤٤٦ القاضي بالموافقة على تعديل بعض مواد نظامالعمل,المركز الوطني للوثائق والمحفوظات ينشر النسخة الرسمية للمرسوم الملكي الكريم رقم (م/٤٤) وتأريخ ٠٨-٠٢-١٤٤٦ القاضي بالموافقة على تعديل بعض مواد نظامالعمل,2024
,الأنظمة والتشريعات,2024-10-02T16:05:28,1,,رابط,azizlawyer_post_2294,منشور قانوني نصي عام؛ عنوانه مقتبس من أول سطر في المصدر دون تنزيل مرفقات.,,False,,,https://t.me/azizlawyer/2294,بحث,2294,,قناة ثقافة قانونية — المحامي عبدالعزيز المطوع (@azizlawyer),12,المحامي عبدالعزيز المطوع,2294,الطبيعة النظامية لحق المستثمر في الانتفاع بالأرض في عقود استثمار الأراضي بين أشخاص القانون الخاص، وآثار ذلك وفقًا لـ نظامالمعاملاتالمدنية,الطبيعة النظامية لحق المستثمر في الانتفاع بالأرض في عقود استثمار الأراضي بين أشخاص القانون الخاص، وآثار ذلك وفقًا لـ نظامالمعاملاتالمدنية,2024
,القضاء والإثبات,2024-10-09T13:23:47,1,,رابط,azizlawyer_post_2321,منشور قانوني نصي عام؛ عنوانه مقتبس من أول سطر في المصدر دون تنزيل مرفقات.,,False,,,https://t.me/azizlawyer/2321,بحث,2321,,قناة ثقافة قانونية — المحامي عبدالعزيز المطوع (@azizlawyer),12,المحامي عبدالعزيز المطوع,2321,جاء في قرار مجلس القضاء الأعلى بهيئته الدائمة رقم ٤٦/٤/١٨٣ في ١٤٠٥/٧/٩ مانصه {إذا تلفت العين المؤجرة انفسخت الإجارة في الباقي من المدة، لأن المقصود بالعقد، هو المنفعة، وقد فاتت بتلف العين} -وجاء في المادة (٤٢٦) من نظام المعاملات المدنية ما نصه [إذا ترتب على العيب حرمان المستأجر كلياً أو جزئياً من الانتفاع بالمأجور جاز له طلب الفسخ أو إنقاص الأجرة دون إخلال بحقه في التعويض],جاء في قرار مجلس القضاء الأعلى بهيئته الدائمة رقم ٤٦/٤/١٨٣ في ١٤٠٥/٧/٩ مانصه,2024
,الأنظمة والتشريعات,2024-11-06T10:37:06,1,,رابط,azizlawyer_post_2411,منشور قانوني نصي عام؛ عنوانه مقتبس من أول سطر في المصدر دون تنزيل مرفقات.,,False,,,https://t.me/azizlawyer/2411,بحث,2411,,قناة ثقافة قانونية — المحامي عبدالعزيز المطوع (@azizlawyer),12,المحامي عبدالعزيز المطوع,2411,لديك عقار مفرغ باسم الغير، أو لك حصة في عقار مشترك مفرغ باسم شريكك. صحح وضعك،وتأكد من تسجيل عقارك باسمك وتحديد نصيبك في السجل العقاري مرور سنة على تسجيل العقار باسم غيرك، ونشره ضمن قوائم الملاك في السجل العقاري دون اعتراض منك؛ يكسب هذا التسجيل الحجية المطلقة، ولا يحق لك طلب إلغائه أو تعديل بياناته أو الحقوق الواردة عليه. التسجيلالعينيللعقار,لديك عقار مفرغ باسم الغير، أو لك حصة في عقار مشترك مفرغ باسم شريكك,2024
,الأحوال الشخصية والتركات,2024-12-29T12:05:41,1,,رابط,azizlawyer_post_2446,منشور قانوني نصي عام؛ عنوانه مقتبس من أول سطر في المصدر دون تنزيل مرفقات.,,False,,,https://t.me/azizlawyer/2446,بحث,2446,,قناة ثقافة قانونية — المحامي عبدالعزيز المطوع (@azizlawyer),12,المحامي عبدالعزيز المطوع,2446,الاختصاص القضائي لنظر قضايا البنوك | - المنازعات المتعلقة بالأعمال المصرفية، كالحسابات البنكية والشيكات والحوالات المصرفية والمتاجرة في العملات وخطابات الضمان والاعتمادات المستندية. (تختص بنظرها لجنة المنازعات المصرفية) - المنازعات التمويلية، كالبطاقات الائتمانية ذات الإقراض، وكذلك الإيجار التمويلي على المنقولات. (تختص بنظرها لجنة الفصل في المخالفات والمنازعات التمويلية) - المنازعات الناشئة من عقود التمويل العقاري المبرمة بين المستفيدين والممولين العقاريين (تختص بنظرها المحاكم العامة),الاختصاص القضائي لنظر قضايا البنوك |,2024
,الأنظمة والتشريعات,2024-12-29T20:54:10,1,,رابط,azizlawyer_post_2447,منشور قانوني نصي عام؛ عنوانه مقتبس من أول سطر في المصدر دون تنزيل مرفقات.,,False,,,https://t.me/azizlawyer/2447,بحث,2447,,قناة ثقافة قانونية — المحامي عبدالعزيز المطوع (@azizlawyer),12,المحامي عبدالعزيز المطوع,2447,هل يجوز لشركة ذات مسئولية محدودة رهن حصصها؟ نعم يجوز رهن الحصص، ويكون للدائن المرتهن قبض الأرباح، ما لم يُتفق في عقد الرهن على غير ذلك. المادة (180/2) من نظام الشركات,هل يجوز لشركة ذات مسئولية محدودة رهن حصصها؟,2024
,الأحوال الشخصية والتركات,2025-01-04T21:45:09,1,,رابط,azizlawyer_post_2455,منشور قانوني نصي عام؛ عنوانه مقتبس من أول سطر في المصدر دون تنزيل مرفقات.,,False,,,https://t.me/azizlawyer/2455,بحث,2455,,قناة ثقافة قانونية — المحامي عبدالعزيز المطوع (@azizlawyer),12,المحامي عبدالعزيز المطوع,2455,إذا ظهر دين على الميت بعد قسمة التركة لزم كل واحدٍ من الورثة نصيبه من الدَّين في الحصة التي آلت إليه من التركة. المستند: مادة (630) من نظام المعاملات المدنية,إذا ظهر دين على الميت بعد قسمة التركة لزم كل واحدٍ من الورثة نصيبه من الدَّين في الحصة التي آلت إليه من التركة,2025
,القضاء والإثبات,2025-04-03T23:15:40,1,,رابط,azizlawyer_post_2579,منشور قانوني نصي عام؛ عنوانه مقتبس من أول سطر في المصدر دون تنزيل مرفقات.,,False,,,https://t.me/azizlawyer/2579,بحث,2579,,قناة ثقافة قانونية — المحامي عبدالعزيز المطوع (@azizlawyer),12,المحامي عبدالعزيز المطوع,2579,س/ هل يجوز لصاحب العمل الجمع بين إنهاء عقد العمل بناء على المادة ٨٠ (غياب) وطلب تعويض المادة ٧٧؟ ج/ لا يستحق صاحب العمل إذا قام بفسخ العقد وفقا للمادة (٨٠) أي تعويض، وكذلك العامل إذا ترك العمل وفقا للمادة (٨١)، لأن المادة (٧٧) نصت على استحقاق الطرف المتضرر التعويض في حال كان الإنهاء من قبل أحد الطرفين لسبب غير مشروع، ولم يحصل ذلك، وهو ما جرى عليه أغلب العمل في المحاكم. (منقول),س/ هل يجوز لصاحب العمل الجمع بين إنهاء عقد العمل بناء على المادة ٨٠ (غياب) وطلب تعويض المادة ٧٧؟,2025
,الأنظمة والتشريعات,2025-04-08T17:52:01,1,,رابط,azizlawyer_post_2586,منشور قانوني نصي عام؛ عنوانه مقتبس من أول سطر في المصدر دون تنزيل مرفقات.,,False,,,https://t.me/azizlawyer/2586,بحث,2586,,قناة ثقافة قانونية — المحامي عبدالعزيز المطوع (@azizlawyer),12,المحامي عبدالعزيز المطوع,2586,قرار اعتماد لائحة تنظيم عقد العمل البحري رقم ١٢٦٣٢٢ وتاريخ ١٤-٩-١٤٤٦,قرار اعتماد لائحة تنظيم عقد العمل البحري رقم ١٢٦٣٢٢ وتاريخ ١٤-٩-١٤٤٦,2025
,الأنظمة والتشريعات,2025-04-12T22:57:12,1,,رابط,azizlawyer_post_2590,منشور قانوني نصي عام؛ عنوانه مقتبس من أول سطر في المصدر دون تنزيل مرفقات.,,False,,,https://t.me/azizlawyer/2590,بحث,2590,,قناة ثقافة قانونية — المحامي عبدالعزيز المطوع (@azizlawyer),12,المحامي عبدالعزيز المطوع,2590,إذا ألحق العامل ضررًا جسيمًا بجهة العمل بسبب إهماله أو مخالفته للتعليمات، يحق لصاحب العمل فصله دون مكافأة أو إشعار. (المادة 80 من نظام العمل السعودي),إذا ألحق العامل ضررًا جسيمًا بجهة العمل بسبب إهماله أو مخالفته للتعليمات، يحق لصاحب العمل فصله دون مكافأة أو إشعار,2025
,الأنظمة والتشريعات,2025-09-25T18:36:07,1,,رابط,azizlawyer_post_2777,منشور قانوني نصي عام؛ عنوانه مقتبس من أول سطر في المصدر دون تنزيل مرفقات.,,False,,,https://t.me/azizlawyer/2777,بحث,2777,,قناة ثقافة قانونية — المحامي عبدالعزيز المطوع (@azizlawyer),12,المحامي عبدالعزيز المطوع,2777,متى يحق للمؤجر رفع قيمة الإيجار في الرياض؟ وفقًا للتنظيم الجديد، لا يُسمح للمؤجر برفع الإيجار لمدة 5 سنوات، إلا في حالات محددة، منها: إذا خضعت الوحدة العقارية لـ: •ترميمات إنشائية أو هيكلية جوهرية. •وكان لها تأثير مباشر على القيمة الإيجارية للعقار. في هذه الحالة، يمكن للمؤجر الاعتراض على القيمة الإيجارية المحددة، وطلب مراجعتها من الهيئة العامة للعقار,متى يحق للمؤجر رفع قيمة الإيجار في الرياض؟,2025
,القضاء والإثبات,2026-01-12T00:25:19,1,,رابط,azizlawyer_post_2857,منشور قانوني نصي عام؛ عنوانه مقتبس من أول سطر في المصدر دون تنزيل مرفقات.,,False,,,https://t.me/azizlawyer/2857,بحث,2857,,قناة ثقافة قانونية — المحامي عبدالعزيز المطوع (@azizlawyer),12,المحامي عبدالعزيز المطوع,2857,اللائحة التنفيذية لمراقبة شركات التمويل بالرقم 472038006 وتاريخ 2-7-1447,اللائحة التنفيذية لمراقبة شركات التمويل بالرقم 472038006 وتاريخ 2-7-1447,2026
,الأحوال الشخصية والتركات,2026-07-18T16:34:37,1,,رابط,azizlawyer_post_3077,منشور قانوني نصي عام؛ عنوانه مقتبس من أول سطر في المصدر دون تنزيل مرفقات.,,False,,,https://t.me/azizlawyer/3077,بحث,3077,,قناة ثقافة قانونية — المحامي عبدالعزيز المطوع (@azizlawyer),12,المحامي عبدالعزيز المطوع,3077,حالات التلبس بالجريمة: 1- ضبط الجاني أثناء ارتكابه للجريمة أو بعد وقوعها مباشرة بوقت يسير. 2- هروب الجاني وتبِعه المجني عليه أو غيره بصيحات المطاردة فور وقوع الجريمة. 3- العثور مع الشخص عند القبض عليه على أدوات أو أسلحة أو أشياء يُستدل منها على ارتكابه للجريمة أو مشاركته فيها. 4- وجود علامات مادية واضحة على الشخص (كالدماء أو آثار في ملابسه) تدل على ارتكابه للجريمة في وقت قريب من الضبط,حالات التلبس بالجريمة,2026
,الأحوال الشخصية والتركات,2026-07-31T14:46:08,1,,رابط,azizlawyer_post_3127,منشور قانوني نصي عام؛ عنوانه مقتبس من أول سطر في المصدر دون تنزيل مرفقات.,,False,,,https://t.me/azizlawyer/3127,بحث,3127,,قناة ثقافة قانونية — المحامي عبدالعزيز المطوع (@azizlawyer),12,المحامي عبدالعزيز المطوع,3127,هل يحق لأحد الورثة السكن في العقار قبل قسمته؟ الأصل أنه لا يجوز لأحد الورثة الانفراد بالسكن أو الانتفاع قبل قسمته إلا بموافقة جميع الورثة. لأن العقار بمجرد وفاة المورث ينتقل إلى ملكية الورثة، فلا يحق لأحدهم الاستئثار بالانتفاع به دون رضا بقية الورثة. ️السكن بموافقة جميع الورثة إذا وافق جميع الورثة، على أن يسكن أحدهم في العقار، جاز ذلك سواء كان السكن بمقابل أو دون مقابل، باعتبارهم أصحاب الحق في الانتفاع بالعقار. ️إذا كان بين الورثة قاصر إذا كان من بين الورثة قاصر، فلا يجوز التنازل عن حقه في الانت,هل يحق لأحد الورثة السكن في العقار قبل قسمته؟,2026
,المحاماة والمرافعات,2026-08-10T19:41:36,1,,رابط,azizlawyer_post_3154,منشور قانوني نصي عام؛ عنوانه مقتبس من أول سطر في المصدر دون تنزيل مرفقات.,,False,,,https://t.me/azizlawyer/3154,بحث,3154,,قناة ثقافة قانونية — المحامي عبدالعزيز المطوع (@azizlawyer),12,المحامي عبدالعزيز المطوع,3154,بناء على قرار المحكمةالعليا : الدعاوى المتعلقة بتصميم المواقع الإلكترونية وعقودها من اختصاص المحاكمالعامة,بناء على قرار المحكمةالعليا : الدعاوى المتعلقة بتصميم المواقع الإلكترونية وعقودها من اختصاص المحاكمالعامة,2026
,الأنظمة والتشريعات,2022-05-20T18:34:13,1,,رابط,azizlawyer_post_222,منشور قانوني نصي عام؛ عنوانه مقتبس من أول سطر في المصدر دون تنزيل مرفقات.,,False,,,https://t.me/azizlawyer/222,بحث,222,,قناة ثقافة قانونية — المحامي عبدالعزيز المطوع (@azizlawyer),11,المحامي عبدالعزيز المطوع,222,تعديلات على نظام المرور تتعلق بالاعتراض وسداد وتجزئة وتخفيض المخالفات المرورية ١٤٤٣,تعديلات على نظام المرور تتعلق بالاعتراض وسداد وتجزئة وتخفيض المخالفات المرورية ١٤٤٣,2022
,القضاء والإثبات,2022-05-21T02:09:07,1,,رابط,azizlawyer_post_269,منشور قانوني نصي عام؛ عنوانه مقتبس من أول سطر في المصدر دون تنزيل مرفقات.,,False,,,https://t.me/azizlawyer/269,بحث,269,,قناة ثقافة قانونية — المحامي عبدالعزيز المطوع (@azizlawyer),11,المحامي عبدالعزيز المطوع,269,ملف يتضمن الإثبات مختصر تسبيب الأحكام القضائية، بيفيدك جداً في كُلٍ من: - الإقرار - الرجوع عن الإقرار - الشهادة - القرينة,ملف يتضمن الإثبات مختصر تسبيب الأحكام القضائية، بيفيدك جداً في كُلٍ من,2022
,الأنظمة والتشريعات,2022-05-21T02:20:38,1,,رابط,azizlawyer_post_277,منشور قانوني نصي عام؛ عنوانه مقتبس من أول سطر في المصدر دون تنزيل مرفقات.,,False,,,https://t.me/azizlawyer/277,بحث,277,,قناة ثقافة قانونية — المحامي عبدالعزيز المطوع (@azizlawyer),11,المحامي عبدالعزيز المطوع,277,"ملف للمهتمين بالجنائي ""القواعد القانونية لأعمال رجل الأمن العام""","ملف للمهتمين بالجنائي ""القواعد القانونية لأعمال رجل الأمن العام""",2022
,القضاء والإثبات,2022-05-27T19:00:01,1,,رابط,azizlawyer_post_645,منشور قانوني نصي عام؛ عنوانه مقتبس من أول سطر في المصدر دون تنزيل مرفقات.,,False,,,https://t.me/azizlawyer/645,بحث,645,,قناة ثقافة قانونية — المحامي عبدالعزيز المطوع (@azizlawyer),11,المحامي عبدالعزيز المطوع,645,تعديلات باللائحة التنفيذية لنظام المؤسسات الصحية الخاصة تضمنت: - المدير الإداري سعوديًا - المدير الطبي سعوديًا,تعديلات باللائحة التنفيذية لنظام المؤسسات الصحية الخاصة,2022
,القضاء والإثبات,2022-08-01T15:42:29,1,,رابط,azizlawyer_post_945,منشور قانوني نصي عام؛ عنوانه مقتبس من أول سطر في المصدر دون تنزيل مرفقات.,,False,,,https://t.me/azizlawyer/945,بحث,945,,قناة ثقافة قانونية — المحامي عبدالعزيز المطوع (@azizlawyer),11,المحامي عبدالعزيز المطوع,945,العقوبات الجزائية الخارجة عن ولاية القضاء - القاضي: عبدالله الحصان,العقوبات الجزائية الخارجة عن ولاية القضاء - القاضي: عبدالله الحصان,2022
,المحاماة والمرافعات,2022-09-01T19:05:29,1,,رابط,azizlawyer_post_1077,منشور قانوني نصي عام؛ عنوانه مقتبس من أول سطر في المصدر دون تنزيل مرفقات.,,False,,,https://t.me/azizlawyer/1077,بحث,1077,,قناة ثقافة قانونية — المحامي عبدالعزيز المطوع (@azizlawyer),11,المحامي عبدالعزيز المطوع,1077,دعاوى محاسبة المدير يشترط فيها أن تكون عن مسؤوليات محددة يبينها ويعينها صاحب الشأن، ومتى ما كان الغرض من المحاسبة عــامًـــــا ومطلقًا فإن ذلك يعد أمرًا مانعًا من إجرائها، وقد استقر القضاء التجاري على هذا المعنى، أي على عدم صحة المحاسبة المطلقة,دعاوى محاسبة المدير يشترط فيها أن تكون عن مسؤوليات محددة يبينها ويعينها صاحب الشأن,2022
,القضاء والإثبات,2022-09-22T02:07:04,1,,رابط,azizlawyer_post_1121,منشور قانوني نصي عام؛ عنوانه مقتبس من أول سطر في المصدر دون تنزيل مرفقات.,,False,,,https://t.me/azizlawyer/1121,بحث,1121,,قناة ثقافة قانونية — المحامي عبدالعزيز المطوع (@azizlawyer),11,المحامي عبدالعزيز المطوع,1121,يشترط وجود المساس بالحياة الخاصة لتكون جريمة.. وأما بحال التصوير دون المساس بالحياة الخاصة فهذه تعد مخالفة وفقاً للائحة الذوق العام ولا تخضع لنظام الجرائم المعلوماتية,يشترط وجود المساس بالحياة الخاصة لتكون جريمة,2022
,المحاماة والمرافعات,2022-10-03T00:53:47,1,,رابط,azizlawyer_post_1128,منشور قانوني نصي عام؛ عنوانه مقتبس من أول سطر في المصدر دون تنزيل مرفقات.,,False,,,https://t.me/azizlawyer/1128,بحث,1128,,قناة ثقافة قانونية — المحامي عبدالعزيز المطوع (@azizlawyer),11,المحامي عبدالعزيز المطوع,1128,خبر | بقرار من رئيس المجلس الأعلى للقضاء د.وليد الصمعاني .. تقديم الدعوى الجزائية الخاصة لا يتطلب رقم قيد الدعوى العامة أو رقم أمر الحفظ,خبر | بقرار من رئيس المجلس الأعلى للقضاء د.وليد الصمعاني,2022
,الأنظمة والتشريعات,2022-11-15T14:23:13,1,,رابط,azizlawyer_post_1208,منشور قانوني نصي عام؛ عنوانه مقتبس من أول سطر في المصدر دون تنزيل مرفقات.,,False,,,https://t.me/azizlawyer/1208,بحث,1208,,قناة ثقافة قانونية — المحامي عبدالعزيز المطوع (@azizlawyer),11,المحامي عبدالعزيز المطوع,1208,لا يجوز لصاحب العمل فصل العاملة أو إنذارها بالفصل أثناء تمتعها بإجازة الوضع . م 155 نظام العمل,لا يجوز لصاحب العمل فصل العاملة أو إنذارها بالفصل أثناء تمتعها بإجازة الوضع,2022
,الأنظمة والتشريعات,2022-11-16T14:51:45,1,,رابط,azizlawyer_post_1211,منشور قانوني نصي عام؛ عنوانه مقتبس من أول سطر في المصدر دون تنزيل مرفقات.,,False,,,https://t.me/azizlawyer/1211,بحث,1211,,قناة ثقافة قانونية — المحامي عبدالعزيز المطوع (@azizlawyer),11,المحامي عبدالعزيز المطوع,1211,"️من المبادىء والقرارات "" غير المسترسل الذي يحسن البيع، والشـراء، والمماكسة، إذا استعجل في البيع فلا خيار له، فالذي يعمل في العقار له خبرة بالأسعار، ويحسـن المماكسة، ولو فرض أنه فرط في ذلك فلا خيار له "" انظر : (م ق د): (١٨٤٠/ ٥)، (١٩/ ١١/ ١٤٢٩)",️من المبادىء والقرارات,2022
,القضاء والإثبات,2022-11-20T21:49:16,1,,رابط,azizlawyer_post_1222,منشور قانوني نصي عام؛ عنوانه مقتبس من أول سطر في المصدر دون تنزيل مرفقات.,,False,,,https://t.me/azizlawyer/1222,بحث,1222,,قناة ثقافة قانونية — المحامي عبدالعزيز المطوع (@azizlawyer),11,المحامي عبدالعزيز المطوع,1222,إذا لم يكن للمدعي إلا (الحوالة البنكية) وتم التأكد من صحة الحوالة من (حساب المدعي) إلى (حساب المدعى عليه)؛ فإن القضاء يطلب (يمين المدعي)، ويَحكُم له,إذا لم يكن للمدعي إلا (الحوالة البنكية) وتم التأكد من صحة الحوالة من (حساب المدعي) إلى (حساب المدعى عليه),2022
,المحاماة والمرافعات,2022-12-11T21:09:56,1,,رابط,azizlawyer_post_1252,منشور قانوني نصي عام؛ عنوانه مقتبس من أول سطر في المصدر دون تنزيل مرفقات.,,False,,,https://t.me/azizlawyer/1252,بحث,1252,,قناة ثقافة قانونية — المحامي عبدالعزيز المطوع (@azizlawyer),11,المحامي عبدالعزيز المطوع,1252,️اليمين الحاسمة: هي التي يؤديها المدعى عليه لدفع الدعوى، ويجوز ردها على المدعي. ️ اليمين المتممة: هي التي يؤديها المدعي لإتمام البينة، ولا يجوز ردها على المدعى عليه. المادة (٩٢) من نظام الإثبات,️اليمين الحاسمة: هي التي يؤديها المدعى عليه لدفع الدعوى، ويجوز ردها على المدعي,2022
,القضاء والإثبات,2022-12-12T21:17:42,1,,رابط,azizlawyer_post_1256,منشور قانوني نصي عام؛ عنوانه مقتبس من أول سطر في المصدر دون تنزيل مرفقات.,,False,,,https://t.me/azizlawyer/1256,بحث,1256,,قناة ثقافة قانونية — المحامي عبدالعزيز المطوع (@azizlawyer),11,المحامي عبدالعزيز المطوع,1256,إذا طلب أحد الخصوم المهله لاحضار الشهود فيمهل مره واحدة فقط وأن تكون شهادتهم موصله، وإذا تعذر احضارهم ولم يقدم عذر تقبله المحكمة فعلى القاضي أن يحكم وينهي الخصومة استنادا إلى المادة ٧٣ من نظام الاثبات,إذا طلب أحد الخصوم المهله لاحضار الشهود فيمهل مره واحدة فقط وأن تكون شهادتهم موصله، وإذا تعذر احضارهم ولم يقدم عذر تقبله المحكمة فعلى القاضي أن يحكم وينهي الخصومة,2022
,القضاء والإثبات,2022-12-27T11:14:22,1,,رابط,azizlawyer_post_1298,منشور قانوني نصي عام؛ عنوانه مقتبس من أول سطر في المصدر دون تنزيل مرفقات.,,False,,,https://t.me/azizlawyer/1298,بحث,1298,,قناة ثقافة قانونية — المحامي عبدالعزيز المطوع (@azizlawyer),11,المحامي عبدالعزيز المطوع,1298,ماهي الأحكام القضائية التي لا يتم فيها إبعاد الوافد الأجنبي؟ - إذا حكم على الوافد بحكم قضائي بالسجن أقل من 3 أشهر أو بالجلد أقل من40 جلدة فلا يتم إبعاده. - إذا كان الوافد ابن أو زوج لمواطنة فلا يتم الإبعاد للمرة الأولى مالم تكن جريمة كبرى. موسى الهيجان,ماهي الأحكام القضائية التي لا يتم فيها إبعاد الوافد الأجنبي؟,2022
,التحكيم والوساطة,2023-01-14T21:42:50,1,,رابط,azizlawyer_post_1342,منشور قانوني نصي عام؛ عنوانه مقتبس من أول سطر في المصدر دون تنزيل مرفقات.,,False,,,https://t.me/azizlawyer/1342,بحث,1342,,قناة ثقافة قانونية — المحامي عبدالعزيز المطوع (@azizlawyer),11,المحامي عبدالعزيز المطوع,1342,يبداء سريان نظام الوساطةالعقارية بتاريخ ١٤٤٤/٦/٢٥ الموافق ٢٠٢٣/١/١٨,يبداء سريان نظام الوساطةالعقارية بتاريخ ١٤٤٤/٦/٢٥ الموافق ٢٠٢٣/١/١٨,2023
,المحاماة والمرافعات,2023-01-21T17:37:32,1,,رابط,azizlawyer_post_1356,منشور قانوني نصي عام؛ عنوانه مقتبس من أول سطر في المصدر دون تنزيل مرفقات.,,False,,,https://t.me/azizlawyer/1356,بحث,1356,,قناة ثقافة قانونية — المحامي عبدالعزيز المطوع (@azizlawyer),11,المحامي عبدالعزيز المطوع,1356,التكاليف القضائية في الدعاوى الجزائية الخاصة : ١ - رفع الدعوى عشرة آلاف . ٢ -الاعتراض بطريق الاستئناف خمسة آلاف . ٣- الاعتراض بطلب النقض أمام العليا سبعة آلاف . ٣ - الالتماس بطلب إعادة النظر في الأحكام النهائية عشرة آلاف . يتحملها المحكوم عليه أو المدعي إذا لم يثبت دعواه أو طلبه,التكاليف القضائية في الدعاوى الجزائية الخاصة,2023
,المحاماة والمرافعات,2023-01-30T16:22:18,1,,رابط,azizlawyer_post_1381,منشور قانوني نصي عام؛ عنوانه مقتبس من أول سطر في المصدر دون تنزيل مرفقات.,,False,,,https://t.me/azizlawyer/1381,بحث,1381,,قناة ثقافة قانونية — المحامي عبدالعزيز المطوع (@azizlawyer),11,المحامي عبدالعزيز المطوع,1381,نصت قواعد السلوك المهني للمحامين الصادرة بقرار وزير العدل رقم(٣٤٥٣) ١٤٤٢/١٢/٢٤ ،، وتحديداً في الفصل الثالث،القاعدة السابعة والعشرون(لايجوز للمحامي تقديم إستشارة نطامية تعين العميل على مخالفة الأنظمة أو الإخلال بها),نصت قواعد السلوك المهني للمحامين الصادرة بقرار وزير العدل رقم(٣٤٥٣) ١٤٤٢/١٢/٢٤ ،، وتحديداً في الفصل الثالث،القاعدة السابعة والعشرون(لايجوز للمحامي تقديم إستشارة نطامية تع,2023
,المحاماة والمرافعات,2023-02-10T14:44:16,1,,رابط,azizlawyer_post_1407,منشور قانوني نصي عام؛ عنوانه مقتبس من أول سطر في المصدر دون تنزيل مرفقات.,,False,,,https://t.me/azizlawyer/1407,بحث,1407,,قناة ثقافة قانونية — المحامي عبدالعزيز المطوع (@azizlawyer),11,المحامي عبدالعزيز المطوع,1407,الفرق بين اليمين الحاسمة واليمين المتممة - اليمين الحاسمة : هي التي يؤديها المدعى عليه لدفع الدعوى ويجوز ردها على المدعي. اليمين المتممة : هي التي يؤديها المدعي لإتمام البينة، ولا يجوز ردها على المدعى عليه. المادة (92) من نظام الإثبات,الفرق بين اليمين الحاسمة واليمين المتممة,2023
,القضاء والإثبات,2023-03-24T00:13:38,1,,رابط,azizlawyer_post_1483,منشور قانوني نصي عام؛ عنوانه مقتبس من أول سطر في المصدر دون تنزيل مرفقات.,,False,,,https://t.me/azizlawyer/1483,بحث,1483,,قناة ثقافة قانونية — المحامي عبدالعزيز المطوع (@azizlawyer),11,المحامي عبدالعزيز المطوع,1483,إقرار الأخرس في المحكمة - يكون إقرار الأخرس ومن في حكمه واستجوابه وأداؤه للشهادة واليمين وتوجيهها والنكول عنها وردها بالكتابة، فإن لم يكن يعرف الكتابة فبإشارته المعهودة. م12 نظام الإثبات,إقرار الأخرس في المحكمة,2023
,الأنظمة والتشريعات,2023-03-27T09:18:43,1,,رابط,azizlawyer_post_1495,منشور قانوني نصي عام؛ عنوانه مقتبس من أول سطر في المصدر دون تنزيل مرفقات.,,False,,,https://t.me/azizlawyer/1495,بحث,1495,,قناة ثقافة قانونية — المحامي عبدالعزيز المطوع (@azizlawyer),11,المحامي عبدالعزيز المطوع,1495,انتفاء منفعة الشيء المؤجر تنتفي معه الإجارة والأجرة المستحقة عنها لأن المقصود بالعقد قد فات. وهذا ما اكد عليه تقرير محكمة التمييز (تنفسخ الأجرة إذا حدث أمر غالب يحجز المستأجر عن منفعة ما وقع عليه العقد) رقم القرار: 967/ق 1/ب وتاريخ 6/ 11 / 1430 هـ,انتفاء منفعة الشيء المؤجر تنتفي معه الإجارة والأجرة المستحقة عنها لأن المقصود بالعقد قد فات,2023
,القضاء والإثبات,2023-06-02T20:37:07,1,,رابط,azizlawyer_post_1571,منشور قانوني نصي عام؛ عنوانه مقتبس من أول سطر في المصدر دون تنزيل مرفقات.,,False,,,https://t.me/azizlawyer/1571,بحث,1571,,قناة ثقافة قانونية — المحامي عبدالعزيز المطوع (@azizlawyer),11,المحامي عبدالعزيز المطوع,1571,اذا اقر المتهم أن رقم الهاتف وال آي بي المستخدم في الجريمة عائد له فإن هذا الاقرار يقوي الاتهام وإن انكر المتهم فعل الجريمة. [ مجموعة الأحكام القضائية لعام ١٤٣٤هـ : ٢٤/ ٨٥],اذا اقر المتهم أن رقم الهاتف وال آي بي المستخدم في الجريمة عائد له فإن هذا الاقرار يقوي الاتهام وإن انكر المتهم فعل الجريمة,2023
,القضاء والإثبات,2023-06-19T00:04:41,1,,رابط,azizlawyer_post_1592,منشور قانوني نصي عام؛ عنوانه مقتبس من أول سطر في المصدر دون تنزيل مرفقات.,,False,,,https://t.me/azizlawyer/1592,بحث,1592,,قناة ثقافة قانونية — المحامي عبدالعزيز المطوع (@azizlawyer),11,المحامي عبدالعزيز المطوع,1592,النسخة الرسمية من لائحة التقارير الطبية المنبثقة من نظام الإثبات وفقاً للمادة 126 منه,النسخة الرسمية من لائحة التقارير الطبية المنبثقة من نظام الإثبات وفقاً للمادة 126 منه,2023
,القضاء والإثبات,2023-09-14T11:01:56,1,,رابط,azizlawyer_post_1696,منشور قانوني نصي عام؛ عنوانه مقتبس من أول سطر في المصدر دون تنزيل مرفقات.,,False,,,https://t.me/azizlawyer/1696,بحث,1696,,قناة ثقافة قانونية — المحامي عبدالعزيز المطوع (@azizlawyer),11,المحامي عبدالعزيز المطوع,1696,نظام المنافسات والمشتريات الحكومية ولائحته التنفيذية مع الفهارس عبدالعزيز السريع,نظام المنافسات والمشتريات الحكومية ولائحته التنفيذية مع الفهارس,2023
,الأحوال الشخصية والتركات,2024-01-02T16:30:19,1,,رابط,azizlawyer_post_1837,منشور قانوني نصي عام؛ عنوانه مقتبس من أول سطر في المصدر دون تنزيل مرفقات.,,False,,,https://t.me/azizlawyer/1837,بحث,1837,,قناة ثقافة قانونية — المحامي عبدالعزيز المطوع (@azizlawyer),11,المحامي عبدالعزيز المطوع,1837,قرار وزاري باعتماد القواعد والإجراءات المنظمة للتسوية الودية في الخلافات العمالية بالصيغة المرافقة للقرار. قرار رقم ٩١٢٨٥ وتاريخ ٢٠-٠٦-١٤٤٥,قرار وزاري باعتماد القواعد والإجراءات المنظمة للتسوية الودية في الخلافات العمالية بالصيغة المرافقة للقرار,2024
,التحكيم والوساطة,2024-02-13T00:31:15,1,,رابط,azizlawyer_post_1886,منشور قانوني نصي عام؛ عنوانه مقتبس من أول سطر في المصدر دون تنزيل مرفقات.,,False,,,https://t.me/azizlawyer/1886,بحث,1886,,قناة ثقافة قانونية — المحامي عبدالعزيز المطوع (@azizlawyer),11,المحامي عبدالعزيز المطوع,1886,مجلس إدارة مركز التحكيم الرياضي السعودي يصدر قراراً يقضي باعتماد القواعد الإجرائية لمركز التحكيم الرياضي السعودي (2024م),مجلس إدارة مركز التحكيم الرياضي السعودي يصدر قراراً يقضي باعتماد القواعد الإجرائية لمركز التحكيم الرياضي السعودي (2024م),2024
,التحكيم والوساطة,2024-02-26T15:37:13,1,,رابط,azizlawyer_post_1912,منشور قانوني نصي عام؛ عنوانه مقتبس من أول سطر في المصدر دون تنزيل مرفقات.,,False,,,https://t.me/azizlawyer/1912,بحث,1912,,قناة ثقافة قانونية — المحامي عبدالعزيز المطوع (@azizlawyer),11,المحامي عبدالعزيز المطوع,1912,مركز التحكيم الرياضي السعودي يصدر قراراً باعتماد القواعد الاجرائية لمركز التحكيم الرياضي السعودي 2024م,مركز التحكيم الرياضي السعودي يصدر قراراً باعتماد,2024
,المحاماة والمرافعات,2024-03-31T15:32:28,1,,رابط,azizlawyer_post_1959,منشور قانوني نصي عام؛ عنوانه مقتبس من أول سطر في المصدر دون تنزيل مرفقات.,,False,,,https://t.me/azizlawyer/1959,بحث,1959,,قناة ثقافة قانونية — المحامي عبدالعزيز المطوع (@azizlawyer),11,المحامي عبدالعزيز المطوع,1959,من الدفوع المؤثرة في رد الدعوى: الدفع بتناقض المدعي. والتناقض كما في مجلة الأحكام العدلية م١٦١٥(هو سبق كلام من المدعي متناقض لدعواه،أي سبق كلام موجب لبطلان دعواه )، فالواقعة الواحدة لايكون لها وصفان مختلفان، وهو يدل في ظاهره على نية تلاعب بالتكييف، ومحاولة تحريف، فيجدر رد الدعوى!,من الدفوع المؤثرة في رد الدعوى,2024
,المحاماة والمرافعات,2024-06-06T21:13:16,1,,رابط,azizlawyer_post_2087,منشور قانوني نصي عام؛ عنوانه مقتبس من أول سطر في المصدر دون تنزيل مرفقات.,,False,,,https://t.me/azizlawyer/2087,بحث,2087,,قناة ثقافة قانونية — المحامي عبدالعزيز المطوع (@azizlawyer),11,المحامي عبدالعزيز المطوع,2087,من شروط صحة الدعوى؛ انفكاكها عمّا يُكذبها. مثل: (من يرى غيره يتصرف في عقار بالبناء، والسكن ثم بعد مدة طويلة يدعيه لنفسه). مجموعة الأحكام القضائية للعام 1435، القضية رقم :(34172287)ج: ٤ ، ص: (362),من شروط صحة الدعوى؛ انفكاكها عمّا يُكذبها,2024
,المحاماة والمرافعات,2024-08-12T22:21:29,1,,رابط,azizlawyer_post_2192,منشور قانوني نصي عام؛ عنوانه مقتبس من أول سطر في المصدر دون تنزيل مرفقات.,,False,,,https://t.me/azizlawyer/2192,بحث,2192,,قناة ثقافة قانونية — المحامي عبدالعزيز المطوع (@azizlawyer),11,المحامي عبدالعزيز المطوع,2192,مختصر ما يحتاجه المتدرب في نظامي المرافعات الشرعية والإجراءات الجزائية ولوائحهما التنفيذية,مختصر ما يحتاجه المتدرب في نظامي المرافعات الشرعية والإجراءات الجزائية ولوائحهما التنفيذية,2024
,الأنظمة والتشريعات,2024-08-26T22:29:06,1,,رابط,azizlawyer_post_2222,منشور قانوني نصي عام؛ عنوانه مقتبس من أول سطر في المصدر دون تنزيل مرفقات.,,False,,,https://t.me/azizlawyer/2222,بحث,2222,,قناة ثقافة قانونية — المحامي عبدالعزيز المطوع (@azizlawyer),11,المحامي عبدالعزيز المطوع,2222,نظام هيئة الرقابة ومكافحة الفساد، والذي سيُعمل به بعد ٩٠ يومًا من تاريخ ٠٥\٠٢\١٤٤٦ وهو تاريخ نشره في الجريدة الرسمية,نظام هيئة الرقابة ومكافحة الفساد، والذي سيُعمل به بعد ٩٠ يومًا من تاريخ ٠٥\٠٢\١٤٤٦ وهو تاريخ نشره في الجريدة الرسمية,2024
,القضاء والإثبات,2025-01-18T19:29:14,1,,رابط,azizlawyer_post_2473,منشور قانوني نصي عام؛ عنوانه مقتبس من أول سطر في المصدر دون تنزيل مرفقات.,,False,,,https://t.me/azizlawyer/2473,بحث,2473,,قناة ثقافة قانونية — المحامي عبدالعزيز المطوع (@azizlawyer),11,المحامي عبدالعزيز المطوع,2473,إذا رغب الموظف فى الاستقاله فلابد أن تكون مكتوبه وأن تُقيّد برقم ويُحدّد فيها تاريخ الاستقاله ولا تنتهى خدمته إلا بصدور قرار قبولها من التاريخ المُحدّد لها أومضى(30) يوماً على تقديمها من دون البت فيها وإذا كان المستقيل(مرتبة 14 أو مرتبة 15) فيُحاط سمو رئيس مجلس الوزراء بذلك. وعلى المستقيل عدم ترك عمله حتى قبول إستقالته أومُضى(30) يوماً دون البت فيها ويجوز خلالها تأجيل الاستقاله بما لايزيد على(60) يوماً ولاتُقبل الاستقاله فى حالة كف اليد أوالتحقيق أو المحاكمه، ولايجوز الرجوع فى الإستقاله إلا بموا,إذا رغب الموظف فى الاستقاله فلابد أن تكون مكتوبه وأن تُقيّد برقم ويُحدّد فيها تاريخ الاستقاله ولا تنتهى خدمته إلا بصدور قرار قبولها من التاريخ المُحدّد لها أومضى(30) يوما,2025
,المحاماة والمرافعات,2025-03-22T19:42:24,1,,رابط,azizlawyer_post_2576,منشور قانوني نصي عام؛ عنوانه مقتبس من أول سطر في المصدر دون تنزيل مرفقات.,,False,,,https://t.me/azizlawyer/2576,بحث,2576,,قناة ثقافة قانونية — المحامي عبدالعزيز المطوع (@azizlawyer),11,المحامي عبدالعزيز المطوع,2576,"ما المقصود بدعوى منع نفاذ التصرف؟ يقصد بها أن لكل دائن ""المتضرر"" دينٌه مستحق الأداء إقامة دعوى مطالباً فيها منع نفاذ تصرف المدينُ المُترتب عليه زيادة في ديونه على أمواله، في حقه إذا كان التصرف تبرعاً، أو كان معاوضة، والمدين، وخلفه المعاوض يعلمان بإحاطة الدين. المادة: (183) من نظام المعاملات المدنية",ما المقصود بدعوى منع نفاذ التصرف؟,2025
,الأنظمة والتشريعات,2025-04-12T23:09:16,1,,رابط,azizlawyer_post_2592,منشور قانوني نصي عام؛ عنوانه مقتبس من أول سطر في المصدر دون تنزيل مرفقات.,,False,,,https://t.me/azizlawyer/2592,بحث,2592,,قناة ثقافة قانونية — المحامي عبدالعزيز المطوع (@azizlawyer),11,المحامي عبدالعزيز المطوع,2592,لا يجوز فصل الموظف دون إشعار أو مبرر مشروع بعد انتهاء فترة التجربة، وأي فصل تعسفي يحق للموظف المطالبة بالتعويض. (المادة 77 من نظام العمل السعودي),لا يجوز فصل الموظف دون إشعار أو مبرر مشروع بعد انتهاء فترة التجربة، وأي فصل تعسفي يحق للموظف المطالبة بالتعويض,2025
,الأنظمة والتشريعات,2025-04-18T09:32:47,1,,رابط,azizlawyer_post_2598,منشور قانوني نصي عام؛ عنوانه مقتبس من أول سطر في المصدر دون تنزيل مرفقات.,,False,,,https://t.me/azizlawyer/2598,بحث,2598,,قناة ثقافة قانونية — المحامي عبدالعزيز المطوع (@azizlawyer),11,المحامي عبدالعزيز المطوع,2598,المحكمة عند نظر طلب افتتاح إجراء إعادة التنظيم المالي لا تكتفي بالجانب الشكلي للطلب وهو تقديم الوثائق المطلوبة، وإنما كذلك لها نظر موضوعي للطلب وهو قناعتها بأن المدين قادر على الاستمرار بالنشاط وسداد ديون الدائنين خلال فترة معقولة. لمشاهدة الحلقة كاملة: https://www.youtube.com/watch?v=Xvb20wEMK9k&t=115s,المحكمة عند نظر طلب افتتاح إجراء إعادة التنظيم المالي لا تكتفي بالجانب الشكلي للطلب وهو تقديم الوثائق المطلوبة، وإنما كذلك لها نظر موضوعي للطلب وهو قناعتها بأن المدين قاد,2025
,القضاء والإثبات,2025-06-04T12:52:32,1,,رابط,azizlawyer_post_2669,منشور قانوني نصي عام؛ عنوانه مقتبس من أول سطر في المصدر دون تنزيل مرفقات.,,False,,,https://t.me/azizlawyer/2669,بحث,2669,,قناة ثقافة قانونية — المحامي عبدالعزيز المطوع (@azizlawyer),11,المحامي عبدالعزيز المطوع,2669,الضرر المعنوي لا يثبت إلا للشخص الطبيعي، ولا محل لإثباته للشخصية الاعتبارية كالشركات والمؤسسات، فكانت المادة ١٣٨ من نظام المعاملات المدنية لتأكد ذلك,الضرر المعنوي لا يثبت إلا للشخص الطبيعي، ولا محل لإثباته للشخصية الاعتبارية كالشركات والمؤسسات، فكانت المادة ١٣٨ من نظام المعاملات المدنية لتأكد ذلك,2025
,الأنظمة والتشريعات,2025-08-19T20:51:30,1,,رابط,azizlawyer_post_2737,منشور قانوني نصي عام؛ عنوانه مقتبس من أول سطر في المصدر دون تنزيل مرفقات.,,False,,,https://t.me/azizlawyer/2737,بحث,2737,,قناة ثقافة قانونية — المحامي عبدالعزيز المطوع (@azizlawyer),11,المحامي عبدالعزيز المطوع,2737,المادة (69) من نظام العمل: لا يجوز اتهام العامل بمخالفة انقضى على اكتشافها أكثر من (30) يومًا. كما لا يجوز توقيع أي جزاء تأديبي بعد مضي أكثر من (30) يومًا من تاريخ انتهاء التحقيق في المخالفة وثبوتها بحق العامل,المادة (69) من نظام العمل,2025
,الأنظمة والتشريعات,2025-09-17T17:49:55,1,,رابط,azizlawyer_post_2767,منشور قانوني نصي عام؛ عنوانه مقتبس من أول سطر في المصدر دون تنزيل مرفقات.,,False,,,https://t.me/azizlawyer/2767,بحث,2767,,قناة ثقافة قانونية — المحامي عبدالعزيز المطوع (@azizlawyer),11,المحامي عبدالعزيز المطوع,2767,"أطلقت الأمانة العامة للجان نظام المنافسات والمشتريات الحكومية ""مدونة المبادئ المستنبطة من قرارات لجنة النظر في التظلّمات وطلبات تعديل الأسعار""؛ لتكون مرجعًا معرفيًا يُسهّل فهم المسارات النظامية ويعزّز الشفافية والمصداقية في منظومة المشتريات الحكومية","أطلقت الأمانة العامة للجان نظام المنافسات والمشتريات الحكومية ""مدونة المبادئ المستنبطة من قرارات لجنة النظر في التظلّمات وطلبات تعديل الأسعار""؛ لتكون مرجعًا معرفيًا يُسهّ",2025
,المحاماة والمرافعات,2025-09-19T17:41:59,1,,رابط,azizlawyer_post_2768,منشور قانوني نصي عام؛ عنوانه مقتبس من أول سطر في المصدر دون تنزيل مرفقات.,,False,,,https://t.me/azizlawyer/2768,بحث,2768,,قناة ثقافة قانونية — المحامي عبدالعزيز المطوع (@azizlawyer),11,المحامي عبدالعزيز المطوع,2768,الفرق بين حصر الورثة و شباك الورثة ؟ • حصر الورثة : وثيقة رسمية تصدر عن طريق بوابة ناجز ويذكر فيها بيانات المتوفي وأسماء ورثة المتوفى المستفيدين من التركة. • شباك الورثة : وثيقة يتم إصدارها عن طريق مكتب محاماة وتوضح النصيب الشرعي لكل وارث وتطلب في الغالب من الجهات الحكومية,الفرق بين حصر الورثة و شباك الورثة ؟,2025
,الأنظمة والتشريعات,2025-12-13T17:44:30,1,,رابط,azizlawyer_post_2822,منشور قانوني نصي عام؛ عنوانه مقتبس من أول سطر في المصدر دون تنزيل مرفقات.,,False,,,https://t.me/azizlawyer/2822,بحث,2822,,قناة ثقافة قانونية — المحامي عبدالعزيز المطوع (@azizlawyer),11,المحامي عبدالعزيز المطوع,2822,نظام الرياضة: يبدأ العمل به منتصف شهر 6-2026 وقد ألزم النظام الأفراد والكيانات الخاضعين له بتصحيح أوضاعهم بما يتفق مع أحكامه خلال سنة من نفاذة,نظام الرياضة: يبدأ العمل به منتصف شهر 6-2026 وقد ألزم النظام الأفراد والكيانات الخاضعين له بتصحيح أوضاعهم بما يتفق مع أحكامه خلال سنة من نفاذة,2025
,القضاء والإثبات,2026-04-15T00:09:28,1,,رابط,azizlawyer_post_2916,منشور قانوني نصي عام؛ عنوانه مقتبس من أول سطر في المصدر دون تنزيل مرفقات.,,False,,,https://t.me/azizlawyer/2916,بحث,2916,,قناة ثقافة قانونية — المحامي عبدالعزيز المطوع (@azizlawyer),11,المحامي عبدالعزيز المطوع,2916,نظام التنفيذ الجديد يعد نقلة نوعية في تعزيز الكفاءة العدلية، وتتويجاً للعدالة الوقائية,نظام التنفيذ الجديد يعد نقلة نوعية في تعزيز الكفاءة العدلية، وتتويجاً للعدالة الوقائية,2026
,الأنظمة والتشريعات,2026-07-10T15:01:19,1,,رابط,azizlawyer_post_3056,منشور قانوني نصي عام؛ عنوانه مقتبس من أول سطر في المصدر دون تنزيل مرفقات.,,False,,,https://t.me/azizlawyer/3056,بحث,3056,,قناة ثقافة قانونية — المحامي عبدالعزيز المطوع (@azizlawyer),11,المحامي عبدالعزيز المطوع,3056,(التأجير من الباطن أو التنازل عن العقد) نصت المادة (437) لا يجوز للمستأجر أن يؤجر المأجور كله أو بعضه أو يتنازل عن العقد إلا بإذن المؤجر أو إجازته نظامالمعاملاتالمدنية,(التأجير من الباطن أو التنازل عن العقد),2026
,القضاء والإثبات,2026-07-11T15:40:15,1,,رابط,azizlawyer_post_3060,منشور قانوني نصي عام؛ عنوانه مقتبس من أول سطر في المصدر دون تنزيل مرفقات.,,False,,,https://t.me/azizlawyer/3060,بحث,3060,,قناة ثقافة قانونية — المحامي عبدالعزيز المطوع (@azizlawyer),11,المحامي عبدالعزيز المطوع,3060,في قضايا المخدرات، الإجراء قد يغيّر الحكم بالكامل النظام السعودي يفرّق بين التعاطي، الحيازة الترويج والتهريب ولكلٍ عقوبته وظروفه الدفاع المتخصص يبدأ من مراجعة القبض والتفتيش وحتى الطعن في الأدلة لا تترك مستقبلك للاجتهاد,في قضايا المخدرات، الإجراء قد يغيّر الحكم بالكامل,2026
,القضاء والإثبات,2026-08-01T18:46:06,1,,رابط,azizlawyer_post_3132,منشور قانوني نصي عام؛ عنوانه مقتبس من أول سطر في المصدر دون تنزيل مرفقات.,,False,,,https://t.me/azizlawyer/3132,بحث,3132,,قناة ثقافة قانونية — المحامي عبدالعزيز المطوع (@azizlawyer),11,المحامي عبدالعزيز المطوع,3132,الأصل أن تفترض المحكمةالإدارية براءة من نسبت إليه مخالفة إدارية، ويقع على جهة الإدارة عبء إثبات ارتكابه لها بأدلة كافية ومعتبرة، ولا تكفي قناعة المفتش أو مراقب جهة الإدارة بصحة المخالفة؛ لأن العبرة في ثبوت المخالفة من عدمها عائد إلى تقدير المحكمة الإدارية بناء على الأوراق المقدمة إليها,الأصل أن تفترض المحكمةالإدارية براءة من نسبت إليه مخالفة إدارية، ويقع على جهة الإدارة عبء إثبات ارتكابه لها بأدلة كافية ومعتبرة، ولا تكفي قناعة المفتش أو مراقب جهة الإدار,2026
,الأنظمة والتشريعات,2022-05-20T15:40:19,1,,رابط,azizlawyer_post_166,منشور قانوني نصي عام؛ عنوانه مقتبس من أول سطر في المصدر دون تنزيل مرفقات.,,False,,,https://t.me/azizlawyer/166,بحث,166,,قناة ثقافة قانونية — المحامي عبدالعزيز المطوع (@azizlawyer),10,المحامي عبدالعزيز المطوع,166,المبادئ التي قررتها المحكمة الإدارية العليا ١٤٣٩ - ١٤٤٠ - ١٤٤١هـ,المبادئ التي قررتها المحكمة الإدارية العليا ١٤٣٩ - ١٤٤٠ - ١٤٤١هـ,2022
,القضاء والإثبات,2022-05-28T22:12:43,1,,رابط,azizlawyer_post_660,منشور قانوني نصي عام؛ عنوانه مقتبس من أول سطر في المصدر دون تنزيل مرفقات.,,False,,,https://t.me/azizlawyer/660,بحث,660,,قناة ثقافة قانونية — المحامي عبدالعزيز المطوع (@azizlawyer),10,المحامي عبدالعزيز المطوع,660,جاء في المادة الثانية من اللائحة التنفيذية لإجراءات الاستئناف [ أن المستأنف إذا تقدم بأكثر من مذكرة اعتراض خلال مدة الإعتراض فإن المذكرة الأخيرة هي المعتمدة ],جاء في المادة الثانية من اللائحة التنفيذية لإجراءات الاستئناف,2022
,القضاء والإثبات,2022-05-29T20:59:55,1,,رابط,azizlawyer_post_673,منشور قانوني نصي عام؛ عنوانه مقتبس من أول سطر في المصدر دون تنزيل مرفقات.,,False,,,https://t.me/azizlawyer/673,بحث,673,,قناة ثقافة قانونية — المحامي عبدالعزيز المطوع (@azizlawyer),10,المحامي عبدالعزيز المطوع,673,"من تطبيقات القضاء التجاري: ""الإقرار بجزء من الثمن في الذمة، دليل على ثبوت كل الثمن المدعى به،اذا ظهر للدائرة صحة مستند الجزء""",من تطبيقات القضاء التجاري,2022
,الأنظمة والتشريعات,2022-06-09T23:41:46,1,,رابط,azizlawyer_post_753,منشور قانوني نصي عام؛ عنوانه مقتبس من أول سطر في المصدر دون تنزيل مرفقات.,,False,,,https://t.me/azizlawyer/753,بحث,753,,قناة ثقافة قانونية — المحامي عبدالعزيز المطوع (@azizlawyer),10,المحامي عبدالعزيز المطوع,753,جاء في قرار المحكمة العليا رقم٣/٣/١٣ في ١٤٣٠/٧/٢٥ ما نصه {إذا لم يحصل تقصير من الوكيل، وإنما أتى ذلك من قِبَل الموكل، فإن الوكيل يستحق نفقات أتعابه التي قام بها، إذا أثبتها وقُررِّت من قبل أهل الخبرة},جاء في قرار المحكمة العليا رقم٣/٣/١٣ في ١٤٣٠/٧/٢٥ ما نصه {إذا لم يحصل تقصير من الوكيل، وإنما أتى ذلك من قِبَل الموكل، فإن الوكيل يستحق نفقات أتعابه التي قام بها، إذا أثبت,2022
,الأنظمة والتشريعات,2022-06-10T00:41:03,1,,رابط,azizlawyer_post_756,منشور قانوني نصي عام؛ عنوانه مقتبس من أول سطر في المصدر دون تنزيل مرفقات.,,False,,,https://t.me/azizlawyer/756,بحث,756,,قناة ثقافة قانونية — المحامي عبدالعزيز المطوع (@azizlawyer),10,المحامي عبدالعزيز المطوع,756,قضايا وأحكام - الحكم برفض طلب قيمة الانتفاع بالعقار بعد إبطال عقد البيع المُبرم بين الطرفين,قضايا وأحكام - الحكم برفض طلب قيمة الانتفاع بالعقار بعد إبطال عقد البيع المُبرم بين الطرفين,2022
,الأنظمة والتشريعات,2022-06-18T15:28:32,1,,رابط,azizlawyer_post_832,منشور قانوني نصي عام؛ عنوانه مقتبس من أول سطر في المصدر دون تنزيل مرفقات.,,False,,,https://t.me/azizlawyer/832,بحث,832,,قناة ثقافة قانونية — المحامي عبدالعزيز المطوع (@azizlawyer),10,المحامي عبدالعزيز المطوع,832,المذكرات واللوائح القانونية في النظام السعودي المستشار / عرفات تركي,المذكرات واللوائح القانونية في النظام السعودي المستشار / عرفات تركي,2022
,الأحوال الشخصية والتركات,2022-06-21T22:35:18,1,,رابط,azizlawyer_post_864,منشور قانوني نصي عام؛ عنوانه مقتبس من أول سطر في المصدر دون تنزيل مرفقات.,,False,,,https://t.me/azizlawyer/864,بحث,864,,قناة ثقافة قانونية — المحامي عبدالعزيز المطوع (@azizlawyer),10,المحامي عبدالعزيز المطوع,864,جدول المدد الواردة في نظام الأحوال الشخصية 1443 إعداد: محمد التويم-قاضي بوزارة العدل,جدول المدد الواردة في نظام الأحوال الشخصية 1443 إعداد: محمد التويم-قاضي بوزارة العدل,2022
,القضاء والإثبات,2022-08-19T23:15:32,1,,رابط,azizlawyer_post_1016,منشور قانوني نصي عام؛ عنوانه مقتبس من أول سطر في المصدر دون تنزيل مرفقات.,,False,,,https://t.me/azizlawyer/1016,بحث,1016,,قناة ثقافة قانونية — المحامي عبدالعزيز المطوع (@azizlawyer),10,المحامي عبدالعزيز المطوع,1016,"اجراءات التنفيذ على المنفذ ضدّه "" المتوفى"" بعد صدور السند التنفيذي","اجراءات التنفيذ على المنفذ ضدّه "" المتوفى"" بعد صدور السند التنفيذي",2022
,الأنظمة والتشريعات,2022-08-21T21:29:18,1,,رابط,azizlawyer_post_1027,منشور قانوني نصي عام؛ عنوانه مقتبس من أول سطر في المصدر دون تنزيل مرفقات.,,False,,,https://t.me/azizlawyer/1027,بحث,1027,,قناة ثقافة قانونية — المحامي عبدالعزيز المطوع (@azizlawyer),10,المحامي عبدالعزيز المطوع,1027,مجلس إدارة الاتحاد السعودي يعتمد التعديلات الجديدة على لائحة لجنة الانضباط والأخلاق للموسم الرياضي الجديد,مجلس إدارة الاتحاد السعودي يعتمد التعديلات الجديدة على لائحة لجنة الانضباط والأخلاق للموسم الرياضي الجديد,2022
,الأحوال الشخصية والتركات,2022-08-28T23:36:35,1,,رابط,azizlawyer_post_1062,منشور قانوني نصي عام؛ عنوانه مقتبس من أول سطر في المصدر دون تنزيل مرفقات.,,False,,,https://t.me/azizlawyer/1062,بحث,1062,,قناة ثقافة قانونية — المحامي عبدالعزيز المطوع (@azizlawyer),10,المحامي عبدالعزيز المطوع,1062,تعميم تنازع الاختصاص بين المحكمة العامة ومحكمة الأحوال الشخصية,تعميم تنازع الاختصاص بين المحكمة العامة ومحكمة الأحوال الشخصية,2022
,القضاء والإثبات,2022-10-06T18:09:52,1,,رابط,azizlawyer_post_1138,منشور قانوني نصي عام؛ عنوانه مقتبس من أول سطر في المصدر دون تنزيل مرفقات.,,False,,,https://t.me/azizlawyer/1138,بحث,1138,,قناة ثقافة قانونية — المحامي عبدالعزيز المطوع (@azizlawyer),10,المحامي عبدالعزيز المطوع,1138,آخر نسخة من اللائحة التنفيذية لنظام العمل ١٤٤٤ه,آخر نسخة من اللائحة التنفيذية لنظام العمل ١٤٤٤ه,2022
,الأنظمة والتشريعات,2022-10-17T20:20:17,1,,رابط,azizlawyer_post_1150,منشور قانوني نصي عام؛ عنوانه مقتبس من أول سطر في المصدر دون تنزيل مرفقات.,,False,,,https://t.me/azizlawyer/1150,بحث,1150,,قناة ثقافة قانونية — المحامي عبدالعزيز المطوع (@azizlawyer),10,المحامي عبدالعزيز المطوع,1150,تطبيق المادة ٧٣ من نظام العمل فيما يتعلق بالتصرف في الغرامات. طريقة تصرف المنشأة في قيمة الغرامات المخصومة من العاملين ، فيما يعود بالنفع على عاملين المنشأة,تطبيق المادة ٧٣ من نظام العمل فيما يتعلق بالتصرف في الغرامات,2022
,المحاماة والمرافعات,2022-11-13T14:35:24,1,,رابط,azizlawyer_post_1201,منشور قانوني نصي عام؛ عنوانه مقتبس من أول سطر في المصدر دون تنزيل مرفقات.,,False,,,https://t.me/azizlawyer/1201,بحث,1201,,قناة ثقافة قانونية — المحامي عبدالعزيز المطوع (@azizlawyer),10,المحامي عبدالعزيز المطوع,1201,دعوى الشفعة تكون بعد ثبوت ملكية الشافع . (م ق د): (٧/٦/١٨)، (١٤٠٦/١/١١),دعوى الشفعة تكون بعد ثبوت ملكية الشافع,2022
,القضاء والإثبات,2022-12-26T23:55:46,1,,رابط,azizlawyer_post_1295,منشور قانوني نصي عام؛ عنوانه مقتبس من أول سطر في المصدر دون تنزيل مرفقات.,,False,,,https://t.me/azizlawyer/1295,بحث,1295,,قناة ثقافة قانونية — المحامي عبدالعزيز المطوع (@azizlawyer),10,المحامي عبدالعزيز المطوع,1295,إذا امتنع المشتري من الافراغ، وشهد عليه بذلك، ومضى على البيع مدة طويلة، ثم تصرف البائع بالعقار فهو رضا من المشتري بفسخ البيع. (مجلس القضاء الأعلى بهيئته الدائمة قرار رقم: (749/3)،23/12/1423هــ),إذا امتنع المشتري من الافراغ، وشهد عليه بذلك، ومضى على البيع مدة طويلة، ثم تصرف البائع بالعقار فهو رضا من المشتري بفسخ البيع,2022
,القضاء والإثبات,2023-01-05T22:18:43,1,,رابط,azizlawyer_post_1324,منشور قانوني نصي عام؛ عنوانه مقتبس من أول سطر في المصدر دون تنزيل مرفقات.,,False,,,https://t.me/azizlawyer/1324,بحث,1324,,قناة ثقافة قانونية — المحامي عبدالعزيز المطوع (@azizlawyer),10,المحامي عبدالعزيز المطوع,1324,الأيمان لا تدخلها النيابة فتوجه للأصيل دون الوكيل. قرار محكمة التميز رقم: (151/ق2/ب)، 1/3/1417هـ,الأيمان لا تدخلها النيابة فتوجه للأصيل دون الوكيل,2023
,القضاء والإثبات,2023-01-16T11:47:38,1,,رابط,azizlawyer_post_1346,منشور قانوني نصي عام؛ عنوانه مقتبس من أول سطر في المصدر دون تنزيل مرفقات.,,False,,,https://t.me/azizlawyer/1346,بحث,1346,,قناة ثقافة قانونية — المحامي عبدالعزيز المطوع (@azizlawyer),10,المحامي عبدالعزيز المطوع,1346,الممنوعين من الشهادة في القضاء : - الفرع للاصل ( الابن وما نزل ) .. - الاصل للفرع ( الأب وما على ) .. - شهادة الزوجين لبعض حتى بعد الفراق - شهادة الولي أو الوصي . - من يدفع عن نفسه ضرراً . - من يجلب لنفسه نفعاً . - الموظفين والمكلفين بخدمة عامة فيما يتعلق بعلمهم من خلال عملهم,الممنوعين من الشهادة في القضاء,2023
,القضاء والإثبات,2023-05-08T20:36:38,1,,رابط,azizlawyer_post_1549,منشور قانوني نصي عام؛ عنوانه مقتبس من أول سطر في المصدر دون تنزيل مرفقات.,,False,,,https://t.me/azizlawyer/1549,بحث,1549,,قناة ثقافة قانونية — المحامي عبدالعزيز المطوع (@azizlawyer),10,المحامي عبدالعزيز المطوع,1549,الأحكام الجزائية تبنى على الجزم واليقين لا على الشك والتخمين؛ يؤيد ذلك قرار مجلس القضاء الأعلى ٢٠٢/٦ ١٤٢٤/٠٢/٢٧هـ ونصه: (عند حصول شك في الإدانة والبراءة يغلب جانب البراءة). وكذلك.. قول العز بن عبدالسلام (الأصل براءة ذمته من الحقوق وبراءة جسده من القصاص والحدود و التعزيرات),الأحكام الجزائية تبنى على الجزم واليقين لا على الشك والتخمين؛ يؤيد ذلك قرار مجلس القضاء الأعلى ٢٠٢/٦ ١٤٢٤/٠٢/٢٧هـ ونصه: (عند حصول شك في الإدانة والبراءة يغلب جانب البراءة,2023
,الأنظمة والتشريعات,2023-06-19T21:10:24,1,,رابط,azizlawyer_post_1595,منشور قانوني نصي عام؛ عنوانه مقتبس من أول سطر في المصدر دون تنزيل مرفقات.,,False,,,https://t.me/azizlawyer/1595,بحث,1595,,قناة ثقافة قانونية — المحامي عبدالعزيز المطوع (@azizlawyer),10,المحامي عبدالعزيز المطوع,1595,رسميًا تم نشر نظام المعاملات المدنية - يتكون من 721 مادة - يبدأ العمل به بعد 180 يوم - يُلغي كل ما يتعارض معه من أحكام,رسميًا تم نشر نظام المعاملات المدنية,2023
,الأحوال الشخصية والتركات,2023-07-29T21:16:51,1,,رابط,azizlawyer_post_1643,منشور قانوني نصي عام؛ عنوانه مقتبس من أول سطر في المصدر دون تنزيل مرفقات.,,False,,,https://t.me/azizlawyer/1643,بحث,1643,,قناة ثقافة قانونية — المحامي عبدالعزيز المطوع (@azizlawyer),10,المحامي عبدالعزيز المطوع,1643,الجهد المميز من فضيلة القاضي/ وليد بن إبراهيم الخليفة، بعنوان: نظام الأحوال الشخصية مع الفهارس,الجهد المميز من فضيلة القاضي/ وليد بن إبراهيم الخليفة، بعنوان: نظام الأحوال الشخصية مع الفهارس,2023
,القضاء والإثبات,2023-08-07T15:47:42,1,,رابط,azizlawyer_post_1654,منشور قانوني نصي عام؛ عنوانه مقتبس من أول سطر في المصدر دون تنزيل مرفقات.,,False,,,https://t.me/azizlawyer/1654,بحث,1654,,قناة ثقافة قانونية — المحامي عبدالعزيز المطوع (@azizlawyer),10,المحامي عبدالعزيز المطوع,1654,استقر القضاء على اعتبار تزويدك لـ المحتال بأرقامك السرية ورمز التحقق تفريطاً يوجب مسئوليتك عما يقوم به من عمليات، وفقاً لقاعدة (المفرط أولى بالخسارة) لذا، احمِ بياناتك ولا تثق بأحدٍ مهما كنت تظن أنه ثقة أو أن المسألة سهلة,استقر القضاء على اعتبار تزويدك لـ المحتال بأرقامك السرية ورمز التحقق تفريطاً يوجب مسئوليتك عما يقوم به من عمليات، وفقاً لقاعدة (المفرط أولى بالخسارة),2023
,القضاء والإثبات,2023-12-27T23:19:49,1,,رابط,azizlawyer_post_1827,منشور قانوني نصي عام؛ عنوانه مقتبس من أول سطر في المصدر دون تنزيل مرفقات.,,False,,,https://t.me/azizlawyer/1827,بحث,1827,,قناة ثقافة قانونية — المحامي عبدالعزيز المطوع (@azizlawyer),10,المحامي عبدالعزيز المطوع,1827,لا يثبت قصد الترويج إلا بإقرار، أو بينة موصلة، ولا يكتفي في ذلك ما يستنتجه القاضي، إذا كانت الكمية قليلة. المحكمة العليا قرار رقم: (28/2/1)، (24/10/1435هـ),لا يثبت قصد الترويج إلا بإقرار، أو بينة موصلة، ولا يكتفي في ذلك ما يستنتجه القاضي، إذا كانت الكمية قليلة,2023
,الأحوال الشخصية والتركات,2024-04-03T13:02:45,1,,رابط,azizlawyer_post_1961,منشور قانوني نصي عام؛ عنوانه مقتبس من أول سطر في المصدر دون تنزيل مرفقات.,,False,,,https://t.me/azizlawyer/1961,بحث,1961,,قناة ثقافة قانونية — المحامي عبدالعزيز المطوع (@azizlawyer),10,المحامي عبدالعزيز المطوع,1961,المحضون لهُ الإختيار أن يُقيم مع أحد والديه إذا أتمّ ( 15 ) عاماً وتنتهي الحضانة ببلوغه ( 18 ) عام . م (135) من نظام الأحوال الشخصية,المحضون لهُ الإختيار أن يُقيم مع أحد والديه إذا أتمّ ( 15 ) عاماً وتنتهي الحضانة ببلوغه ( 18 ) عام,2024
,الأنظمة والتشريعات,2024-04-28T19:52:14,1,,رابط,azizlawyer_post_1991,منشور قانوني نصي عام؛ عنوانه مقتبس من أول سطر في المصدر دون تنزيل مرفقات.,,False,,,https://t.me/azizlawyer/1991,بحث,1991,,قناة ثقافة قانونية — المحامي عبدالعزيز المطوع (@azizlawyer),10,المحامي عبدالعزيز المطوع,1991,نظام الشركات مع الفهارس وبعض التعليقات المتعلقة به. إعداد/ د. خالد بن جارالله المالكي,نظام الشركات مع الفهارس وبعض التعليقات المتعلقة به,2024
,القضاء والإثبات,2024-07-07T15:50:44,1,,رابط,azizlawyer_post_2128,منشور قانوني نصي عام؛ عنوانه مقتبس من أول سطر في المصدر دون تنزيل مرفقات.,,False,,,https://t.me/azizlawyer/2128,بحث,2128,,قناة ثقافة قانونية — المحامي عبدالعزيز المطوع (@azizlawyer),10,المحامي عبدالعزيز المطوع,2128,نظام استئجار الدولة للعقار ولائحته التنفيذية مع الفهارس,نظام استئجار الدولة للعقار ولائحته التنفيذية مع الفهارس,2024
,الأحوال الشخصية والتركات,2024-07-15T14:47:17,1,,رابط,azizlawyer_post_2139,منشور قانوني نصي عام؛ عنوانه مقتبس من أول سطر في المصدر دون تنزيل مرفقات.,,False,,,https://t.me/azizlawyer/2139,بحث,2139,,قناة ثقافة قانونية — المحامي عبدالعزيز المطوع (@azizlawyer),10,المحامي عبدالعزيز المطوع,2139,إذا حدث انقطاع كهربائي عن المستهلك لأكثر من مرتين كل منها تزيد عن مدة ساعتين خلال سنة ميلادية واحدة، فإن المستهلك يستحق تعويضاً لتكرار الانقطاع بمبلغ (400) ريال. (التعويض عند انقطاع الكهرباء) ️إذا لم يتم إشعارك قبل انقطاع الخدمة (بيومين) تستحق 100 ريال . ️إذا كان الانقطاع أكثر من (مرتين) وكل انقطاع ساعتين أو أكثر خلال السنة الميلادية تستحق 400 ريال تعويض. ️إذا تجاوزت مدة الانقطاع (6 ساعات) تستحق 200 ريال تعويض. (منقول),إذا حدث انقطاع كهربائي عن المستهلك لأكثر من مرتين كل منها تزيد عن مدة ساعتين خلال سنة ميلادية واحدة، فإن المستهلك يستحق تعويضاً لتكرار الانقطاع بمبلغ (400) ريال,2024
,الأنظمة والتشريعات,2024-10-03T13:53:55,1,,رابط,azizlawyer_post_2298,منشور قانوني نصي عام؛ عنوانه مقتبس من أول سطر في المصدر دون تنزيل مرفقات.,,False,,,https://t.me/azizlawyer/2298,بحث,2298,,قناة ثقافة قانونية — المحامي عبدالعزيز المطوع (@azizlawyer),10,المحامي عبدالعزيز المطوع,2298,إمارة منطقة القصيم تدشن المكتبة القانونية والتي تشتمل على أكثر من ٦٠٠ ألف صفحة إلكترونية في جميع فروع القانون . https://www.alqassim.gov.sa/lawlibrary/Arabic/pages/default.aspx,إمارة منطقة القصيم تدشن المكتبة القانونية والتي تشتمل على أكثر من ٦٠٠ ألف صفحة إلكترونية في جميع فروع القانون,2024
,الأنظمة والتشريعات,2024-10-11T18:30:57,1,,رابط,azizlawyer_post_2335,منشور قانوني نصي عام؛ عنوانه مقتبس من أول سطر في المصدر دون تنزيل مرفقات.,,False,,,https://t.me/azizlawyer/2335,بحث,2335,,قناة ثقافة قانونية — المحامي عبدالعزيز المطوع (@azizlawyer),10,المحامي عبدالعزيز المطوع,2335,هل استطيع الرجوع عن الهبة بموجب النظام ؟ الجواب باختصار : ثلاث حالات لارجاع الهبة نص عليها نظامالمعاملاتالمدنية .. هي على النحو التالي : 1- إذا كانت الهبة من أحد الوالدين 2- إذا جعل الواهب لنفسه حق الرجوع (منقول) 3- إذا كانت الهبة مشروطة بالتزام معين على الموهوب له,هل استطيع الرجوع عن الهبة بموجب النظام ؟,2024
,القضاء والإثبات,2024-12-01T21:23:02,1,,رابط,azizlawyer_post_2427,منشور قانوني نصي عام؛ عنوانه مقتبس من أول سطر في المصدر دون تنزيل مرفقات.,,False,,,https://t.me/azizlawyer/2427,بحث,2427,,قناة ثقافة قانونية — المحامي عبدالعزيز المطوع (@azizlawyer),10,المحامي عبدالعزيز المطوع,2427,من مبادئ القضاء الجزائي: الإدانة لا تُبنى على الظن. الشك يفسر لصالح المتهم. الأصل أن المتهم بريء، فإن حدث شك في التهمة فالأصل البراءة، ويفسر الشك لصالحه. جاء في قرار التدقيق 5/1/1 لعام 1400ه (متى تطرق الشك والاحتمال إلى قرائن الإدانة، وجب الحكم بالبراءة لعدم كفاية الأدلة,من مبادئ القضاء الجزائي,2024
,الأنظمة والتشريعات,2025-01-02T12:07:15,1,,رابط,azizlawyer_post_2454,منشور قانوني نصي عام؛ عنوانه مقتبس من أول سطر في المصدر دون تنزيل مرفقات.,,False,,,https://t.me/azizlawyer/2454,بحث,2454,,قناة ثقافة قانونية — المحامي عبدالعزيز المطوع (@azizlawyer),10,المحامي عبدالعزيز المطوع,2454,تقدير التعويض الناشئ عن الإثراء بلا سبب - في نظام المعاملات المدنية,تقدير التعويض الناشئ عن الإثراء بلا سبب - في نظام المعاملات المدنية,2025
,الأنظمة والتشريعات,2025-05-06T19:36:16,1,,رابط,azizlawyer_post_2629,منشور قانوني نصي عام؛ عنوانه مقتبس من أول سطر في المصدر دون تنزيل مرفقات.,,False,,,https://t.me/azizlawyer/2629,بحث,2629,,قناة ثقافة قانونية — المحامي عبدالعزيز المطوع (@azizlawyer),10,المحامي عبدالعزيز المطوع,2629,هل يصح بيع المأجور عقار، أو منقول؟ نعم يصح بيع المأجور، ولا يؤثر ذلك في حقوق المستأجر المادة: (428) من نظام المعاملات المدنية,هل يصح بيع المأجور عقار، أو منقول؟,2025
,الأنظمة والتشريعات,2025-05-13T12:51:22,1,,رابط,azizlawyer_post_2638,منشور قانوني نصي عام؛ عنوانه مقتبس من أول سطر في المصدر دون تنزيل مرفقات.,,False,,,https://t.me/azizlawyer/2638,بحث,2638,,قناة ثقافة قانونية — المحامي عبدالعزيز المطوع (@azizlawyer),10,المحامي عبدالعزيز المطوع,2638,نصت الفقرة الثانية من المادة 134 من نظام الاحوال الشخصية على (إذا كان أحد والدي المحضون متوفى أو غائباً، فللمحكمة أن تعين مستحق لزيارة من أقاربه وفق مصلحة المحضون.),نصت الفقرة الثانية من المادة 134 من نظام الاحوال الشخصية على (إذا كان أحد والدي المحضون متوفى أو غائباً، فللمحكمة أن تعين مستحق لزيارة من أقاربه وفق مصلحة المحضون.),2025
,المحاماة والمرافعات,2025-05-17T13:38:33,1,,رابط,azizlawyer_post_2639,منشور قانوني نصي عام؛ عنوانه مقتبس من أول سطر في المصدر دون تنزيل مرفقات.,,False,,,https://t.me/azizlawyer/2639,بحث,2639,,قناة ثقافة قانونية — المحامي عبدالعزيز المطوع (@azizlawyer),10,المحامي عبدالعزيز المطوع,2639,للدائن إذا علم أن المدين تصرف في أمواله بقصد الإضرار به، أن يرفع دعوى “عدم النفاذ”، ويطلب الحكم بعدم سريان ذلك التصرف في حقه. (183 من نظام المعاملات المدنية),للدائن إذا علم أن المدين تصرف في أمواله بقصد الإضرار به، أن يرفع دعوى “عدم النفاذ”، ويطلب الحكم بعدم سريان ذلك التصرف في حقه,2025
,الأنظمة والتشريعات,2025-05-27T00:28:02,1,,رابط,azizlawyer_post_2663,منشور قانوني نصي عام؛ عنوانه مقتبس من أول سطر في المصدر دون تنزيل مرفقات.,,False,,,https://t.me/azizlawyer/2663,بحث,2663,,قناة ثقافة قانونية — المحامي عبدالعزيز المطوع (@azizlawyer),10,المحامي عبدالعزيز المطوع,2663,إذا هلك المبيع، أو تلف قبل التسليم بسبب من البائع، كان للمشتري طلب فسخ البيع، أو إمضاؤه والرجوع بالتعويض عليه. المادة: (328) من نظام المعاملات المدنية,إذا هلك المبيع، أو تلف قبل التسليم بسبب من البائع، كان للمشتري طلب فسخ البيع، أو إمضاؤه والرجوع بالتعويض عليه,2025
,المحاماة والمرافعات,2025-12-15T17:07:52,1,,رابط,azizlawyer_post_2826,منشور قانوني نصي عام؛ عنوانه مقتبس من أول سطر في المصدر دون تنزيل مرفقات.,,False,,,https://t.me/azizlawyer/2826,بحث,2826,,قناة ثقافة قانونية — المحامي عبدالعزيز المطوع (@azizlawyer),10,المحامي عبدالعزيز المطوع,2826,الدليل الإرشادي للمحامين المرخصين بمزاولة مهنة المحاماة والتوثيق الصادر عن وزارة العدل والمتعلق بـ مكافحة غسل الأموال وتمويل الإرهاب وتمويل انتشار التسلح,الدليل الإرشادي للمحامين المرخصين بمزاولة مهنة المحاماة والتوثيق,2025
,التحكيم والوساطة,2026-01-10T14:56:40,1,,رابط,azizlawyer_post_2852,منشور قانوني نصي عام؛ عنوانه مقتبس من أول سطر في المصدر دون تنزيل مرفقات.,,False,,,https://t.me/azizlawyer/2852,بحث,2852,,قناة ثقافة قانونية — المحامي عبدالعزيز المطوع (@azizlawyer),10,المحامي عبدالعزيز المطوع,2852,نظام الوساطة العقارية ولوائحه التنفيذية,نظام الوساطة العقارية ولوائحه التنفيذية,2026
,المحاماة والمرافعات,2026-02-06T12:59:06,1,,رابط,azizlawyer_post_2879,منشور قانوني نصي عام؛ عنوانه مقتبس من أول سطر في المصدر دون تنزيل مرفقات.,,False,,,https://t.me/azizlawyer/2879,بحث,2879,,قناة ثقافة قانونية — المحامي عبدالعزيز المطوع (@azizlawyer),10,المحامي عبدالعزيز المطوع,2879,عدم قبول الدعوى: عيب في الشكل. رفض الدعوى: عيب في الموضوع,عدم قبول الدعوى: عيب في الشكل,2026
,الأنظمة والتشريعات,2026-07-19T11:44:00,1,,رابط,azizlawyer_post_3080,منشور قانوني نصي عام؛ عنوانه مقتبس من أول سطر في المصدر دون تنزيل مرفقات.,,False,,,https://t.me/azizlawyer/3080,بحث,3080,,قناة ثقافة قانونية — المحامي عبدالعزيز المطوع (@azizlawyer),10,المحامي عبدالعزيز المطوع,3080,"من المخالفات الشائعة في نظام العمل على المنشأت : ""عدم الإلتزام بنسب التوطين للمهن والأنشطة الصادر لها قرارات وزارية"" وتكون المخالفة ( جسيمة ) وقيمتها : 20 عامل فأقل : 2000 ريال 21 -49 : 4000 ريال 50 فأكثر : 6000 ريال الخيارات : 1- الاعتراض 2- التسوية",من المخالفات الشائعة في نظام العمل على المنشأت,2026
,القضاء والإثبات,2026-08-05T01:41:47,1,,رابط,azizlawyer_post_3138,منشور قانوني نصي عام؛ عنوانه مقتبس من أول سطر في المصدر دون تنزيل مرفقات.,,False,,,https://t.me/azizlawyer/3138,بحث,3138,,قناة ثقافة قانونية — المحامي عبدالعزيز المطوع (@azizlawyer),10,المحامي عبدالعزيز المطوع,3138,مجلسالوزراء : الموافقة على أن يكون للمستثمر تطوير الأراضي المخططة وتنفيذ وحدات سكنية لمستفيدي الإسكان التنموي؛ مقابل ملكية نسبة من الأراضي,مجلسالوزراء : الموافقة على أن يكون للمستثمر تطوير الأراضي المخططة وتنفيذ وحدات سكنية لمستفيدي الإسكان التنموي؛ مقابل ملكية نسبة من الأراضي,2026
,الأنظمة والتشريعات,2022-05-20T14:26:20,1,,رابط,azizlawyer_post_93,منشور قانوني نصي عام؛ عنوانه مقتبس من أول سطر في المصدر دون تنزيل مرفقات.,,False,,,https://t.me/azizlawyer/93,بحث,93,,قناة ثقافة قانونية — المحامي عبدالعزيز المطوع (@azizlawyer),9,المحامي عبدالعزيز المطوع,93,مكتبة تضم اغلب الكتب الفقهية المعتمدة ومجموعة من الكتب القانونية,مكتبة تضم اغلب الكتب الفقهية المعتمدة ومجموعة من الكتب القانونية,2022
,الأنظمة والتشريعات,2022-05-20T17:48:39,1,,رابط,azizlawyer_post_187,منشور قانوني نصي عام؛ عنوانه مقتبس من أول سطر في المصدر دون تنزيل مرفقات.,,False,,,https://t.me/azizlawyer/187,بحث,187,,قناة ثقافة قانونية — المحامي عبدالعزيز المطوع (@azizlawyer),9,المحامي عبدالعزيز المطوع,187,إضافة مادة برقم (28 مكرر) إلى نظام إيرادات الدولة لعام 1431هـ -- الإعفاء من الدين تقسيط الدين,إضافة مادة برقم (28 مكرر) إلى نظام إيرادات الدولة لعام 1431هـ,2022
,الأنظمة والتشريعات,2022-06-10T23:32:43,1,,رابط,azizlawyer_post_761,منشور قانوني نصي عام؛ عنوانه مقتبس من أول سطر في المصدر دون تنزيل مرفقات.,,False,,,https://t.me/azizlawyer/761,بحث,761,,قناة ثقافة قانونية — المحامي عبدالعزيز المطوع (@azizlawyer),9,المحامي عبدالعزيز المطوع,761,اللائحة المنظمة لنشاط تأجير السيارات ووسطاء التأجير مع إرفاق المخالفات,اللائحة المنظمة لنشاط تأجير السيارات ووسطاء التأجير مع إرفاق المخالفات,2022
,الأنظمة والتشريعات,2022-06-18T13:47:10,1,,رابط,azizlawyer_post_830,منشور قانوني نصي عام؛ عنوانه مقتبس من أول سطر في المصدر دون تنزيل مرفقات.,,False,,,https://t.me/azizlawyer/830,بحث,830,,قناة ثقافة قانونية — المحامي عبدالعزيز المطوع (@azizlawyer),9,المحامي عبدالعزيز المطوع,830,"بحث محكم بعنوان ""إقامة البينة بعد اليمين"" إعداد/ د. سعد بن عمر الخراشي","بحث محكم بعنوان ""إقامة البينة بعد اليمين"" إعداد/ د",2022
,المحاماة والمرافعات,2022-08-15T18:11:28,1,,رابط,azizlawyer_post_984,منشور قانوني نصي عام؛ عنوانه مقتبس من أول سطر في المصدر دون تنزيل مرفقات.,,False,,,https://t.me/azizlawyer/984,بحث,984,,قناة ثقافة قانونية — المحامي عبدالعزيز المطوع (@azizlawyer),9,المحامي عبدالعزيز المطوع,984,(الدعوى والشهادة والإقرار إذا لم تنفك عما يوهنها أو يكذبها لاتقبل، ولا يبنى عليها في الأحكام الشرعية). (م ق د) : (176/ 5 / 45),(الدعوى والشهادة والإقرار إذا لم تنفك عما يوهنها أو يكذبها لاتقبل، ولا يبنى عليها في الأحكام الشرعية),2022
,القضاء والإثبات,2022-08-19T17:06:31,1,,رابط,azizlawyer_post_1006,منشور قانوني نصي عام؛ عنوانه مقتبس من أول سطر في المصدر دون تنزيل مرفقات.,,False,,,https://t.me/azizlawyer/1006,بحث,1006,,قناة ثقافة قانونية — المحامي عبدالعزيز المطوع (@azizlawyer),9,المحامي عبدالعزيز المطوع,1006,اللائحة التنفيذية لضريبة التصرفات العقارية 11-1-1444,اللائحة التنفيذية لضريبة التصرفات العقارية 11-1-1444,2022
,القضاء والإثبات,2022-08-25T17:37:34,1,,رابط,azizlawyer_post_1037,منشور قانوني نصي عام؛ عنوانه مقتبس من أول سطر في المصدر دون تنزيل مرفقات.,,False,,,https://t.me/azizlawyer/1037,بحث,1037,,قناة ثقافة قانونية — المحامي عبدالعزيز المطوع (@azizlawyer),9,المحامي عبدالعزيز المطوع,1037,تغييرات نظام الإثبات إعداد القاضي/ مصعب المهنا,تغييرات نظام الإثبات إعداد القاضي/ مصعب المهنا,2022
,الأنظمة والتشريعات,2022-08-26T21:37:13,1,,رابط,azizlawyer_post_1045,منشور قانوني نصي عام؛ عنوانه مقتبس من أول سطر في المصدر دون تنزيل مرفقات.,,False,,,https://t.me/azizlawyer/1045,بحث,1045,,قناة ثقافة قانونية — المحامي عبدالعزيز المطوع (@azizlawyer),9,المحامي عبدالعزيز المطوع,1045,الأسئلة القانونية في المقابلات الوظيفية إعداد : محمد الشكرة,الأسئلة القانونية في المقابلات الوظيفية إعداد : محمد الشكرة,2022
,القضاء والإثبات,2022-10-27T00:08:00,1,,رابط,azizlawyer_post_1174,منشور قانوني نصي عام؛ عنوانه مقتبس من أول سطر في المصدر دون تنزيل مرفقات.,,False,,,https://t.me/azizlawyer/1174,بحث,1174,,قناة ثقافة قانونية — المحامي عبدالعزيز المطوع (@azizlawyer),9,المحامي عبدالعزيز المطوع,1174,وإنني على ثقة بالغة من أنه سرعان ما سوف تتهافت هذه الاتهامات ليستبين جلياً لفضيلتكم أن ما تضمّنه قرار الاتهام من أوصاف ونعوت في مواجهة موكلي،ما هو إلا مجرد كلام إنشائي،لا يقدم ولا يؤخر في قضية ليست ذات موضوع أصلاً،وقد عمدت النيابة إلى تجنب أي احتمالات تصب في صالحه. د.عمر الخولي,وإنني على ثقة بالغة من أنه سرعان ما سوف تتهافت هذه الاتهامات ليستبين جلياً لفضيلتكم أن ما تضمّنه قرار الاتهام من أوصاف ونعوت في مواجهة موكلي،ما هو إلا مجرد كلام إنشائي،لا,2022
,الأنظمة والتشريعات,2022-11-04T23:47:02,1,,رابط,azizlawyer_post_1181,منشور قانوني نصي عام؛ عنوانه مقتبس من أول سطر في المصدر دون تنزيل مرفقات.,,False,,,https://t.me/azizlawyer/1181,بحث,1181,,قناة ثقافة قانونية — المحامي عبدالعزيز المطوع (@azizlawyer),9,المحامي عبدالعزيز المطوع,1181,قرار مجلس الوزراء رقم 616 القواعد والترتيبات الخاصة بالتحول والتخصيص,قرار مجلس الوزراء رقم 616 القواعد والترتيبات الخاصة بالتحول والتخصيص,2022
,القضاء والإثبات,2022-11-08T22:33:40,1,,رابط,azizlawyer_post_1189,منشور قانوني نصي عام؛ عنوانه مقتبس من أول سطر في المصدر دون تنزيل مرفقات.,,False,,,https://t.me/azizlawyer/1189,بحث,1189,,قناة ثقافة قانونية — المحامي عبدالعزيز المطوع (@azizlawyer),9,المحامي عبدالعزيز المطوع,1189,جاء في قرار مجلس القضاء الأعلى بهيئته الدائمه رقم٤/١٤٧ في١٤٢٠/٢/٩(إذا التزم العاقل بأمر يقدر على فعله، وقبض ثمن ما التزم به أُلزم به، لأن عدم إلزامه يفتح باباً للمتلاعبين لأكل أموال الناس بالباطل، وهو مما لا تأتي به الشريعة الكاملة),جاء في قرار مجلس القضاء الأعلى بهيئته الدائمه رقم٤/١٤٧ في١٤٢٠/٢/٩(إذا التزم العاقل بأمر يقدر على فعله، وقبض ثمن ما التزم به أُلزم به، لأن عدم إلزامه يفتح باباً للمتلاعبين,2022
,الأنظمة والتشريعات,2022-11-14T11:55:32,1,,رابط,azizlawyer_post_1203,منشور قانوني نصي عام؛ عنوانه مقتبس من أول سطر في المصدر دون تنزيل مرفقات.,,False,,,https://t.me/azizlawyer/1203,بحث,1203,,قناة ثقافة قانونية — المحامي عبدالعزيز المطوع (@azizlawyer),9,المحامي عبدالعزيز المطوع,1203,من الأخطاء لدى بعض المؤجرين في التعاملات العقارية اشتراط تسليم مفتاح العين المؤجرة والتوقيع على محضر الإخلاء وعدم قبول طلب المستأجر في غير ذلك. وقد ورد في القرار رقم 833/ق1/ب وتاريخ 3-09-1430هـ (لا يلزم المستأجر تسليم العين المؤجرة وإنما يلزمه رفع يده عنها),من الأخطاء لدى بعض المؤجرين في التعاملات العقارية اشتراط تسليم مفتاح العين المؤجرة والتوقيع على محضر الإخلاء وعدم قبول طلب المستأجر في غير ذلك,2022
,القضاء والإثبات,2022-11-29T21:28:03,1,,رابط,azizlawyer_post_1234,منشور قانوني نصي عام؛ عنوانه مقتبس من أول سطر في المصدر دون تنزيل مرفقات.,,False,,,https://t.me/azizlawyer/1234,بحث,1234,,قناة ثقافة قانونية — المحامي عبدالعزيز المطوع (@azizlawyer),9,المحامي عبدالعزيز المطوع,1234,نظام المنافسات والمشتريات الحكومية ولائحته التنفيذية,نظام المنافسات والمشتريات الحكومية ولائحته التنفيذية,2022
,القضاء والإثبات,2023-01-22T21:23:01,1,,رابط,azizlawyer_post_1361,منشور قانوني نصي عام؛ عنوانه مقتبس من أول سطر في المصدر دون تنزيل مرفقات.,,False,,,https://t.me/azizlawyer/1361,بحث,1361,,قناة ثقافة قانونية — المحامي عبدالعزيز المطوع (@azizlawyer),9,المحامي عبدالعزيز المطوع,1361,"وردَّ في المبدأالقضائي رقم (2148): ""إذا لم تؤدِّ البينات إلى يقين، ولا إلى غلبة ظن، فلا يمكن أن يبنى الحكم عليها؛ لأن الأصل البراءة حتى يثبت ما يزيلها""","وردَّ في المبدأالقضائي رقم (2148): ""إذا لم تؤدِّ البينات إلى يقين، ولا إلى غلبة ظن، فلا يمكن أن يبنى الحكم عليها؛ لأن الأصل البراءة حتى يثبت ما يزيلها""",2023
,المحاماة والمرافعات,2023-01-23T19:08:58,1,,رابط,azizlawyer_post_1363,منشور قانوني نصي عام؛ عنوانه مقتبس من أول سطر في المصدر دون تنزيل مرفقات.,,False,,,https://t.me/azizlawyer/1363,بحث,1363,,قناة ثقافة قانونية — المحامي عبدالعزيز المطوع (@azizlawyer),9,المحامي عبدالعزيز المطوع,1363,"""تقدير الأتعاب في الدعوى يرجع إلى المعقول والمناسب مما يجبر ضرر المحكوم له عما تكبده من أتعاب في سبيل الدفع عن نفسه أو استخلاص حقه"" القضية رقم ٤٤٩٠٤١٤٦٠ لعام ١٤٤٤ هـ","""تقدير الأتعاب في الدعوى يرجع إلى المعقول والمناسب مما يجبر ضرر المحكوم له عما تكبده من أتعاب في سبيل الدفع عن نفسه أو استخلاص حقه""",2023
,الأنظمة والتشريعات,2023-02-01T19:57:49,1,,رابط,azizlawyer_post_1387,منشور قانوني نصي عام؛ عنوانه مقتبس من أول سطر في المصدر دون تنزيل مرفقات.,,False,,,https://t.me/azizlawyer/1387,بحث,1387,,قناة ثقافة قانونية — المحامي عبدالعزيز المطوع (@azizlawyer),9,المحامي عبدالعزيز المطوع,1387,"""نقض الحكم لا يلغي ما اشتمل عليه الصك من أدلة؛ لأن النقض متوجه للحكم، لا لما قد يعتبر من أدلة"" (م ق د): (١٩٣/٤)،(١٨/٢/١٤٢٦)","""نقض الحكم لا يلغي ما اشتمل عليه الصك من أدلة؛ لأن النقض متوجه للحكم، لا لما قد يعتبر من أدلة"" (م ق د): (١٩٣/٤)،(١٨/٢/١٤٢٦)",2023
,الأنظمة والتشريعات,2023-02-14T18:45:46,1,,رابط,azizlawyer_post_1412,منشور قانوني نصي عام؛ عنوانه مقتبس من أول سطر في المصدر دون تنزيل مرفقات.,,False,,,https://t.me/azizlawyer/1412,بحث,1412,,قناة ثقافة قانونية — المحامي عبدالعزيز المطوع (@azizlawyer),9,المحامي عبدالعزيز المطوع,1412,"من القرارات التي يمكن الاستفادة منها في قضايا المقيمين: ""لا فائدة من إطالة السجن على الوافد المحكوم عليه، لما فيه من نفقات لا لزوم لها، بل يبعد عن البلاد"". -قرار محكمة التمييز (١٧٣/ج٣/ب) في ١٤١٧/٣/٢٣ھ",من القرارات التي يمكن الاستفادة منها في قضايا المقيمين,2023
,الأنظمة والتشريعات,2023-02-21T21:07:56,1,,رابط,azizlawyer_post_1433,منشور قانوني نصي عام؛ عنوانه مقتبس من أول سطر في المصدر دون تنزيل مرفقات.,,False,,,https://t.me/azizlawyer/1433,بحث,1433,,قناة ثقافة قانونية — المحامي عبدالعزيز المطوع (@azizlawyer),9,المحامي عبدالعزيز المطوع,1433,المبادىء الصادرة عن الهيئة العامة للمحكمة العليا حتى تاريخ اليوم 1-8-1444,المبادىء الصادرة عن الهيئة العامة للمحكمة العليا حتى تاريخ اليوم 1-8-1444,2023
,الأنظمة والتشريعات,2023-02-26T16:59:49,1,,رابط,azizlawyer_post_1438,منشور قانوني نصي عام؛ عنوانه مقتبس من أول سطر في المصدر دون تنزيل مرفقات.,,False,,,https://t.me/azizlawyer/1438,بحث,1438,,قناة ثقافة قانونية — المحامي عبدالعزيز المطوع (@azizlawyer),9,المحامي عبدالعزيز المطوع,1438,درجات القرابة في النظام السعودي: (الدرجة الأولى): الأب، الأم، الابن، البنت (الدرجة الثانية): الأخ، الأخت، الجد، الجدة، أولاد الابن، أولاد البنت (الدرجة الثالثة): العم، العمة، الخال، الخالة، أولاد الإخوة (الدرجة الرابعة): أبناء وبنات العم أو العمة، أبناء وبنات الخال أو الخالة,درجات القرابة في النظام السعودي,2023
,الأنظمة والتشريعات,2023-03-03T20:01:36,1,,رابط,azizlawyer_post_1442,منشور قانوني نصي عام؛ عنوانه مقتبس من أول سطر في المصدر دون تنزيل مرفقات.,,False,,,https://t.me/azizlawyer/1442,بحث,1442,,قناة ثقافة قانونية — المحامي عبدالعزيز المطوع (@azizlawyer),9,المحامي عبدالعزيز المطوع,1442,إذا بيع العقار المستأجر لمالك جديد، فلا يسقط عقد الإجارة ما دام لم تنته مدته، ويلزم به المالك الجديد، لأن عقد الإجارة عقد لازم، وسابق على عقد البيع، ولا ينقض اللاحق السابق، وذلك باتفاق المذاهب الأربعة,إذا بيع العقار المستأجر لمالك جديد، فلا يسقط عقد الإجارة ما دام لم تنته مدته، ويلزم به المالك الجديد، لأن عقد الإجارة عقد لازم، وسابق على عقد البيع، ولا ينقض اللاحق الساب,2023
,الأنظمة والتشريعات,2023-03-05T20:31:42,1,,رابط,azizlawyer_post_1444,منشور قانوني نصي عام؛ عنوانه مقتبس من أول سطر في المصدر دون تنزيل مرفقات.,,False,,,https://t.me/azizlawyer/1444,بحث,1444,,قناة ثقافة قانونية — المحامي عبدالعزيز المطوع (@azizlawyer),9,المحامي عبدالعزيز المطوع,1444,"استقر العرفالتجاري على اعتبار أن التوقيع على الفواتير أو الختم عليها دلالة على استلام ما جاء في مضمونها"" القضية رقم 10510 لعام 1441 هـ كما استقر العرف ""أن التوقيع او الختم على كشف الحساب هو في حد ذاته إقرار من الممضي والخاتم بصحة مافي الورقة"" القضية رقم 1/5353 لعام 1437هـ","استقر العرفالتجاري على اعتبار أن التوقيع على الفواتير أو الختم عليها دلالة على استلام ما جاء في مضمونها""",2023
,الأنظمة والتشريعات,2023-03-14T16:09:56,1,,رابط,azizlawyer_post_1457,منشور قانوني نصي عام؛ عنوانه مقتبس من أول سطر في المصدر دون تنزيل مرفقات.,,False,,,https://t.me/azizlawyer/1457,بحث,1457,,قناة ثقافة قانونية — المحامي عبدالعزيز المطوع (@azizlawyer),9,المحامي عبدالعزيز المطوع,1457,لا يعد الغائب ناكلاً عن أداء اليمين إلا بعد تبلغه بالحضور لادائها. قرار محكمة التميز رقم: (٥٠٦/ق٤/ب) ، ( ١٤٢٩/٠٨/٢٢هـ),لا يعد الغائب ناكلاً عن أداء اليمين إلا بعد تبلغه بالحضور لادائها,2023
,الأحوال الشخصية والتركات,2023-03-24T00:42:47,1,,رابط,azizlawyer_post_1485,منشور قانوني نصي عام؛ عنوانه مقتبس من أول سطر في المصدر دون تنزيل مرفقات.,,False,,,https://t.me/azizlawyer/1485,بحث,1485,,قناة ثقافة قانونية — المحامي عبدالعزيز المطوع (@azizlawyer),9,المحامي عبدالعزيز المطوع,1485,ملف PDF لجميع أنظمة ولوائح الملكية الفكرية في المملكة العربية السعودية صادر من الهيئة السعودية للملكية الفكرية… يتضمن: حق المؤلف براءات الاختراع التصاميم الصناعية العلامات التجارية الدارات المتكاملة الأصناف النباتية,ملف PDF لجميع أنظمة ولوائح الملكية الفكرية في المملكة العربية السعودية صادر من الهيئة السعودية للملكية الفكرية… يتضمن,2023
,الأحوال الشخصية والتركات,2023-06-15T18:03:57,1,,رابط,azizlawyer_post_1588,منشور قانوني نصي عام؛ عنوانه مقتبس من أول سطر في المصدر دون تنزيل مرفقات.,,False,,,https://t.me/azizlawyer/1588,بحث,1588,,قناة ثقافة قانونية — المحامي عبدالعزيز المطوع (@azizlawyer),9,المحامي عبدالعزيز المطوع,1588,"تعديل جديد لجدول الجزاءات للمخالفات البلدية، وقد تضمن البدء بـ ""التنبيه"" و ""مهلة تصحيحية"" قبل فرض الغرامة على عدد من المخالفات. التعليق: عند عدم مراعاة هذا التدرج المشروط في أي غرامة، يمكن الطعن فيها، وطلب إلغاءها للعيب في هذا القرار","تعديل جديد لجدول الجزاءات للمخالفات البلدية، وقد تضمن البدء بـ ""التنبيه"" و ""مهلة تصحيحية"" قبل فرض الغرامة على عدد من المخالفات",2023
,القضاء والإثبات,2023-08-03T11:18:13,1,,رابط,azizlawyer_post_1650,منشور قانوني نصي عام؛ عنوانه مقتبس من أول سطر في المصدر دون تنزيل مرفقات.,,False,,,https://t.me/azizlawyer/1650,بحث,1650,,قناة ثقافة قانونية — المحامي عبدالعزيز المطوع (@azizlawyer),9,المحامي عبدالعزيز المطوع,1650,اللائحة التنفيذية للاعتراض على الاحكام القضائية 1445,اللائحة التنفيذية للاعتراض على الاحكام القضائية 1445,2023
,الأنظمة والتشريعات,2023-10-10T17:43:00,1,,رابط,azizlawyer_post_1725,منشور قانوني نصي عام؛ عنوانه مقتبس من أول سطر في المصدر دون تنزيل مرفقات.,,False,,,https://t.me/azizlawyer/1725,بحث,1725,,قناة ثقافة قانونية — المحامي عبدالعزيز المطوع (@azizlawyer),9,المحامي عبدالعزيز المطوع,1725,بحسب لائحة الموارد البشرية: المواعيد والزيارات الطبية تعتبر إجازة مرضية بموجب تقرير طبي من الجهة الطبية التي تتولى العلاج، حيث أطلقت وزارة الصحة تقرير مشهد مراجعة ضمن خدمة الإجازات المرضية,بحسب لائحة الموارد البشرية,2023
,الأنظمة والتشريعات,2024-07-09T15:59:42,1,,رابط,azizlawyer_post_2132,منشور قانوني نصي عام؛ عنوانه مقتبس من أول سطر في المصدر دون تنزيل مرفقات.,,False,,,https://t.me/azizlawyer/2132,بحث,2132,,قناة ثقافة قانونية — المحامي عبدالعزيز المطوع (@azizlawyer),9,المحامي عبدالعزيز المطوع,2132,لائحة الاحتراف وأوضاع اللاعبين وانتقالاتهم للموسم الرياضي 2024-2025,لائحة الاحتراف وأوضاع اللاعبين وانتقالاتهم للموسم الرياضي 2024-2025,2024
,المحاماة والمرافعات,2024-11-01T20:06:04,1,,رابط,azizlawyer_post_2394,منشور قانوني نصي عام؛ عنوانه مقتبس من أول سطر في المصدر دون تنزيل مرفقات.,,False,,,https://t.me/azizlawyer/2394,بحث,2394,,قناة ثقافة قانونية — المحامي عبدالعزيز المطوع (@azizlawyer),9,المحامي عبدالعزيز المطوع,2394,اللائحة التنفيذية لنظام المحاماة 1446,اللائحة التنفيذية لنظام المحاماة 1446,2024
,الأنظمة والتشريعات,2024-12-15T17:50:16,1,,رابط,azizlawyer_post_2434,منشور قانوني نصي عام؛ عنوانه مقتبس من أول سطر في المصدر دون تنزيل مرفقات.,,False,,,https://t.me/azizlawyer/2434,بحث,2434,,قناة ثقافة قانونية — المحامي عبدالعزيز المطوع (@azizlawyer),9,المحامي عبدالعزيز المطوع,2434,البوابة القانونية من وزارة العدل https://laws.moj.gov.sa/ar/legislations-regulations/?pageNumber=1&pageSize=9&sortingBy=7,البوابة القانونية من وزارة العدل,2024
,الأنظمة والتشريعات,2025-02-10T06:34:52,1,,رابط,azizlawyer_post_2510,منشور قانوني نصي عام؛ عنوانه مقتبس من أول سطر في المصدر دون تنزيل مرفقات.,,False,,,https://t.me/azizlawyer/2510,بحث,2510,,قناة ثقافة قانونية — المحامي عبدالعزيز المطوع (@azizlawyer),9,المحامي عبدالعزيز المطوع,2510,دليل المستثمر 2025 والذي يوضح نظام الاستثمار الجديد و إجراءات تسجيل مستثمر جديد وخدمات ما بعد التسجيل,دليل المستثمر 2025 والذي يوضح نظام الاستثمار الجديد و إجراءات تسجيل مستثمر جديد وخدمات ما بعد التسجيل,2025
,الأنظمة والتشريعات,2025-02-14T14:53:35,1,,رابط,azizlawyer_post_2527,منشور قانوني نصي عام؛ عنوانه مقتبس من أول سطر في المصدر دون تنزيل مرفقات.,,False,,,https://t.me/azizlawyer/2527,بحث,2527,,قناة ثقافة قانونية — المحامي عبدالعزيز المطوع (@azizlawyer),9,المحامي عبدالعزيز المطوع,2527,"إذا قال لك شخص إن قيمة العقار شاملة السعي والضريبة هي مبلغ معين، فإليك طريقة حساب السعي وحساب الضريبة وحساب قيمة العقار بدون سعي وبدون ضريبة بكل سهولة. ببساطة، تقسم المبلغ على 43، يطلع لك السعي. تاخذ السعي وتضربه في 2، يطلع لك الضريبة. تاخذ السعي وتضربه في 40، يطلع لك قيمة العقار. مثال 1: إذا كانت قيمة العقار شاملة السعي والضريبة 1,075,000 ريال. نقسم 1,075,000 على 43 = 25,000 ريال (هذا هو السعي) نضرب 25,000 في 2 = 50,000 ريال (هذه هي الضريبة) نضرب 25,000 في 40 = 1,000,000 ريال (هذه هي قيمة العقا",إذا قال لك شخص إن قيمة العقار شاملة السعي والضريبة هي مبلغ معين، فإليك طريقة حساب السعي وحساب الضريبة وحساب قيمة العقار بدون سعي وبدون ضريبة بكل سهولة,2025
,الأنظمة والتشريعات,2025-08-30T14:58:39,1,,رابط,azizlawyer_post_2749,منشور قانوني نصي عام؛ عنوانه مقتبس من أول سطر في المصدر دون تنزيل مرفقات.,,False,,,https://t.me/azizlawyer/2749,بحث,2749,,قناة ثقافة قانونية — المحامي عبدالعزيز المطوع (@azizlawyer),9,المحامي عبدالعزيز المطوع,2749,جدول مخالفات نظام الغذاء المحدث للمنشات الغذائية الخاضعة لإشراف وزارة البلديات والأسكان,جدول مخالفات نظام الغذاء المحدث للمنشات الغذائية الخاضعة لإشراف وزارة البلديات والأسكان,2025
,الأنظمة والتشريعات,2026-01-10T14:26:59,1,,رابط,azizlawyer_post_2850,منشور قانوني نصي عام؛ عنوانه مقتبس من أول سطر في المصدر دون تنزيل مرفقات.,,False,,,https://t.me/azizlawyer/2850,بحث,2850,,قناة ثقافة قانونية — المحامي عبدالعزيز المطوع (@azizlawyer),9,المحامي عبدالعزيز المطوع,2850,اللائحة التنظيمية للاستشارات والتحليلات العقارية لعام 1445,اللائحة التنظيمية للاستشارات والتحليلات العقارية لعام 1445,2026
,الأحوال الشخصية والتركات,2026-05-12T16:33:04,1,,رابط,azizlawyer_post_2961,منشور قانوني نصي عام؛ عنوانه مقتبس من أول سطر في المصدر دون تنزيل مرفقات.,,False,,,https://t.me/azizlawyer/2961,بحث,2961,,قناة ثقافة قانونية — المحامي عبدالعزيز المطوع (@azizlawyer),9,المحامي عبدالعزيز المطوع,2961,"أنشأت وزارة العدل منصة إلكترونية اسمها ""البوابة القضائية العلمية"" وتعتبر أكبر قاعدة معلومات قضائية متخصصة في المملكة العربية السعودية، تحتوي على آلاف الوثائق القضائية، بما في ذلك الأحكام التجارية. laws.moj.gov.sa/ar","أنشأت وزارة العدل منصة إلكترونية اسمها ""البوابة القضائية العلمية"" وتعتبر أكبر قاعدة معلومات قضائية متخصصة في المملكة العربية السعودية، تحتوي على آلاف الوثائق القضائية، بم",2026
,المحاماة والمرافعات,2022-05-20T19:03:50,1,,رابط,azizlawyer_post_235,منشور قانوني نصي عام؛ عنوانه مقتبس من أول سطر في المصدر دون تنزيل مرفقات.,,False,,,https://t.me/azizlawyer/235,بحث,235,,قناة ثقافة قانونية — المحامي عبدالعزيز المطوع (@azizlawyer),8,المحامي عبدالعزيز المطوع,235,مدة التظلم من القرارات الادارية ومتى ترفع الدعوى ضد الجهة,مدة التظلم من القرارات الادارية ومتى ترفع الدعوى ضد الجهة,2022
,الأنظمة والتشريعات,2022-05-28T16:35:54,1,,رابط,azizlawyer_post_651,منشور قانوني نصي عام؛ عنوانه مقتبس من أول سطر في المصدر دون تنزيل مرفقات.,,False,,,https://t.me/azizlawyer/651,بحث,651,,قناة ثقافة قانونية — المحامي عبدالعزيز المطوع (@azizlawyer),8,المحامي عبدالعزيز المطوع,651,نظام الشركات نسخة مميزة و محدثة,نظام الشركات نسخة مميزة و محدثة,2022
,المحاماة والمرافعات,2022-06-04T03:18:54,1,,رابط,azizlawyer_post_711,منشور قانوني نصي عام؛ عنوانه مقتبس من أول سطر في المصدر دون تنزيل مرفقات.,,False,,,https://t.me/azizlawyer/711,بحث,711,,قناة ثقافة قانونية — المحامي عبدالعزيز المطوع (@azizlawyer),8,المحامي عبدالعزيز المطوع,711,موقف القضاء من دعاوى طلب فسخ النكاح بالعيوب,موقف القضاء من دعاوى طلب فسخ النكاح بالعيوب,2022
,القضاء والإثبات,2022-06-11T14:39:27,1,,رابط,azizlawyer_post_773,منشور قانوني نصي عام؛ عنوانه مقتبس من أول سطر في المصدر دون تنزيل مرفقات.,,False,,,https://t.me/azizlawyer/773,بحث,773,,قناة ثقافة قانونية — المحامي عبدالعزيز المطوع (@azizlawyer),8,المحامي عبدالعزيز المطوع,773,بحث محكم (الصلح في مجلس القضاء),بحث محكم (الصلح في مجلس القضاء),2022
,الأنظمة والتشريعات,2022-06-13T21:03:32,1,,رابط,azizlawyer_post_804,منشور قانوني نصي عام؛ عنوانه مقتبس من أول سطر في المصدر دون تنزيل مرفقات.,,False,,,https://t.me/azizlawyer/804,بحث,804,,قناة ثقافة قانونية — المحامي عبدالعزيز المطوع (@azizlawyer),8,المحامي عبدالعزيز المطوع,804,مجلس الشورى يوافق على مشروع نظام الشركات,مجلس الشورى يوافق على مشروع نظام الشركات,2022
,المحاماة والمرافعات,2022-07-01T23:56:11,1,,رابط,azizlawyer_post_890,منشور قانوني نصي عام؛ عنوانه مقتبس من أول سطر في المصدر دون تنزيل مرفقات.,,False,,,https://t.me/azizlawyer/890,بحث,890,,قناة ثقافة قانونية — المحامي عبدالعزيز المطوع (@azizlawyer),8,المحامي عبدالعزيز المطوع,890,مهارات الترافع أمام القضاء وإدارة الدعوى د. محمود عمر,مهارات الترافع أمام القضاء وإدارة الدعوى د,2022
,التحكيم والوساطة,2022-08-02T11:59:23,1,,رابط,azizlawyer_post_950,منشور قانوني نصي عام؛ عنوانه مقتبس من أول سطر في المصدر دون تنزيل مرفقات.,,False,,,https://t.me/azizlawyer/950,بحث,950,,قناة ثقافة قانونية — المحامي عبدالعزيز المطوع (@azizlawyer),8,المحامي عبدالعزيز المطوع,950,نظام التحكيم محدث 8-10-1443,نظام التحكيم محدث 8-10-1443,2022
,الأنظمة والتشريعات,2022-08-17T14:39:29,1,,رابط,azizlawyer_post_994,منشور قانوني نصي عام؛ عنوانه مقتبس من أول سطر في المصدر دون تنزيل مرفقات.,,False,,,https://t.me/azizlawyer/994,بحث,994,,قناة ثقافة قانونية — المحامي عبدالعزيز المطوع (@azizlawyer),8,المحامي عبدالعزيز المطوع,994,مجموعة المبادئ التي قررتها المحكمة الإدارية العليا,مجموعة المبادئ التي قررتها المحكمة الإدارية العليا,2022
,المحاماة والمرافعات,2022-08-28T10:12:35,1,,رابط,azizlawyer_post_1060,منشور قانوني نصي عام؛ عنوانه مقتبس من أول سطر في المصدر دون تنزيل مرفقات.,,False,,,https://t.me/azizlawyer/1060,بحث,1060,,قناة ثقافة قانونية — المحامي عبدالعزيز المطوع (@azizlawyer),8,المحامي عبدالعزيز المطوع,1060,نسخة محدثة حتى ١٤٤٤/٢/١ من نظام المحاماة: عبدالعزيز السماري,نسخة محدثة حتى ١٤٤٤/٢/١ من نظام المحاماة: عبدالعزيز السماري,2022
,القضاء والإثبات,2022-11-17T15:45:40,1,,رابط,azizlawyer_post_1215,منشور قانوني نصي عام؛ عنوانه مقتبس من أول سطر في المصدر دون تنزيل مرفقات.,,False,,,https://t.me/azizlawyer/1215,بحث,1215,,قناة ثقافة قانونية — المحامي عبدالعزيز المطوع (@azizlawyer),8,المحامي عبدالعزيز المطوع,1215,تعارض المصالح لمن عمل بالقضاء,تعارض المصالح لمن عمل بالقضاء,2022
,الأنظمة والتشريعات,2023-07-07T21:47:50,1,,رابط,azizlawyer_post_1618,منشور قانوني نصي عام؛ عنوانه مقتبس من أول سطر في المصدر دون تنزيل مرفقات.,,False,,,https://t.me/azizlawyer/1618,بحث,1618,,قناة ثقافة قانونية — المحامي عبدالعزيز المطوع (@azizlawyer),8,المحامي عبدالعزيز المطوع,1618,المسؤوليات في نظام الشركات,المسؤوليات في نظام الشركات,2023
,القضاء والإثبات,2023-11-19T19:00:57,1,,رابط,azizlawyer_post_1789,منشور قانوني نصي عام؛ عنوانه مقتبس من أول سطر في المصدر دون تنزيل مرفقات.,,False,,,https://t.me/azizlawyer/1789,بحث,1789,,قناة ثقافة قانونية — المحامي عبدالعزيز المطوع (@azizlawyer),8,المحامي عبدالعزيز المطوع,1789,نظام المعاملات المدنية مع الفهارس - جمعية قضاء,نظام المعاملات المدنية مع الفهارس - جمعية قضاء,2023
,الأحوال الشخصية والتركات,2024-08-01T14:38:28,1,,رابط,azizlawyer_post_2165,منشور قانوني نصي عام؛ عنوانه مقتبس من أول سطر في المصدر دون تنزيل مرفقات.,,False,,,https://t.me/azizlawyer/2165,بحث,2165,,قناة ثقافة قانونية — المحامي عبدالعزيز المطوع (@azizlawyer),8,المحامي عبدالعزيز المطوع,2165,الورثة الإناث اللواتي يتقاضين معاش تقاعد عائلهم من التأمينات الاجتماعية يستحقن هدية عند زواجهن 18 ضعف لحصتها من الراتب من التأمينات طبعا سيسقط حقها من المعاش بعدالزواج مثال : ورثة زوجة وابن وبنت يتقاضون معاش 6000 ريال حصة البنت 2000 هديتها عند زواجها 36 ألف (منقول),الورثة الإناث اللواتي يتقاضين معاش تقاعد عائلهم من التأمينات الاجتماعية يستحقن هدية عند زواجهن 18 ضعف لحصتها من الراتب من التأمينات طبعا سيسقط حقها من المعاش بعدالزواج,2024
,الأحوال الشخصية والتركات,2025-01-30T18:42:56,1,,رابط,azizlawyer_post_2486,منشور قانوني نصي عام؛ عنوانه مقتبس من أول سطر في المصدر دون تنزيل مرفقات.,,False,,,https://t.me/azizlawyer/2486,بحث,2486,,قناة ثقافة قانونية — المحامي عبدالعزيز المطوع (@azizlawyer),8,المحامي عبدالعزيز المطوع,2486,الاختصاص النوعي بين المحاكم العامة، والمحاكم التجارية، ومحاكم الأحوال الشخصية,الاختصاص النوعي بين المحاكم العامة، والمحاكم التجارية، ومحاكم الأحوال الشخصية,2025
,الأنظمة والتشريعات,2025-10-28T14:10:48,1,,رابط,azizlawyer_post_2799,منشور قانوني نصي عام؛ عنوانه مقتبس من أول سطر في المصدر دون تنزيل مرفقات.,,False,,,https://t.me/azizlawyer/2799,بحث,2799,,قناة ثقافة قانونية — المحامي عبدالعزيز المطوع (@azizlawyer),8,المحامي عبدالعزيز المطوع,2799,ملخص من مبادئ المحكمة الإدارية العليا,ملخص من مبادئ المحكمة الإدارية العليا,2025
,الأنظمة والتشريعات,2025-12-25T11:45:01,1,,رابط,azizlawyer_post_2835,منشور قانوني نصي عام؛ عنوانه مقتبس من أول سطر في المصدر دون تنزيل مرفقات.,,False,,,https://t.me/azizlawyer/2835,بحث,2835,,قناة ثقافة قانونية — المحامي عبدالعزيز المطوع (@azizlawyer),8,المحامي عبدالعزيز المطوع,2835,شرح مواد عقد المقاولة الواردة في نظام المعاملات المدنية,شرح مواد عقد المقاولة الواردة في نظام المعاملات المدنية,2025
,الأحوال الشخصية والتركات,2026-01-28T01:42:24,1,,رابط,azizlawyer_post_2869,منشور قانوني نصي عام؛ عنوانه مقتبس من أول سطر في المصدر دون تنزيل مرفقات.,,False,,,https://t.me/azizlawyer/2869,بحث,2869,,قناة ثقافة قانونية — المحامي عبدالعزيز المطوع (@azizlawyer),8,المحامي عبدالعزيز المطوع,2869,جامع المدد النظامية في أنظمة المملكة العربية السعودية,جامع المدد النظامية في أنظمة المملكة العربية السعودية,2026
,الأنظمة والتشريعات,2026-04-17T16:22:23,1,,رابط,azizlawyer_post_2923,منشور قانوني نصي عام؛ عنوانه مقتبس من أول سطر في المصدر دون تنزيل مرفقات.,,False,,,https://t.me/azizlawyer/2923,بحث,2923,,قناة ثقافة قانونية — المحامي عبدالعزيز المطوع (@azizlawyer),8,المحامي عبدالعزيز المطوع,2923,تعديل نظام مكافحة غسيل الأموال 27-10-1447,تعديل نظام مكافحة غسيل الأموال 27-10-1447,2026
,الأنظمة والتشريعات,2026-06-23T18:23:17,1,,رابط,azizlawyer_post_3014,منشور قانوني نصي عام؛ عنوانه مقتبس من أول سطر في المصدر دون تنزيل مرفقات.,,False,,,https://t.me/azizlawyer/3014,بحث,3014,,قناة ثقافة قانونية — المحامي عبدالعزيز المطوع (@azizlawyer),8,المحامي عبدالعزيز المطوع,3014,نظام تملك غير السعوديين للعقار 19-1-1447,نظام تملك غير السعوديين للعقار 19-1-1447,2026
,القضاء والإثبات,2026-07-03T16:49:52,1,,رابط,azizlawyer_post_3032,منشور قانوني نصي عام؛ عنوانه مقتبس من أول سطر في المصدر دون تنزيل مرفقات.,,False,,,https://t.me/azizlawyer/3032,بحث,3032,,قناة ثقافة قانونية — المحامي عبدالعزيز المطوع (@azizlawyer),8,المحامي عبدالعزيز المطوع,3032,شرح نظام الإثبات,شرح نظام الإثبات,2026
