boe_id,title,official_url,issue_date,publication_date,summary,source,decision
67dd54bc-c33a-48c8-8356-b44700a9ab55,نظام التنفيذ,https://laws.boe.gov.sa/BoeLaws/Laws/LawDetails/67dd54bc-c33a-48c8-8356-b44700a9ab55/1,1447/11/03 هـ,1447/11/14 هـ,تضمن النظام: أحكام عامة، الاختصاص، السند التنفيذي، إجراءات التنفيذ، منازعة التنفيذ والاعتراض على إجراءات التنفيذ، العقوبات، أحكام ختامية، يحل هذا النظام محل نظام التنفيذ لعام 1433هـ، نفاذ النظام بعد مضي (180) يوماً من تاريخ نشره في الجريدة الرسمية.,هيئة الخبراء بمجلس الوزراء,ADD_OFFICIAL_CANONICAL
b5831be8-4f04-41fc-9c7d-b44900879a0d,تنظيم المركز السعودي للتنافسية والأعمال,https://laws.boe.gov.sa/BoeLaws/Laws/LawDetails/b5831be8-4f04-41fc-9c7d-b44900879a0d/1,1447/09/07 هـ,1447/09/24 هـ,تضمن قرار مجلس الوزراء: التعريفات، الشخصية الاعتبارية، اهداف المركز، مجلس إدارة المركز، إشراف المجلس على شؤون المركز، اجتماعات المجلس، الرئيس التنفيذي للمركز، موارد المركز المالية، إيرادات المركز، ميزانية المركز، التدقيق مراجعة حسابات المركز، الحساب يخضع...,هيئة الخبراء بمجلس الوزراء,ADD_OFFICIAL_CANONICAL
a73b2b40-64c8-449e-aa8f-b3ca009257ce,نظام الرقابة المالية,https://laws.boe.gov.sa/BoeLaws/Laws/LawDetails/a73b2b40-64c8-449e-aa8f-b3ca009257ce/1,1447/06/10 هـ,1447/06/21 هـ,تضمن النظام: أحكام عامة، تعريفات، أساليب الرقابة المالية، الرقابة المباشرة، الرقابة الذاتية، الرقابة الرقمية (التقنية)، رقابة التقارير، مسؤولية الجهة الخاضعة للرقابة المالية، الجهات الرقابية، المراقبون الماليون، المخالفات والجزاءات، أحكام ختامية، يحل هذا...,هيئة الخبراء بمجلس الوزراء,ADD_OFFICIAL_CANONICAL
a00f1ac8-0f8c-4b46-86b5-b46500a70504,نظام (قانون) التنظيم الصناعي الموحد لدول مجلس التعاون لدول الخليج العربية,https://laws.boe.gov.sa/BoeLaws/Laws/LawDetails/a00f1ac8-0f8c-4b46-86b5-b46500a70504/1,1447/06/03 هـ,1447/06/14 هـ,تضمن النظام (القانون): تعاريف وأحكام عامة، الترخيص الصناعي، السجل الصناعي، صلاحيات الجهة المختصة، الجزاءات الإدارية، التظلم، رسوم الخدمات، الأحكام الختامية.,هيئة الخبراء بمجلس الوزراء,ADD_OFFICIAL_CANONICAL
b6c66cda-7f2c-408d-94b7-b3d300dbffe8,نظام حماية المؤشرات الجغرافية,https://laws.boe.gov.sa/BoeLaws/Laws/LawDetails/b6c66cda-7f2c-408d-94b7-b3d300dbffe8/1,1447/05/26 هـ,1447/06/07 هـ,تضمن النظام: التعريفات والأهداف ونطاق الحماية، تسجيل المؤشر الجغرافي، إجراءات الضبط والتحقيق والمحاكمة، الإجراءات التحفظية، العقوبات، أحكام ختامية، نفاذ النظام بعد (180) يوماً من تاريخ نشره في الجريدة الرسمية.,هيئة الخبراء بمجلس الوزراء,ADD_OFFICIAL_CANONICAL
3c547223-8703-41cf-a850-b35c00d3ab9a,نظام نزع ملكية العقارات للمصلحة العامة ووضع اليد المؤقت على العقارات,https://laws.boe.gov.sa/BoeLaws/Laws/LawDetails/3c547223-8703-41cf-a850-b35c00d3ab9a/1,1447/03/12 هـ,1447/03/27 هـ,تضمن النظام: تعريفات وأحكام عامة، إجراءات نزع ملكية العقارات، الحصر والتقييم، التعويض والإخلاء، وضع اليد المؤقت على العقارات، أحكام ختامية، نفاذ النظام بعد (120) يوماً من تاريخ نشره في الجريدة الرسمية.,هيئة الخبراء بمجلس الوزراء,ADD_OFFICIAL_CANONICAL
dcdc450d-8afc-40e0-9f05-b36a0090f65e,تنظيم المركز الوطني لسلامة النقل,https://laws.boe.gov.sa/BoeLaws/Laws/LawDetails/dcdc450d-8afc-40e0-9f05-b36a0090f65e/1,1447/03/17 هـ,1447/03/27 هـ,تضمن التنظيم: تعريفات، الشخصية الاعتبارية للمركز، هدف المركز، اختصاصات المركز، مجلس إدارة المركز، اختصاصات وصلاحيات المجلس، اجتماعات المجلس، رئيس المركز التنفيذي مسؤولياته وصلاحياته، النظام الوظيفي لمنسوبي المركز، الميزانية والسنة المالية للمركز، موارد من...,هيئة الخبراء بمجلس الوزراء,ADD_OFFICIAL_CANONICAL
b4edc050-18f3-4b23-aabc-b35b00ddaab7,نظام الإحصاء,https://laws.boe.gov.sa/BoeLaws/Laws/LawDetails/b4edc050-18f3-4b23-aabc-b35b00ddaab7/1,1447/02/10 هـ,1447/02/21 هـ,تضمن النظام: التعريفات، الأهداف، الجهة المسؤولة عن إصدار الإحصاءات الرسمية، تحقق الهيئة من صحة البيانات أو المعلومات، التقيد بالمفاهيم والتعريفات والتصنيفات التي تضعها الهيئة، إصدار التراخيص، تصميم وإجراء التعداد ونشره لأغراض إحصائية، جمع البيانات تعاون...,هيئة الخبراء بمجلس الوزراء,ADD_OFFICIAL_CANONICAL
a1bdadb5-c518-48bb-a1d0-b33000e66fd1,نظام تملك غير السعوديين للعقار,https://laws.boe.gov.sa/BoeLaws/Laws/LawDetails/a1bdadb5-c518-48bb-a1d0-b33000e66fd1/1,1447/01/19 هـ,1447/01/30 هـ,الموافقة علىنظام تملك غير السعوديين للعقار,هيئة الخبراء بمجلس الوزراء,ADD_OFFICIAL_CANONICAL
831af69c-9bad-4f06-9843-b33100926b3c,تنظيم المؤسسة العامة للري,https://laws.boe.gov.sa/BoeLaws/Laws/LawDetails/831af69c-9bad-4f06-9843-b33100926b3c/1,1447/01/13 هـ,1447/01/23 هـ,تضمن التنظيم: التعريفات، الشخصية الاعتبارية، أهداف المؤسسة، مجلس إدارة المؤسسة، عقد اجتماعات المجلس، الرئيس التنفيذي للمجلس، الموارد المالية، أموال المؤسسة، الميزانية السنوية والمؤسسة المالية للمؤسسة، الرقابة المالية، يخضع منسوبو المؤسسة لأحكام نظام العمل...,هيئة الخبراء بمجلس الوزراء,ADD_OFFICIAL_CANONICAL
6d1d7df9-b061-4830-8356-b332009f07ad,تنظيم الهيئة العامة للأمن الغذائي,https://laws.boe.gov.sa/BoeLaws/Laws/LawDetails/6d1d7df9-b061-4830-8356-b332009f07ad/1,1446/11/29 هـ,1446/12/08 هـ,تضمن التنظيم: تعريفات، الشخصية الاعتبارية للهيئة، هدف الهيئة، اختصاصات ومهمات الهيئة، مجلس إدارة الهيئة، صلاحيات واختصاصات مجلس الإدارة، اجتماعات المجلس، رئيس الهيئة التنفيذي مسؤولياته واختصاصاته، موارد الهيئة المالية، الميزانية والسنة المالية للهيئة، نفاذ...,هيئة الخبراء بمجلس الوزراء,ADD_OFFICIAL_CANONICAL
7b3d4c04-1816-4c89-bdc7-b32200e54fee,تنظيم الهيئة العامة للطيران المدني,https://laws.boe.gov.sa/BoeLaws/Laws/LawDetails/7b3d4c04-1816-4c89-bdc7-b32200e54fee/1,1446/11/14 هـ,1446/11/25 هـ,تضمن التنظيم: تعريفات، الشخصية الاعتبارية للهيئة، هدف الهيئة، اختصاصات ومهمات الهيئة، مجلس إدارة الهيئة، اختصاصات وصلاحيات مجلس الإدارة، اجتماعات المجلس، رئيس الهيئة مسؤولياته وصلاحياته، موارد الهيئة، الميزانية والسنة المالية للهيئة، النظام الوظيفي لمنسوبي...,هيئة الخبراء بمجلس الوزراء,ADD_OFFICIAL_CANONICAL
664d871f-7a44-4a52-b653-b2db00b55732,الترتيبات التنظيمية للمركز السعودي لكود البناء,https://laws.boe.gov.sa/BoeLaws/Laws/LawDetails/664d871f-7a44-4a52-b653-b2db00b55732/1,1446/09/04 هـ,1446/09/28 هـ,تضمنت الترتيبات: التعريفات، شخصية المركز، هدف المركز، مهام واختصاصات المركز، تشكيل مجلس إدارة المركز، صلاحيات واختصاصات المجلس، اجتماعات المجلس، رئيس المركز التنفيذي مسؤولياته واختصاصاته، موارد المركز، النظام الوظيفي لمنسوبي المركز، الميزانية والسنة الحساب...,هيئة الخبراء بمجلس الوزراء,ADD_OFFICIAL_CANONICAL
43151145-3b31-47d1-8a6c-b2db00a871d0,تنظيم الهيئة السعودية لتسويق الاستثمار,https://laws.boe.gov.sa/BoeLaws/Laws/LawDetails/43151145-3b31-47d1-8a6c-b2db00a871d0/1,1446/09/04 هـ,1446/09/14 هـ,تضمن التنظيم: تعريفات، شخصية الهيئة، هدف الهيئة واختصاصاتها، مجلس إدارة الهيئة، اختصاصات وصلاحيات المجلس، اجتماعات المجلس، رئيس الهيئة التنفيذي مسؤولياته واختصاصاته، النظام الوظيفي لمنسوبي الهيئة، الميزانية والسنة المالية للهيئة، موارد الهيئة، الحساب نفاذ...,هيئة الخبراء بمجلس الوزراء,ADD_OFFICIAL_CANONICAL
a62c4bd7-03c7-42fb-8356-b2ec00e341d7,ضوابط شراء واستئجار الجهات الحكومية للمركبات,https://laws.boe.gov.sa/BoeLaws/Laws/LawDetails/a62c4bd7-03c7-42fb-8356-b2ec00e341d7/1,1446/07/28 هـ,1446/08/22 هـ,تضمنت الضوابط: التعريفات، أحكام عامة، أنواع المركبات ومواصفاتها، شراء المركبات أو استئجارها، التشغيل والصيانة للمركبات، شروط تسليم المركبة، واجبات الموظف مستخدم المركبة، الجمع بين بدلين، إجراءات الحوادث داخل المدن، التأمين على المركبات الحكومية، التخلص من...,هيئة الخبراء بمجلس الوزراء,ADD_OFFICIAL_CANONICAL
7ac1a448-b042-4c73-8164-b2eb00ceb54f,نظام الطوارئ,https://laws.boe.gov.sa/BoeLaws/Laws/LawDetails/7ac1a448-b042-4c73-8164-b2eb00ceb54f/1,1446/04/17 هـ,1446/08/15 هـ,تضمن النظام: التعريفات، الحدث الطارئ، الهدف من النظام، المجلس الأعلى للطوارئ، إعلان حالة الطوارئ، الهيئة الوطنية لإدارة الطوارئ، أوامر الطوارئ، المعلومات والوثائق، صلاحيات القائمين على تنفيذ أوامر الطوارئ، تعذر تنفيذ الالتزامات بسبب حالة الطوارئ، التعويض،...,هيئة الخبراء بمجلس الوزراء,ADD_OFFICIAL_CANONICAL
479e4f48-d35c-4dac-994b-b2eb00e44c48,تنظيم الهيئة الوطنية لإدارة الطوارئ,https://laws.boe.gov.sa/BoeLaws/Laws/LawDetails/479e4f48-d35c-4dac-994b-b2eb00e44c48/1,1446/04/12 هـ,1446/08/15 هـ,تضمن التنظيم: تعريفات، الهيئة ومركزها النظامي واختصاصاتها، مجلس إدارة الهيئة واختصاصاته، الهيئة وأجهزتها الإدارية، علاقة الهيئة بالجهات الأخرى، الميزانية والموارد المالية، أحكام عامة. نفاذ التنظيم من تاريخ النشر.,هيئة الخبراء بمجلس الوزراء,ADD_OFFICIAL_CANONICAL
48da5c0f-b5a6-4e93-b76c-b33200be0330,نظام المواد البترولية والبتروكيماوية,https://laws.boe.gov.sa/BoeLaws/Laws/LawDetails/48da5c0f-b5a6-4e93-b76c-b33200be0330/1,1446/07/12 هـ,1446/07/24 هـ,حل هذا النظام محل نظام التجارة بالمنتجات البترولية الصادر بالمرسوم الملكي رقم (م / 18) وتاريخ 28 / 1 / 1439هـ، وتضمن: التعريفات، هدف النظام، نطاق تطبيق النظام، ما تحدده اللوائح، شروط مزاولة النشاط، التراخيص، المواصفات القياسية، التزامات المرخص له، بيع لجنة...,هيئة الخبراء بمجلس الوزراء,ADD_OFFICIAL_CANONICAL
a187d565-1a52-45cc-a1de-b2dc00daae23,النظام الأساس لمستشفى الملك خالد التخصصي للعيون ومركز الأبحاث (مؤسسة مستقلة ذات طبيعة خاصة وغير هادفة للربح),https://laws.boe.gov.sa/BoeLaws/Laws/LawDetails/a187d565-1a52-45cc-a1de-b2dc00daae23/1,1446/04/21 هـ,1446/04/29 هـ,تضمن النظام: تعريفات، شخصية المستشفى الاعتبارية، جهة الإشراف على المستشفى وصلاحياتها، الأهلية والحرية الكاملة للمستشفى، اختصاصات وصلاحيات المستشفى وأهدافه، مجلس إدارة المستشفى، اختصاصات وصلاحيات المجلس، اجتماعات المجلس، اللجان المنبثقة عن المجلس، الرئيس في...,هيئة الخبراء بمجلس الوزراء,ADD_OFFICIAL_CANONICAL
eef585a5-c63a-4906-a951-b208009b3eff,نظام ضريبة التصرفات العقارية,https://laws.boe.gov.sa/BoeLaws/Laws/LawDetails/eef585a5-c63a-4906-a951-b208009b3eff/1,1446/03/19 هـ,1446/04/08 هـ,تضمن النظام: تعريفات، نسبة واحتساب ضريبة التصرف العقاري، التصرفات العقارية المعفاة من الضريبة، استحقاق الضريبة وتاريخ التصرف العقاري، سداد الضريبة، التصرف الصوري أو المستتر، مسؤولية سداد الضريبة، التحقق من قيمة التصرف العقاري، تقدير قيمة التصرف العقاري، في...,هيئة الخبراء بمجلس الوزراء,ADD_OFFICIAL_CANONICAL
9bfa5aa2-77cb-4e3d-a3e7-b20a00c3dccb,اللائحة التنظيمية لتأشيرات العمل المؤقت والعمل المؤقت لخدمات الحج والعمرة,https://laws.boe.gov.sa/BoeLaws/Laws/LawDetails/9bfa5aa2-77cb-4e3d-a3e7-b20a00c3dccb/1,1446/03/28 هـ,1446/04/08 هـ,تضمنت اللائحة: تعريفات، تأشيرة العمل المؤقت، تأشيرة العمل المؤقت لخدمات الحج والعمرة، العقوبات، أحكام ختامية، تحل هذه اللائحة محل اللائحة التنظيمية لتأشيرات الأعمال المؤقتة والموسمية، الصادرة بقرار مجلس الوزراء رقم (497) وتاريخ 16/11/1436هـ، يعمل باللائحة...,هيئة الخبراء بمجلس الوزراء,ADD_OFFICIAL_CANONICAL
98ee4b51-d398-4323-ae69-b2b8009f3156,نظام السجل التجاري,https://laws.boe.gov.sa/BoeLaws/Laws/LawDetails/98ee4b51-d398-4323-ae69-b2b8009f3156/1,1446/03/19 هـ,1446/04/01 هـ,حل هذا النظام محل نظام السجل التجاري، الصادر بالمرسوم الملكي رقم (م/1) وتاريخ 1416/2/21هـ،وتضمن: أحكام عامة، القيد في السجل التجاري، شطب القيد في السجل التجاري وتعليقة، الاطلاع على بيانات شهادة القيد وحجيتها، المخالفات، أحكام ختامية، يعمل بالنظام بعد (180)...,هيئة الخبراء بمجلس الوزراء,ADD_OFFICIAL_CANONICAL
d4801a45-7f76-4414-bdca-b20900db6fc4,نظام الأسماء التجارية,https://laws.boe.gov.sa/BoeLaws/Laws/LawDetails/d4801a45-7f76-4414-bdca-b20900db6fc4/1,1446/03/19 هـ,1446/04/01 هـ,حل هذا النظام محل نظام الأسماء التجارية، الصادر بالمرسوم الملكي رقم (م / 15) وتاريخ 12 / 8 / 1420هـ، وتضمن: أحكام عامة، أحكام الاسم التجاري وحجزة وقيده، الإلغاء والشطب وحالاته، المخالفات، أحكام ختامية، يعمل بالنظام بعد (180) يوماً من تاريخ نشره في الجريدة...,هيئة الخبراء بمجلس الوزراء,ADD_OFFICIAL_CANONICAL
ad9ed861-70e6-4d31-9268-b20400d68915,نظام القياس والمعايرة,https://laws.boe.gov.sa/BoeLaws/Laws/LawDetails/ad9ed861-70e6-4d31-9268-b20400d68915/1,1446/03/06 هـ,1446/03/17 هـ,تضمن النظام: التعريفات، اهداف النظام، أحكام النظام، الترخيص، المتطلبات، وحدات القياس، أنشطة الإشراف المترولوجي، للهيئة إسناد أنشطة الإشراف المترولوجي أو جزء منها إلى الجهات المرخصة، مفتشون المجلس، مكافآت مالية للمفتشين، عقوبات مخالف النظام، تشكيل لجنة، من...,هيئة الخبراء بمجلس الوزراء,ADD_OFFICIAL_CANONICAL
738c42bb-a29f-4da7-bed4-b1d300a55f20,نظام جمع التبرعات,https://laws.boe.gov.sa/BoeLaws/Laws/LawDetails/738c42bb-a29f-4da7-bed4-b1d300a55f20/1,1446/02/08 هـ,1446/02/19 هـ,تضمن النظام: التعريفات، الجهات المرخص لها في جمع التبرعات، التبرعات العينية، ما يحظر على الجهة المرخص لهان، حملات جمع التبرعات، الدعوة الى جمع التبرعات، صرف التبرعات، حصيلة جمع التبرعات، مخالفة أحكام النظام، الحجز التحفظي على التبرعات، مخالفات احكام أحكام...,هيئة الخبراء بمجلس الوزراء,ADD_OFFICIAL_CANONICAL
eda86cc3-3a00-4b90-900d-b1d000c8a863,نظام الاستثمار,https://laws.boe.gov.sa/BoeLaws/Laws/LawDetails/eda86cc3-3a00-4b90-900d-b1d000c8a863/1,1446/01/16 هـ,1446/02/12 هـ,تضمن النظام: التعريفات، الهدف من النظام، حرية الاستثمار، حقوق المستثمر، التزامات المستثمر، المحفزات الاستثمارية، التسجيل، قائمة الأنشطة المستثناة، حماية الأمن الوطني، استخدام الوسائل البديلة لتسوية المنازعات، العقوبات، التظلم، الالتزامات بموجب الاتفاقيات...,هيئة الخبراء بمجلس الوزراء,ADD_OFFICIAL_CANONICAL
c487b0ff-8e52-442d-bf62-b1cd009fdc57,نظام المواصفات والجودة,https://laws.boe.gov.sa/BoeLaws/Laws/LawDetails/c487b0ff-8e52-442d-bf62-b1cd009fdc57/1,1446/01/29 هـ,1446/02/12 هـ,الموافقة على نظام المواصفات والجودة,هيئة الخبراء بمجلس الوزراء,ADD_OFFICIAL_CANONICAL
7f147afb-5a81-4744-a4bf-b1cd00b831ea,نظام سلامة المنتجات,https://laws.boe.gov.sa/BoeLaws/Laws/LawDetails/7f147afb-5a81-4744-a4bf-b1cd00b831ea/1,1446/01/29 هـ,1446/02/12 هـ,الموافقة علىنظام سلامة المنتجات,هيئة الخبراء بمجلس الوزراء,ADD_OFFICIAL_CANONICAL
a8ebff8e-412c-4f67-ac5f-b1ca008d18d9,نظام هيئة الرقابة ومكافحة الفساد,https://laws.boe.gov.sa/BoeLaws/Laws/LawDetails/a8ebff8e-412c-4f67-ac5f-b1ca008d18d9/1,1446/01/23 هـ,1446/02/05 هـ,الموافقة علىنظام هيئة الرقابة ومكافحة الفساد,هيئة الخبراء بمجلس الوزراء,ADD_OFFICIAL_CANONICAL
eaee8a20-3a54-4aaf-b0d9-b1ad00998962,نظام التأمينات الاجتماعية,https://laws.boe.gov.sa/BoeLaws/Laws/LawDetails/eaee8a20-3a54-4aaf-b0d9-b1ad00998962/1,1445/12/26 هـ,1445/12/29 هـ,تضمن النظام: الأحكام العامة، تعريفات، فرع المعاشات، فرع الأخطار المهنية والتعويضات الإضافية، تعويضات الأخطار المهنية، تعويض الأمومة، فرع التأمين ضد التعطل عن العمل، الأحكام المشتركة، الأحكام الختامية، النشر والنفاذ.,هيئة الخبراء بمجلس الوزراء,ADD_OFFICIAL_CANONICAL
b615dc50-327f-4e76-a911-b17c00886fa9,تنظيم هيئة الصحة العامة,https://laws.boe.gov.sa/BoeLaws/Laws/LawDetails/b615dc50-327f-4e76-a911-b17c00886fa9/1,1445/10/28 هـ,1445/11/09 هـ,تضمن التنظيم: التعريفات، الشخصية الاعتبارية للهيئة، هدف الهيئة، اختصاصات وصلاحيات الهيئة، مجلس إدارة الهيئة، اختصاصات وصلاحيات مجلس الإدارة، اجتماعات المجلس، رئيس الهيئة التنفيذي مسؤولياته اختصاصاته وصلاحياته، الميزانية والسنة المالية للهيئة، موارد الهيئة...,هيئة الخبراء بمجلس الوزراء,ADD_OFFICIAL_CANONICAL
cc6aa1e2-f6d3-4fb3-9208-b17500e9c0e4,الترتيبات التنظيمية للهيئة السعودية للمياه,https://laws.boe.gov.sa/BoeLaws/Laws/LawDetails/cc6aa1e2-f6d3-4fb3-9208-b17500e9c0e4/1,1445/10/28 هـ,1445/11/09 هـ,تضمنت الترتيبات: التعريفات، الشخصية الاعتبارية للهيئة، هدف الهيئة، اختصاصات وصلاحيات الهيئة، مجلس إدارة الهيئة، اختصاصات وصلاحيات مجلس الإدارة، اجتماعات المجلس، رئيس الهيئة التنفيذي مسؤولياته صلاحياته واختصاصاته، الميزانية والسنة المالية للهيئة، موارد نفاذ...,هيئة الخبراء بمجلس الوزراء,ADD_OFFICIAL_CANONICAL
302fe435-6f39-4170-b12b-b13700bf55bd,نظام الخطوط الحديدية,https://laws.boe.gov.sa/BoeLaws/Laws/LawDetails/302fe435-6f39-4170-b12b-b13700bf55bd/1,1445/08/22 هـ,1445/09/05 هـ,تضمن النظام: التعريفات، حرم الخطوط الحديدية، ترخيص خدمات وأنشطة الخطوط الحديدة والرقابة على أدائها، اتفاقيات الاستخدام ومراجعة الأداء، حماية وسلامة الخطوط الحديدية ومرافقها، التحقيق الفني في حوادث الخطوط الحديدية وعوارضها، عقود امتياز الخطوط الحديدية، نفاذ...,هيئة الخبراء بمجلس الوزراء,ADD_OFFICIAL_CANONICAL
abfdc6be-18f4-4daf-ac9b-b13600b9691e,الترتيبات التنظيمية للمركز الوطني للمناهج,https://laws.boe.gov.sa/BoeLaws/Laws/LawDetails/abfdc6be-18f4-4daf-ac9b-b13600b9691e/1,1445/08/03 هـ,1445/08/27 هـ,تضمنت الترتيبات: تعريفات، الشخصية الاعتبارية للمركز، أهداف المركز، مهمات واختصاصات المركز، مجلس إدارة المركز، اختصاصات وصلاحيات المجلس، اجتماعات المجلس، رئيس المركز التنفيذي مسؤولياته واختصاصاته، موارد المركز، حسابات المركز البنكية، النظام الوظيفي لمنسوبي...,هيئة الخبراء بمجلس الوزراء,ADD_OFFICIAL_CANONICAL
46d3b1b2-6455-466d-8942-b13600c0414c,تنظيم المعهد الوطني للتطوير المهني التعليمي,https://laws.boe.gov.sa/BoeLaws/Laws/LawDetails/46d3b1b2-6455-466d-8942-b13600c0414c/1,1445/08/03 هـ,1445/08/27 هـ,تضمن التنظيم: تعريفات، الشخصية الاعتبارية للمعهد، أهداف المعهد، اختصاصات وصلاحيات المعهد، مجلس أمناء المعهد، اختصاصات وصلاحيات المجلس، اجتماعات المجلس، مدير عام المعهد مسؤولياته واختصاصاته، موارد المعهد، إيرادات المعهد وحساباته البنكية، الميزانية والسنة 8...,هيئة الخبراء بمجلس الوزراء,ADD_OFFICIAL_CANONICAL
80edfc3f-789b-4abf-9920-b13700da43e8,اللائحة التنظيمية للبرامج الاجتماعية والمهنية للأشخاص ذوي الإعاقة,https://laws.boe.gov.sa/BoeLaws/Laws/LawDetails/80edfc3f-789b-4abf-9920-b13700da43e8/1,1445/08/17 هـ,1445/08/27 هـ,تضمنت اللائحة: التعريفات، تقييم الإعاقة، البرامج المهنية، البرامج الاجتماعية، تقديم البرامج، حقوق الأشخاص ذوي الإعاقة، أحكام عامة، تحل هذه اللائحة محل اللائحة الأساسية لبرامج تأهيل المعوقين الصادرة بقرار مجلس الوزراء رقم (34) وتاريخ 1400/3/10هـ، نفاذ بعد...,هيئة الخبراء بمجلس الوزراء,ADD_OFFICIAL_CANONICAL
ce1982e0-5c1c-4f2e-91fa-b13700eeb592,اللائحة التنظيمية للمنشآت الاجتماعية غير الحكومية للأشخاص ذوي الإعاقة,https://laws.boe.gov.sa/BoeLaws/Laws/LawDetails/ce1982e0-5c1c-4f2e-91fa-b13700eeb592/1,1445/08/17 هـ,1445/08/27 هـ,تضمنت اللائحة: التعريفات، ممارسة النشاط، المقابل المالي للتراخيص، اشتراطات اصدار التراخيص، تصنيف المنشآت، التزامات المنشأة، الاشتراطات الواجب توافرها في الكوادر، اشتراطات البنية التحتية، البرامج الاجتماعية، التحقق من استيفاء المنشأة للاشتراطات، نقل ملكية...,هيئة الخبراء بمجلس الوزراء,ADD_OFFICIAL_CANONICAL
6c421c5c-c137-442e-a854-b12200c46ffe,نظام حماية المبلغين والشهود والخبراء والضحايا,https://laws.boe.gov.sa/BoeLaws/Laws/LawDetails/6c421c5c-c137-442e-a854-b12200c46ffe/1,1445/08/08 هـ,1445/08/20 هـ,تضمن النظام: تعريف بالمصطلحات، مسؤولية جهات الرقابة والضبط في إخفاء البيانات والهويات، اتخاذ المحاكم لإجراءات الحماية، برنامج حماية المبلغين والشهود والخبراء والضحايا، طلبات السلطات الأجنبية، شروط القبول في برنامج الحماية، إجراءات دراسة طلب الحماية، إنشاء...,هيئة الخبراء بمجلس الوزراء,ADD_OFFICIAL_CANONICAL
59baf522-f5fb-4a93-8af2-b12100aa28ff,تنظيم الهيئة السعودية للسياحة,https://laws.boe.gov.sa/BoeLaws/Laws/LawDetails/59baf522-f5fb-4a93-8af2-b12100aa28ff/1,1445/08/03 هـ,1445/08/13 هـ,تضمن التنظيم: تعريفات، الشخصية الاعتبارية للهيئة، هدف الهيئة واختصاصاتها، تقارير قياس تجربة الزائر، تشكيل مجلس إدارة الهيئة، اختصاصات وصلاحيات مجلس الإدارة، اجتماعات المجلس، رئيس الهيئة التنفيذي مسؤولياته وصلاحياته، موارد وإيرادات الهيئة، الميزانية والسنة...,هيئة الخبراء بمجلس الوزراء,ADD_OFFICIAL_CANONICAL
8799f302-3ad8-41ae-a8d8-b11d008a40f6,نظام صندوق البنية التحتية الوطني,https://laws.boe.gov.sa/BoeLaws/Laws/LawDetails/8799f302-3ad8-41ae-a8d8-b11d008a40f6/1,1445/08/01 هـ,1445/08/06 هـ,تضمن النظام: التعريفات، شخصية الصندوق، هدف الصندوق، اختصاصات وصلاحيات الصندوق، إبرام العقود والاتفاقيات ومذكرات التفاهم، مجلس إدارة الصندوق، اختصاصات المجلس، اجتماعات المجلس، رئيس الصندوق التنفيذي مسؤولياته صلاحياته ومهماته، الميزانية والسنة المالية موارد...,هيئة الخبراء بمجلس الوزراء,ADD_OFFICIAL_CANONICAL
99613e6a-6b85-423c-87af-b0ec00b4633e,نظام بيع وتأجير مشروعات عقارية على الخارطة,https://laws.boe.gov.sa/BoeLaws/Laws/LawDetails/99613e6a-6b85-423c-87af-b0ec00b4633e/1,1445/03/10 هـ,1445/06/23 هـ,تضمن النظام: التعريفات، الأنشطة التي تسري عليها أحكام النظام، التقييد في سجل المطورين، صلاحيات ومهمات الجهة المختصة، متطلبات الحصول على ترخيص للمشروع العقاري، قيد الشخص الطبيعي والترخيص له، أحكام التأشير على صك العقار المراد تطويره، حساب الضمان، القوائم في...,هيئة الخبراء بمجلس الوزراء,ADD_OFFICIAL_CANONICAL
6df93eb2-af1f-4c0b-bb4e-b0ec00a5e4ea,الترتيبات التنظيمية للهيئة السعودية للألعاب والرياضات الإلكترونية,https://laws.boe.gov.sa/BoeLaws/Laws/LawDetails/6df93eb2-af1f-4c0b-bb4e-b0ec00a5e4ea/1,1445/06/06 هـ,1445/06/16 هـ,تضمنت الترتيبات: التعريفات، الشخصية الاعتبارية للهيئة، هدف الهيئة، اختصاصات الهيئة، مجلس إدارة الهيئة، اختصاصات وصلاحيات المجلس، اجتماعات المجلس، رئيس الهيئة التنفيذي مسؤولياته واختصاصاته، النظام الوظيفي لمنسوبي الهيئة، الموارد المالية للهيئة، إيرادات نفاذ...,هيئة الخبراء بمجلس الوزراء,ADD_OFFICIAL_CANONICAL
191dfdfc-b28f-443e-bb13-b0d600cb6e71,تنظيم المؤسسة العامة للمحافظة على الشعب المرجانية والسلاحف في البحر الأحمر,https://laws.boe.gov.sa/BoeLaws/Laws/LawDetails/191dfdfc-b28f-443e-bb13-b0d600cb6e71/1,1445/05/14 هـ,1445/05/24 هـ,تضمن التنظيم: التعريفات، الشخصية الاعتبارية للمؤسسة، نطاق عمل المؤسسة الجغرافي، هدف المؤسسة، اختصاصات المؤسسة، مجلس إدارة المؤسسة، اختصاصات وصلاحيات المجلس، اجتماعات المجلس، أمين المجلس ومهماته، رئيس المؤسسة التنفيذي صلاحياته ومهماته، موارد المؤسسة، والسنة...,هيئة الخبراء بمجلس الوزراء,ADD_OFFICIAL_CANONICAL
fa6e1c30-cf23-49ff-9573-b0d600a82c9f,تنظيم المركز الوطني لنظم الموارد الحكومية,https://laws.boe.gov.sa/BoeLaws/Laws/LawDetails/fa6e1c30-cf23-49ff-9573-b0d600a82c9f/1,1445/05/14 هـ,1445/05/24 هـ,يحل التنظيم محل الترتيبات التنظيمية للمركز الوطني لنظم الموارد الحكومية، الصادرة بقرار مجلس الوزراء رقم (682) وتاريخ 19 / 11 / 1442هـ، وتضمن: التعريفات، الشخصية الاعتبارية للمركز، هدف المركز، اختصاصات ومهمات المركز، مجلس إدارة المركز، اختصاصات وصلاحيات أو...,هيئة الخبراء بمجلس الوزراء,ADD_OFFICIAL_CANONICAL
0a8d8ccf-dfc2-49a2-9881-ac3200aec3a0,تنظيم مجمع الملك سلمان العالمي للغة العربية,https://laws.boe.gov.sa/BoeLaws/Laws/LawDetails/0a8d8ccf-dfc2-49a2-9881-ac3200aec3a0/1,1442/01/13 هـ,1445/05/10 هـ,الموافقة علىتنظيم مجمع الملك سلمان العالمي للغة العربية الصادر بقرار مجلس الوزراء رقم (34) وتاريخ 1442/1/13هـ.,هيئة الخبراء بمجلس الوزراء,ADD_OFFICIAL_CANONICAL
87a6bf6e-e4e2-468d-bd9e-b0b400a55bbb,تنظيم الهيئة السعودية للبحر الأحمر,https://laws.boe.gov.sa/BoeLaws/Laws/LawDetails/87a6bf6e-e4e2-468d-bd9e-b0b400a55bbb/1,1445/04/16 هـ,1445/04/26 هـ,صدر قرار مجلس الوزراء رقم (306) وتاريخ 1445/4/16هـ بالموافقة علىتنظيم الهيئة السعودية للبحر الأحمر و يحل التنظيم محل الترتيبات التنظيمية للهيئة السعودية للبحر الأحمر الصادرة بقرار مجلس الوزراء رقم (249) وتاريخ 1443/4/25هـ.,هيئة الخبراء بمجلس الوزراء,ADD_OFFICIAL_CANONICAL
159008ad-198a-4439-b28b-b081009b92c2,نظام صندوق التنمية الزراعية.,https://laws.boe.gov.sa/BoeLaws/Laws/LawDetails/159008ad-198a-4439-b28b-b081009b92c2/1,1445/02/20 هـ,1445/02/30 هـ,تضمن النظام: تعريفات، الشخصية الاعتبارية للصندوق، الأهداف، الاختصاصات، الأحكام التي يتم مراعاتها في تقديم القروض والمستفيدون منها، مجلس الإدارة ومهامه، الرئيس التنفيذي ومهامه، الميزانية والموارد المالية، النظام الوظيفي لمنسوبي الصندوق، الرقابة المالية، بعد...,هيئة الخبراء بمجلس الوزراء,ADD_OFFICIAL_CANONICAL
532f29b6-5422-4f5b-9df3-b08000b06864,تنظيم الهيئة العامة لتنظيم الإعلام,https://laws.boe.gov.sa/BoeLaws/Laws/LawDetails/532f29b6-5422-4f5b-9df3-b08000b06864/1,1445/02/27 هـ,1445/02/30 هـ,صدر قرار مجلس الوزراء رقم (174) وتاريخ 1445/2/27هـ بالموافقة عىتنظيم الهيئة العامة لتنظيم الإعلام,هيئة الخبراء بمجلس الوزراء,ADD_OFFICIAL_CANONICAL
e52b691a-785c-42a7-8916-b07d00e4fd38,نظام حقوق الأشخاص ذوي الإعاقة,https://laws.boe.gov.sa/BoeLaws/Laws/LawDetails/e52b691a-785c-42a7-8916-b07d00e4fd38/1,1445/02/11 هـ,1445/02/23 هـ,تضمن النظام: تعريفات ومبادئ عامة، أهداف النظام، الحقوق والخدمات، الدعم الاجتماعي والاقتصادي، المخالفات والعقوبات، ما يحظر على الجهات الحكومية، لجان النظر، إلغاء نظام رعاية المعوقين لعام 1421هـ، نفاذ النظام بعد (120) يوما من تاريخ نشره في جريدة أم القرى.,هيئة الخبراء بمجلس الوزراء,ADD_OFFICIAL_CANONICAL
6994e763-5a47-4c4e-b796-b08000dccc7d,تنظيم هيئة التأمين,https://laws.boe.gov.sa/BoeLaws/Laws/LawDetails/6994e763-5a47-4c4e-b796-b08000dccc7d/1,1445/01/28 هـ,1445/02/09 هـ,تضمن التنظيم: تعريفات، الشخصية الاعتبارية للهيئة، أهداف الهيئة ومهامها، مجلس إدارة الهيئة ومهامه، الرئيس التنفيذي للهيئة ومهامه، موارد الهيئة، الميزانية والسنة المالية، الرقابة المالية، النظام الوظيفي لمنسوبي الهيئة، نفاذ التنظيم بعد (90) يوما من تاريخ...,هيئة الخبراء بمجلس الوزراء,ADD_OFFICIAL_CANONICAL
b9fbe3d4-2952-4f9b-b881-b05d008baeec,لائحة حقوق والتزامات مستخدمي وسائل النقل العام,https://laws.boe.gov.sa/BoeLaws/Laws/LawDetails/b9fbe3d4-2952-4f9b-b881-b05d008baeec/1,1445/01/14 هـ,1445/01/24 هـ,تضمنت اللائحة: تعريفات، تقديم خدمات وسائل النقل العام دون تمييز، عمر الراكب للحصول على الخدمة بن المدن وداخل المدن، مسؤولية سلوك الأبناء القصر، تجهيز وسيلة النقل بالأدوات اللازمة لخدمة الأشخاص ذوي الإعاقة، حالات رفض تقديم الخدمة للأشخاص ذوي الإعاقة، حقوق...,هيئة الخبراء بمجلس الوزراء,ADD_OFFICIAL_CANONICAL
469689de-5af0-4c28-b96c-b05a008bdda3,نظام استخدام وحماية شارة واسم الهلال الأحمر وما في حكمهما,https://laws.boe.gov.sa/BoeLaws/Laws/LawDetails/469689de-5af0-4c28-b96c-b05a008bdda3/1,1445/01/06 هـ,1445/01/17 هـ,تضمن النظام: تعريفات، هدف النظام، شكل شارة الهلال الأحمر، استخدامات الشارة واسم الهلال الأحمر وما في حكمهما، استخدام شارات مكونات الحركة الدولية في المملكة، استخدام الشارة في وقت النزاع المسلح وفي وقت السلم، استخدام الشارة للمنشآت الطبية العسكرية والمدنية...,هيئة الخبراء بمجلس الوزراء,ADD_OFFICIAL_CANONICAL
5efb6f40-d859-47e6-9c8a-b04500943ecc,نظام المساهمات العقارية,https://laws.boe.gov.sa/BoeLaws/Laws/LawDetails/5efb6f40-d859-47e6-9c8a-b04500943ecc/1,1444/12/28 هـ,1445/01/03 هـ,تضمن النظام: تعريفات، تنظيم نشاط المساهمات العقارية، طرح المساهمات العقارية، الترخيص والاشتراكات، إدارة المساهمات العقارية، جمعية المساهمين، انقضاء المساهمة العقارية، المخالفات والعقوبات، أحكام ختامية، ينفذ النظام بعد (120) يوما من تاريخ نشره.,هيئة الخبراء بمجلس الوزراء,ADD_OFFICIAL_CANONICAL
2a2a2b5d-ceb3-4d1f-893e-b058008b5638,تنظيم المعهد الملكي للفنون التقليدية,https://laws.boe.gov.sa/BoeLaws/Laws/LawDetails/2a2a2b5d-ceb3-4d1f-893e-b058008b5638/1,1444/12/23 هـ,1445/01/03 هـ,تضمن التنظيم: تعريفات، شخصية المعهد واستقلاله وارتباطه التنظيمي ومقره وفروعه، أهداف المعهد، اختصاصات وصلاحيات ومهمات المعهد، مجلس أمناء المعهد، صلاحيات ومهمات مجلس الأمناء، اجتماعات المجلس، رئيس المعهد التنفيذي صلاحياته ومهماته، مجلس المعهد العلمي، صلاحيات...,هيئة الخبراء بمجلس الوزراء,ADD_OFFICIAL_CANONICAL
db8ba5c5-726b-471a-aeb0-b02800a195fd,تنظيم وكالة الفضاء السعودية,https://laws.boe.gov.sa/BoeLaws/Laws/LawDetails/db8ba5c5-726b-471a-aeb0-b02800a195fd/1,1444/11/24 هـ,1444/12/05 هـ,\- صدر قرار مجلس الوزراء رقم (821) وتاريخ 1444/11/24هـ المتضمن الموافقة علىتنظيم وكالة الفضاء السعودية. ويحل هذا التنظيم محل الترتيبات التنظيمية الصادرة بقرار مجلس الوزراء رقم (209) وتاريخ 1440/4/25هـ,هيئة الخبراء بمجلس الوزراء,ADD_OFFICIAL_CANONICAL
655fdb42-8c96-422b-b8c4-b04f0095c94c,نظام المعاملات المدنية,https://laws.boe.gov.sa/BoeLaws/Laws/LawDetails/655fdb42-8c96-422b-b8c4-b04f0095c94c/1,1444/11/29 هـ,1444/12/01 هـ,تضمن النظام: تطبيق النظام، الأشخاص، الأشياء والأموال، أنواع الحق، الحقوق الشخصية، الالتزامات، العقد، الضرر والتعويض، الأوصاف العارضة على الالتزام، انتقال الالتزام، انقضاء الالتزام، العقود، الحقوق العينية، أحكام ختامية، قواعد كلية، نفاذ النظام بعد (180) من...,هيئة الخبراء بمجلس الوزراء,ADD_OFFICIAL_CANONICAL
f6093ffa-cdb4-4b47-86b1-b025008fdf45,تنظيم وكالة الأنباء السعودية,https://laws.boe.gov.sa/BoeLaws/Laws/LawDetails/f6093ffa-cdb4-4b47-86b1-b025008fdf45/1,1444/07/23 هـ,1444/11/27 هـ,تضمن التنظيم: تعريفات، شخصية الوكالة واستقلاله وارتباطها التنظيمي ومقرها الرئيس وفروعها، هدف الوكالة، مهمات واختصاصات الوكالة، مجلس إدارة الوكالة، اجتماعات المجلس، اختصاصات وصلاحيات المجلس، رئيس الوكالة مسؤولياته واختصاصاته، موارد الوكالة، إعفاء واردات من...,هيئة الخبراء بمجلس الوزراء,ADD_OFFICIAL_CANONICAL
caca1b4d-f344-444b-a1f3-afce00d6840b,ضوابط إيقاف الخدمات,https://laws.boe.gov.sa/BoeLaws/Laws/LawDetails/caca1b4d-f344-444b-a1f3-afce00d6840b/1,1444/08/15 هـ,1444/08/25 هـ,نبذة الوثيقة تضمنت الضوابط : التعريفات ، ضوابط عامة ، ضوابط إيقاف الخدمات للأفراد ، ضوابط إيقاف الخدمات لقطاع الأعمال ، المنصة الإلكترونية. تنفذ الضوابط بعد (360) يوماً من تاريخ نشرها في الجريدة الرسمية . \- صدر قرار مجلس الوزراء رقم (307) وتاريخ وذلك في...,هيئة الخبراء بمجلس الوزراء,ADD_OFFICIAL_CANONICAL
03bf8e11-bc72-4996-96d5-afc000b859f3,تنظيم مدينة الملك عبدالعزيز للعلوم والتقنية,https://laws.boe.gov.sa/BoeLaws/Laws/LawDetails/03bf8e11-bc72-4996-96d5-afc000b859f3/1,1444/07/23 هـ,1444/08/04 هـ,حل هذا التنظيم محل نظام مدينة الملك عبدالعزيز للعلوم والتقنية لعام 1406هـ ، وتضمن: تعريفات، شخصية المدينة وارتباطها التنظيمي ومقرها، تعد المدينة مركز المختبرات الوطنية في المجالات العلمية والتقنية والبحثية، اختصاصات المدينة، مجلس إدارة . ...,هيئة الخبراء بمجلس الوزراء,ADD_OFFICIAL_CANONICAL
58c61d55-df5b-4820-b2d6-afd300bc7e1e,الترتيبات التنظيمية لهيئة تنمية البحث والتطوير والابتكار,https://laws.boe.gov.sa/BoeLaws/Laws/LawDetails/58c61d55-df5b-4820-b2d6-afd300bc7e1e/1,1444/07/23 هـ,1444/08/04 هـ,نبذة الوثيقة تضمنت الترتيبات : تعريفات ، شخصية الهيئة وارتباطها التنظيمي ومقرها ، هدف الهيئة ، اختصاصات ومهمات الهيئة ، مجلس إدارة الهيئة ، اختصاصات وصلاحيات المجلس ، اجتماعات المجلس ، محافظ الهيئة مسؤولياته وصلاحياته ، نواب المحافظ ، النظام الوظيفي ، ، ،...,هيئة الخبراء بمجلس الوزراء,ADD_OFFICIAL_CANONICAL
aac8d59d-b423-4890-89f1-af9900a57ca3,الترتيبات التنظيمية للهيئة العامة للأمن الغذائي,https://laws.boe.gov.sa/BoeLaws/Laws/LawDetails/aac8d59d-b423-4890-89f1-af9900a57ca3/1,1444/06/24 هـ,1444/07/05 هـ,تضمنت الترتيبات التنظيمية: تعريفات ، الشخصية الاعتبارية للهيئة ، أهداف الهيئة ، اختصاصات الهيئة ، مجلس الإدارة ، محافظ الهيئة ، الميزانية والموارد المالية والحساب الختامي ، الرقابة المالية ، نفاذ الترتيبات من تاريخ نشرها وإلغاء تنظيم المؤسسة...,هيئة الخبراء بمجلس الوزراء,ADD_OFFICIAL_CANONICAL
c1777105-e927-4fa8-978d-af9900e23e18,نظام إمدادات الطاقة,https://laws.boe.gov.sa/BoeLaws/Laws/LawDetails/c1777105-e927-4fa8-978d-af9900e23e18/1,1444/06/04 هـ,1444/06/13 هـ,تضمن النظام: تعريفات، تشكيل لجنة تخصيص الطاقة، تخصيص الطاقة للمستهلك، التراخيص والمقابل المالي لها، المخالفات والعقوبات، التفتيش، نفاذ النظام بعد 60 يوما من تاريخ نشره ماعدا المادة الثالثة تكون نافذه من تاريخ اصدار النظام، يحل هذا النظام محل...,هيئة الخبراء بمجلس الوزراء,ADD_OFFICIAL_CANONICAL
df2f2e83-ba65-4564-8c6f-ae2900cd879a,الترتيبات التنظيمية للمركز الوطني للنخيل والتمور,https://laws.boe.gov.sa/BoeLaws/Laws/LawDetails/df2f2e83-ba65-4564-8c6f-ae2900cd879a/1,1443/06/08 هـ,1444/05/29 هـ,تضمنت الترتيبات: تعريفات، شخصية المركز واستقلاله وارتباطه ومقره الرئيسي وفروعه، هدف المركز واختصاصاته، مجلس إدارة المركز، صلاحيات واختصاصات المجلس، اجتماعات المجلس، رئيس المركز التنفيذي مهامه ومسؤولياته، الاعتمادات المالية، ميزانية المركز، موارد المركز...,هيئة الخبراء بمجلس الوزراء,ADD_OFFICIAL_CANONICAL
ddbe2b46-01ab-43b0-9fd8-af6300c1a649,الترتيبات التنظيمية للمركز الوطني لسلامة النقل,https://laws.boe.gov.sa/BoeLaws/Laws/LawDetails/ddbe2b46-01ab-43b0-9fd8-af6300c1a649/1,,,\- صدر قرار مجلس الوزراء رقم (340) وتاريخ 1444/5/5هـ، وذلك بالموافقة على الترتيبات التنظيمية للمركز الوطني لسلامة النقل.,هيئة الخبراء بمجلس الوزراء,ADD_OFFICIAL_CANONICAL
319fe343-cafd-4638-bc7d-af5e00b16b6b,نظام المعالجات التجارية في التجارة الدولية,https://laws.boe.gov.sa/BoeLaws/Laws/LawDetails/319fe343-cafd-4638-bc7d-af5e00b16b6b/1,1444/04/29 هـ,1444/05/08 هـ,تضمن النظام: أحكام عامة وتعريفات، هدف النظام، الجهات التنفيذية ومهماتها، التدابير النهائية، التدابير المؤقتة، الشكاوى والتحقيقات والمراجعات، مكافحة التحايل، فرض وتحصيل التدابير والإعلان العام، المصلحة العامة، سرية المعلومات، المراجعة أحكام...,هيئة الخبراء بمجلس الوزراء,ADD_OFFICIAL_CANONICAL
2ed6dfe1-d66e-41c8-bdf6-af4800cb050d,نظام بنك المنشآت الصغيرة والمتوسطة,https://laws.boe.gov.sa/BoeLaws/Laws/LawDetails/2ed6dfe1-d66e-41c8-bdf6-af4800cb050d/1,1444/04/08 هـ,1444/04/17 هـ,تضمن النظام: تعريفات، الشخصية الاعتبارية للبنك، الارتباط الإداري، المقر، أهداف البنك، الصلاحيات، مجلس الإدارة، الرئيس التنفيذي، الميزانية، الموارد المالية، الرقابة والتفتيش، التقرير السنوي، نظام العمل، نفاذ النظام من تاريخ نشره.,هيئة الخبراء بمجلس الوزراء,ADD_OFFICIAL_CANONICAL
f3a44a6f-9217-478b-b7ca-af3401391514,نظام استخدام كاميرات المراقبة الأمنية,https://laws.boe.gov.sa/BoeLaws/Laws/LawDetails/f3a44a6f-9217-478b-b7ca-af3401391514/1,1444/03/07 هـ,1444/03/11 هـ,تضمن النظام: تعريفات، ما تطبق عليه أحكام النظام، الترخيص للخاضعين لأحكام النظام، التزامات الخاضعين لأحكام النظام، نشاط تصنيع أو استيراد كاميرات المراقبة، الأماكن التي يحضر تركيب الكاميرات الأمنية داخلها، مشاهدة بث وتسجيلات الكاميرات، تطوير...,هيئة الخبراء بمجلس الوزراء,ADD_OFFICIAL_CANONICAL
d4a64a81-307e-4899-a555-af34014304ad,اللائحة التنظيمية للجان إصلاح ذات البين في إمارات المناطق,https://laws.boe.gov.sa/BoeLaws/Laws/LawDetails/d4a64a81-307e-4899-a555-af34014304ad/1,1444/02/10 هـ,1444/02/20 هـ,تضمنت اللائحة: تشكيل لجنة الإصلاح في كل منطقة، مهام اللجنة، أعضاء اللجنة، اجتماعاتها، أمين اللجنة ومهامه، التحقق من الشروط لبداية اللجنة أعمالها، تدوين الصلح، الصلح بمقابل، المختص المالي، التقرير السنوي للجنة، اللجنة الدائمة للإشراف على نفاذ...,هيئة الخبراء بمجلس الوزراء,ADD_OFFICIAL_CANONICAL
c3825760-995a-4f0e-83ca-af230115f2f5,النظام الأساس لجامعة الملك سعود (مؤسسة أكاديمية مستقلة غير هادفة للربح),https://laws.boe.gov.sa/BoeLaws/Laws/LawDetails/c3825760-995a-4f0e-83ca-af230115f2f5/1,1444/02/09 هـ,1444/02/13 هـ,تضمن النظام: تعريفات، الشخصية الاعتبارية للجامعة، الارتباط الإداري والإشراف، اختصاصات مجلس إدارة الهيئة الملكية لمدينة الرياض، الحريات والحقوق لأعضاء هيئة التدريس، أهداف الجامعة، مجلس إدارة الجامعة، المجالس العلمية والأكاديمية، رئيس الجامعة، النظام الوظيفي...,هيئة الخبراء بمجلس الوزراء,ADD_OFFICIAL_CANONICAL
7d777c66-d28b-43de-9305-af23013b1738,نظام السياحة,https://laws.boe.gov.sa/BoeLaws/Laws/LawDetails/7d777c66-d28b-43de-9305-af23013b1738/1,1444/01/26 هـ,1444/02/06 هـ,حل هذا النظام محل نظام السياحة لعام 1436هـ، وتضمن: التعريفات، التراخيص والتصاريح، التزامات المرخص له، مهام وزارة السياحة والجهات الحكومية، التزامات الجهات الحكومية والجهات الخاصة، تحديد الوجهات السياحية، حظر الإساءة إلى سمعة السياحة في المملكة...,هيئة الخبراء بمجلس الوزراء,ADD_OFFICIAL_CANONICAL
0640036c-6e31-4479-9c8c-aef800e34d96,الترتيبات التنظيمية للهيئة السعودية لتسويق الاستثمار,https://laws.boe.gov.sa/BoeLaws/Laws/LawDetails/0640036c-6e31-4479-9c8c-aef800e34d96/1,,,صدر قرار مجلس الوزراء رقم (13) وتاريخ 1444/1/4هـ ، المتضمن الموافقة علىالترتيبات التنظيمية للهيئة السعودية لتسويق الاستثمار,هيئة الخبراء بمجلس الوزراء,ADD_OFFICIAL_CANONICAL
c6b7358c-cc66-4a6b-8694-aef800d07e5e,الترتيبات التنظيمية للهيئة العامة للطرق,https://laws.boe.gov.sa/BoeLaws/Laws/LawDetails/c6b7358c-cc66-4a6b-8694-aef800d07e5e/1,1444/01/04 هـ,1444/01/14 هـ,تضمنت الترتيبات: إنشاء الهيئة العامة للطرق، تعريفات، الشخصية الاعتبارية للهيئة وارتباطها التنظيمي، أهداف الهيئة ومهامها، مجلس إدارة الهيئة ومهماته، الرئيس التنفيذي للهيئة ومهامه، النظام الوظيفي لمنسوبي الهيئة، الميزانية والسنة المالية، نفاذ...,هيئة الخبراء بمجلس الوزراء,ADD_OFFICIAL_CANONICAL
220f5444-31ee-4132-8712-aeee00ac1ba3,نظام استئجار الدولة للعقار,https://laws.boe.gov.sa/BoeLaws/Laws/LawDetails/220f5444-31ee-4132-8712-aeee00ac1ba3/1,1443/12/28 هـ,1444/01/07 هـ,يحل هذا النظام محل نظام استئجار الدولة للعقار وإخلائه، الصادر بالمرسوم الملكي رقم (م/61) وتاريخ 18/9/1427هـ، وتضمن: التعريفات، أهداف النظام، شروط الاستئجار، إجراءات الاستئجار، مدة عقد الاستئجار وإبرامه، إنهاء عقد الاستئجار وإخلاء العقار، أحكام عامة، أحكام...,هيئة الخبراء بمجلس الوزراء,ADD_OFFICIAL_CANONICAL
1ad6bc9a-eec1-4dd4-be16-af34010b4cbd,تنظيم الهيئة العليا للأمن الصناعي,https://laws.boe.gov.sa/BoeLaws/Laws/LawDetails/1ad6bc9a-eec1-4dd4-be16-af34010b4cbd/1,1443/12/27 هـ,1444/01/07 هـ,تضمن التنظيم: تعريفات، شخصية الهيئة الاعتبارية، وارتباطها الإداري، المقر، الأهداف، مجلس الإدارة ومهامه، المحافظ وصلاحياته، النظام الوظيفي لمنسوبي الهيئة، الميزانية والموارد المالية، الاعفاء الجمركي، التقرير السنوي، الرقابة المالية، نشر...,هيئة الخبراء بمجلس الوزراء,ADD_OFFICIAL_CANONICAL
39ee8b3c-770c-4e20-84bf-b33200b5b50a,تنظيم مدينة الملك عبدالله للطاقة الذرية والمتجددة,https://laws.boe.gov.sa/BoeLaws/Laws/LawDetails/39ee8b3c-770c-4e20-84bf-b33200b5b50a/1,1443/11/15 هـ,1443/12/30 هـ,تجرررربه,هيئة الخبراء بمجلس الوزراء,ADD_OFFICIAL_CANONICAL
a8376aea-1bc3-49d4-9027-aed900b555af,نظام الشركات,https://laws.boe.gov.sa/BoeLaws/Laws/LawDetails/a8376aea-1bc3-49d4-9027-aed900b555af/1,1443/12/01 هـ,1443/12/23 هـ,نبذة النظام: حل هذا النظام محل نظام الشركات الصادر بالمرسوم الملكي رقم (م/3) وتاريخ 28/1/1437هـ، ونظام الشركات المهنية الصادر بالمرسوم الملكي رقم (م/17) وتاريخ 26/1/1441هـ، وتضمن: أحكام عامة، التعريفات، شركة التضامن، شركة التوصية البسيطة، شركة المساهمة،...,هيئة الخبراء بمجلس الوزراء,ADD_OFFICIAL_CANONICAL
f1bfd1f1-0c50-468e-b9a5-aeee008e493a,نظام الوساطة العقارية,https://laws.boe.gov.sa/BoeLaws/Laws/LawDetails/f1bfd1f1-0c50-468e-b9a5-aeee008e493a/1,1443/11/30 هـ,1443/12/23 هـ,ألغى هذا النظام لائحة تنظيم المكاتب العقارية لعام 1398هـ وتضمن: التعريفات، أهداف النظام، الترخيص بمزاولة النشاط، صلاحيات الهيئة، صلاحيات المجلس، عقد الوساطة، التزامات الوسيط العقاري، العربون وعمولة الوساطة، الرقابة والتفتيش، ضبط المخالفات، ،...,هيئة الخبراء بمجلس الوزراء,ADD_OFFICIAL_CANONICAL
ae610645-e094-48ef-814e-aeb4009d244f,نظام الاتصالات وتقنية المعلومات,https://laws.boe.gov.sa/BoeLaws/Laws/LawDetails/ae610645-e094-48ef-814e-aeb4009d244f/1,1443/11/02 هـ,1443/11/11 هـ,حل هذا النظام محل نظام الاتصالات لعام 1422هـ وتضمن: تعريفات، الأهداف، الإشراف على قطاع الاتصالات ومهام الوزارة، التراخيص وتجديدها والمقابل المالي لها، التزامات مقدم الخدمة، الطيف الترددي وإدارته، مهام الهيئة، الاتصال البيني والنفاذ، استخدام العقارات، حماية...,هيئة الخبراء بمجلس الوزراء,ADD_OFFICIAL_CANONICAL
bc27d6e4-560a-4778-9364-aeac00ca7e3b,تنظيم مركز الإقامة المميزة,https://laws.boe.gov.sa/BoeLaws/Laws/LawDetails/bc27d6e4-560a-4778-9364-aeac00ca7e3b/1,1443/10/16 هـ,1443/11/04 هـ,تضمن التنظيم: تعريفات، شخصية المركز وارتباطه التنظيمي ومقره الرئيس وفروعه، هدف المركز، اختصاصات ومسؤوليات المركز، مجلس إدارة المركز، صلاحيات واختصاصات مجلس الإدارة، اجتماعات المجلس، رئيس المركز التنفيذي مسؤولياته صلاحياته واختصاصاته، أمين المجلس ومهماته،...,هيئة الخبراء بمجلس الوزراء,ADD_OFFICIAL_CANONICAL
c9756bfb-ff81-4226-a820-ae8200dc074c,نظام التسجيل العيني للعقار,https://laws.boe.gov.sa/BoeLaws/Laws/LawDetails/c9756bfb-ff81-4226-a820-ae8200dc074c/1,1443/09/19 هـ,1443/10/12 هـ,الموافقة علىنظام التسجيل العيني للعقار,هيئة الخبراء بمجلس الوزراء,ADD_OFFICIAL_CANONICAL
d7e8efd3-4021-4413-8255-ae7c00f190de,اللائحة التنفيذية لنظام التكاليف القضائية,https://laws.boe.gov.sa/BoeLaws/Laws/LawDetails/d7e8efd3-4021-4413-8255-ae7c00f190de/1,1443/09/11 هـ,1443/09/21 هـ,الموافقة علىاللائحة التنفيذية لنظام التكاليف القضائية,هيئة الخبراء بمجلس الوزراء,ADD_OFFICIAL_CANONICAL
4d72d829-947b-45d5-b9b5-ae5800d6bac2,نظام الأحوال الشخصية,https://laws.boe.gov.sa/BoeLaws/Laws/LawDetails/4d72d829-947b-45d5-b9b5-ae5800d6bac2/1,1443/08/06 هـ,1443/08/15 هـ,تضمن النظام: الزواج، الخطبة، أحكام عامة للزواج، أركان عقد الزواج وشروطه، حقوق الزوجين، آثار عقد الزواج، النفقة، النسب، الفرقة بين الزوجين، أحكام عامة للفرقة، الطلاق، الخلع، فسخ عقد الزواج، آثار الفرقة بين الزوجين، العدة، الحضانة، الوصاية والولاية، أحكام من...,هيئة الخبراء بمجلس الوزراء,ADD_OFFICIAL_CANONICAL
3c63e654-4046-468d-93fd-ae1a00de13be,نظام حقوق كبير السن ورعايته,https://laws.boe.gov.sa/BoeLaws/Laws/LawDetails/3c63e654-4046-468d-93fd-ae1a00de13be/1,1443/06/03 هـ,1443/06/11 هـ,الموافقة علىنظام حقوق كبير السن ورعايته ، ويعمل بالنظام بعد ( 90 ) يوم من تاريخ نشرهـ.,هيئة الخبراء بمجلس الوزراء,ADD_OFFICIAL_CANONICAL
2716057c-c097-4bad-8e1e-ae1400c678d5,نظام الإثبات,https://laws.boe.gov.sa/BoeLaws/Laws/LawDetails/2716057c-c097-4bad-8e1e-ae1400c678d5/1,1443/05/26 هـ,1443/06/04 هـ,تضمن النظام: أحكام عامة عن ا لإثبات، الإقرار، استجواب الخصوم، المحررات الرسمية، المحررات العادية، إلزام الخصم بتقديم المحررات، إثبات صحة المحررات، تحقيق الخطوط، دعوى التزوير، الكتابة، الدليل الرقمي، الشهادة، القرائن وحجية الأمر المقضي، العرف، اليمين أحكام...,هيئة الخبراء بمجلس الوزراء,ADD_OFFICIAL_CANONICAL
cdb31382-3f97-4232-82e8-ae0b00dc2727,النظام الأساس لمستشفى الملك فيصل التخصصي ومركز الأبحاث (مؤسسة مستقلة ذات طبيعة خاصة وغير هادفة للربح),https://laws.boe.gov.sa/BoeLaws/Laws/LawDetails/cdb31382-3f97-4232-82e8-ae0b00dc2727/1,1443/05/13 هـ,1443/05/20 هـ,تضمن النظام: تعريفات، شخصية المستشفى وذمته المالية واستقلاله المالي ومقره وفروعه، الجهة المشرفة على المستشفى وصلاحياتها واختصاصاتها، أهلية وحرية المستشفى لتحقيق أهدافة وإدارة شؤونه، أهداف المستشفى، مجلس إدارة المستشفى، صلاحيات واختصاصات مجلس الإدارة، عن في...,هيئة الخبراء بمجلس الوزراء,ADD_OFFICIAL_CANONICAL
c4af9503-d0f4-4d07-a7c3-add500a67d0c,نظام المدفوعات وخدماتها,https://laws.boe.gov.sa/BoeLaws/Laws/LawDetails/c4af9503-d0f4-4d07-a7c3-add500a67d0c/1,1443/03/22 هـ,1443/03/30 هـ,تضمن النظام: تعريفات، هدف النظام، السريان والتطبيق، الترخيص، مقدم خدمات المدفوعات المقيم خارج المملكة، إشراف ورقابة البنك المركزي، التزامات مشغلي نظم المدفوعات ومقدمي الخدمات، القواعد الخاصة بنظام المدفوعات المهم وما يجب أن تشتمل عليه، التزامات العضو في عن...,هيئة الخبراء بمجلس الوزراء,ADD_OFFICIAL_CANONICAL
7463cdec-7e4b-4781-9f95-add900b4bd80,تنظيم مركز الملك عبدالله بن عبد العزيز للتخطيط والسياسات اللغوية,https://laws.boe.gov.sa/BoeLaws/Laws/LawDetails/7463cdec-7e4b-4781-9f95-add900b4bd80/1,1443/03/20 هـ,1443/03/30 هـ,\- الموافقة علىتنظيم مركز الملك عبدالله بن عبدالعزيز للتخطيط والسياسات اللغوية وذلك بموجب قرار مجلس الوزراء رقم (170) وتاريخ 1443/3/20هـ. \- يحل التنظيم محل تنظيم مركز الملك عبدالله بن عبدالعزيز الدولي خدمة اللغة العربية الموافق عليه بقرار مجلس الوزراء رقم...,هيئة الخبراء بمجلس الوزراء,ADD_OFFICIAL_CANONICAL
8ca91427-5be7-4807-80ae-adc700a97f0d,نظام البريد,https://laws.boe.gov.sa/BoeLaws/Laws/LawDetails/8ca91427-5be7-4807-80ae-adc700a97f0d/1,1443/03/08 هـ,1443/03/16 هـ,يحل هذا النظام محل نظام البريد الصدر بالمرسوم الملكي (م/4) وتاريخ 1406/2/21هـ وتضمن: أحكام عامة، تعريفات، هدف النظام، اختصاصات هيئة الاتصالات وتقنية المعلومات، الترخيص، المنافسة، التزامات وحقوق مقدمي الخدمة والمستفيدين، تخليص المواد البريدية، المسؤولية من...,هيئة الخبراء بمجلس الوزراء,ADD_OFFICIAL_CANONICAL
8a661e5c-5844-4d90-87fd-adb900ba3c3a,تنظيم مجلس المحتوى الرقمي,https://laws.boe.gov.sa/BoeLaws/Laws/LawDetails/8a661e5c-5844-4d90-87fd-adb900ba3c3a/1,1443/02/21 هـ,1443/03/02 هـ,تضمن التنظيم: تعريفات، النشأة والمقر، الأهداف، الاختصاصات والمسؤوليات، تشكيل المجلس واجتماعاته، اللجان الدائمة والمؤقتة، الأمانة العامة، صلاحيات واختصاصات الأمين، الموارد المالية، النظام الوظيفي لمنسوبي المجلس، التقرير السنوي، القرارات اللازمة لتنفيذ النشر...,هيئة الخبراء بمجلس الوزراء,ADD_OFFICIAL_CANONICAL
f95abff1-7f8b-4aea-9e97-adb900a2576e,القواعد المنظمة للتخصيص,https://laws.boe.gov.sa/BoeLaws/Laws/LawDetails/f95abff1-7f8b-4aea-9e97-adb900a2576e/1,1443/02/14 هـ,1443/02/24 هـ,تضمنت: أحكام عامة، تعريفات، الجهة المختصة بإصدار الموافقات بشأن مشاريع التخصيص، الجهة التنفيذية، حوكمة اللجنة الإشرافية، تطوير القطاع، أحكام ختامية، النفاذ. وتحل هذه القواعد محل قواعد عمل اللجان الإشرافية للقطاعات المستهدفة بالتخصيص ومهماتها المعدلة بقرار...,هيئة الخبراء بمجلس الوزراء,ADD_OFFICIAL_CANONICAL
896f4986-334b-4c76-b938-ada500eae2eb,نظام الانضباط الوظيفي,https://laws.boe.gov.sa/BoeLaws/Laws/LawDetails/896f4986-334b-4c76-b938-ada500eae2eb/1,1443/02/08 هـ,1443/02/17 هـ,تضمن النظام: تعريفات، أهداف النظام، من يسري عليهم النظام، الجزاء الذي يجوز إيقاعه على الموظف، الإعفاء من الجزاء، الجزاء بعد انتهاء الخدمة، لجان النظر في مخالفات الموظفين، ما يحال إلى هيئة الرقابة ومكافحة الفساد، حفظ التحقيق، التزويد بصورة من القرار الصادر،...,هيئة الخبراء بمجلس الوزراء,ADD_OFFICIAL_CANONICAL
61fa8a49-aa1b-49ed-b9ad-adaa00dc6272,نظام مكافحة التسول,https://laws.boe.gov.sa/BoeLaws/Laws/LawDetails/61fa8a49-aa1b-49ed-b9ad-adaa00dc6272/1,1443/02/09 هـ,1443/02/17 هـ,تضمن النظام: تعريفات، حظر التسول، القبض على المتسولين، إحالة ممتهن التسول إلى الجهة المختصة، مسؤوليات وزارة الموارد البشرية والتنمية الاجتماعية، العقوبات، مصادرة الأموال الحاصل عليها المتسول من تسوله، جهة التحقيق في مخالفات النظام، إصدار اللائحة، النشر...,هيئة الخبراء بمجلس الوزراء,ADD_OFFICIAL_CANONICAL
b7cfae89-828e-4994-b167-adaa00e37188,نظام حماية البيانات الشخصية,https://laws.boe.gov.sa/BoeLaws/Laws/LawDetails/b7cfae89-828e-4994-b167-adaa00e37188/1,1443/02/09 هـ,1443/02/17 هـ,تضمن النظام: تعريفات، نطاق تطبيق النظام، عدم إخلال أحكام النظام مع أحكام أنظمة أخرى، حقوق صاحب البيانات الشخصية، معالجة البيانات الشخصية أو تغيير الغرض من معالجتها، اختيار جهة المعالجة، تحديد مدد لممارسة حق الوصول إلى البيانات، جمع البيانات، محتوى إتلاف عن...,هيئة الخبراء بمجلس الوزراء,ADD_OFFICIAL_CANONICAL
3e368087-7b31-46e7-8005-ada100b8f703,نظام التكاليف القضائية,https://laws.boe.gov.sa/BoeLaws/Laws/LawDetails/3e368087-7b31-46e7-8005-ada100b8f703/1,1443/01/30 هـ,1443/02/10 هـ,تضمن النظام: تعريفات، الدعاوى التي تسري عليها أحكام النظام، الحد الأعلى لمبلغ التكاليف، التكاليف الإضافية، تعدد المدعين أو المدعى عليهم، الطلبات التي تفرض عليها تكاليف قضائية، التغير في تقدير قيمة الدعوى، حالات عدم فرض تكاليف جديدة، مهمات الإدارة المختصة،...,هيئة الخبراء بمجلس الوزراء,ADD_OFFICIAL_CANONICAL
4d5bda56-cc0d-4b16-a025-ad9d00b281ab,نظام إدارة النفايات,https://laws.boe.gov.sa/BoeLaws/Laws/LawDetails/4d5bda56-cc0d-4b16-a025-ad9d00b281ab/1,1443/01/05 هـ,1443/02/10 هـ,حل هذا النظام محل نظام إدارة النفايات البلدية الصلبة، الصادر بالمرسوم الملكي رقم (م/48) وتاريخ 1434/9/17هـ. وتضمن: التعريفات، أحكام عامة، مسؤولية منتج النفاية، التعاقد على تقديم خدمات إدارة النفايات، مسؤولية مقدم الخدمة، استيراد النفايات وتصديرها، التعامل...,هيئة الخبراء بمجلس الوزراء,ADD_OFFICIAL_CANONICAL
ae1d79bf-3716-4bc5-a85e-ada100c8a870,نظام التنفيذ أمام ديوان المظالم,https://laws.boe.gov.sa/BoeLaws/Laws/LawDetails/ae1d79bf-3716-4bc5-a85e-ada100c8a870/1,1443/01/27 هـ,1443/02/03 هـ,تضمن النظام: تعريفات، إنشاء محكمة أو أكثر تختص بتنفيذ السند، التنفيذ الجبري، الاعتراض، رفع طلب التنفيذ وقيده، التنفيذ ضد الجهات الإدارية، التنفيذ لصالح الجهات الإدارية، إجراءات التنفيذ، منازعات التنفيذ، الجرائم والعقوبات، أحكام ختامية، النشر والنفاذ.,هيئة الخبراء بمجلس الوزراء,ADD_OFFICIAL_CANONICAL
66eccea3-fc1c-471f-bcfa-ad9d009a7ec0,نظام تصنيف المقاولين,https://laws.boe.gov.sa/BoeLaws/Laws/LawDetails/66eccea3-fc1c-471f-bcfa-ad9d009a7ec0/1,1443/01/18 هـ,1443/01/26 هـ,يحل هذا النظام محل نظام تصنيف المقاولين الصادر عام 1427هـ، وتضمن: تعريفات، التصنيف وإصدار شهادات التصنيف وتعديلها وإيقافها وإلغاءها، إرساء أو قبول العرض أو العطاء لأي مشروع يخضع للتصنيف، تحديد وتعديل مجالات وأنشطة ودرجات التصنيف، تحديد وتعديل الحدود وشروط...,هيئة الخبراء بمجلس الوزراء,ADD_OFFICIAL_CANONICAL
3e63e522-900b-48a8-9843-ad4600902324,تنظيم المركز الوطني لتنمية القطاع غير الربحي,https://laws.boe.gov.sa/BoeLaws/Laws/LawDetails/3e63e522-900b-48a8-9843-ad4600902324/1,1442/10/20 هـ,1442/11/01 هـ,تضمن التنظيم: تعريفات، الشخصية الاعتبارية والارتباط الإداري والمقر، هدف المركز، صلاحيات واختصاصات المركز، مجلس إدارة المركز، صلاحيات واختصاصات المجلس، اجتماعات المجلس، الرئيس التنفيذي مسؤولياته واختصاصاته، النظام الوظيفي لمنسوبي المركز،...,هيئة الخبراء بمجلس الوزراء,ADD_OFFICIAL_CANONICAL
f0b5bf9f-efb9-4dd1-9f35-ad3b00b3aef3,تنظيم وزارة الاستثمار,https://laws.boe.gov.sa/BoeLaws/Laws/LawDetails/f0b5bf9f-efb9-4dd1-9f35-ad3b00b3aef3/1,1442/10/13 هـ,1442/10/23 هـ,الموافقة علىتنظيم وزارة الاستثمار,هيئة الخبراء بمجلس الوزراء,ADD_OFFICIAL_CANONICAL
cd3a793a-ab18-4ad3-b28e-ad2e00a7f88f,نظام الأرصاد,https://laws.boe.gov.sa/BoeLaws/Laws/LawDetails/cd3a793a-ab18-4ad3-b28e-ad2e00a7f88f/1,1442/09/24 هـ,1442/10/02 هـ,الموافقة علىنظام الأرصاد,هيئة الخبراء بمجلس الوزراء,ADD_OFFICIAL_CANONICAL
667e9149-19e3-451e-9212-ad2e0091def9,تنظيم هيئة الزكاة والضريبة والجمارك,https://laws.boe.gov.sa/BoeLaws/Laws/LawDetails/667e9149-19e3-451e-9212-ad2e0091def9/1,1442/09/22 هـ,1442/10/02 هـ,الموافقة علىتنظيم هيئة الزكاة والضريبة والجمارك,هيئة الخبراء بمجلس الوزراء,ADD_OFFICIAL_CANONICAL
bf8b73e3-a411-400d-b34b-ad2c00eb44e9,تنظيم إعانة البحث عن عمل,https://laws.boe.gov.sa/BoeLaws/Laws/LawDetails/bf8b73e3-a411-400d-b34b-ad2c00eb44e9/1,1442/09/22 هـ,1442/10/02 هـ,تنظيم إعانة البحث عن عمل تضمن التنظيم : التعريفات ، الأهداف ، مدة إعانة البحث عن عمل، شروط مقدم طلب إعانة البحث عن عمل، شروط الحصول على إعانة البحث عن عمل، إيقاف صرف إعانة البحث عن عمل، الغاء تنظيم إعانة البحث عن عمل الصادر بقرار مجلس الوزراء رقم (353) 25...,هيئة الخبراء بمجلس الوزراء,ADD_OFFICIAL_CANONICAL
45ebca20-c6de-4ce3-b593-ad2500d05ec7,تنظيم هيئة المحتوى المحلي والمشتريات الحكومية,https://laws.boe.gov.sa/BoeLaws/Laws/LawDetails/45ebca20-c6de-4ce3-b593-ad2500d05ec7/1,1442/09/15 هـ,1442/09/25 هـ,تضمن التنظيم : تعريف بالمصطلحات، الشخصية الاعتبارية للهيئة، الأهداف، المهام، مجلس الإدارة ومهامه، الرئيس التنفيذي ومهامه، النظام الوظيفي لمنسوبي الهيئة، التقرير السنوي والرقابة المالية، النشر والنفاذ.,هيئة الخبراء بمجلس الوزراء,ADD_OFFICIAL_CANONICAL
905e11b3-4d66-496c-9c1b-ad240106367f,نظام مكافحة الاحتيال المالي وخيانة الأمانة,https://laws.boe.gov.sa/BoeLaws/Laws/LawDetails/905e11b3-4d66-496c-9c1b-ad240106367f/1,1442/09/10 هـ,1442/09/18 هـ,تضمن النظام: عقوبة من استولى على مال للغير دون وجه حق، عقوبة من استولى دون وجه حق على مال سلم إليه من غير المال العام، عقوبة من حرض غيره على ارتكاب الجرائم المنصوص عليها في هذا النظام، عقوبة من شرع في القيام بالجرائم المنصوص عليها في هذا النظام، الظروف من...,هيئة الخبراء بمجلس الوزراء,ADD_OFFICIAL_CANONICAL
ab80058f-0e34-4750-82cd-ad3f00937698,الترتيبات التنظيمية لمركز تنظيم المعدّات الثقيلة,https://laws.boe.gov.sa/BoeLaws/Laws/LawDetails/ab80058f-0e34-4750-82cd-ad3f00937698/1,1442/08/24 هـ,1442/09/11 هـ,تضمنت الترتيبات: هدف المركز، المعدات الثقيلة المشمولة باختصاصات المركز، الارتباط التنظيمي، اختصاصات ومسؤوليات المركز، اللجنة الإشرافية، صلاحيات واختصاصات اللجنة الإشرافية، إصدار القواعد المنظمة لعمل اللجنة الإشرافية، مدير المركز التنفيذي...,هيئة الخبراء بمجلس الوزراء,ADD_OFFICIAL_CANONICAL
02a1eb0b-ab11-4900-851e-ad4600cd84a8,اللائحة التنظيمية لدور الأحداث,https://laws.boe.gov.sa/BoeLaws/Laws/LawDetails/02a1eb0b-ab11-4900-851e-ad4600cd84a8/1,1442/08/24 هـ,1442/09/11 هـ,تضمنت اللائحة: تعريفات، اختصاص الدار، ضوابط تسلم الحدث، إنشاء ملف الحدث، الإجراءات التي تتخذ بعد تسلم الحدث، التحقيق مع الحدث، تنفيذ العقوبة، الوجبات الغذائية، حقوق الحدث، الوحدة الصحية ورعاية الحوامل، المكتبة، الاتصال والزيارة، أحوال انتهاء إقامة الحدث،...,هيئة الخبراء بمجلس الوزراء,ADD_OFFICIAL_CANONICAL
4a16fbc8-7f1d-4647-8acc-ad0900d849c2,نظام التبرع بالأعضاء البشرية,https://laws.boe.gov.sa/BoeLaws/Laws/LawDetails/4a16fbc8-7f1d-4647-8acc-ad0900d849c2/1,1442/08/19 هـ,1442/08/27 هـ,تضمن النظام: تعريفات، التبرع أو الوصاية بالتبرع بالأعضاء البشرية، نقل الأعضاء، العدول عن التبرع، إجراء عمليات نقل الأعضاء، التزامات المنشأة الصحية، صلاحية العضو البشري، أحوال حظر التبرع بالأعضاء، فحص العضو البشري، كرامة المتبرع وحمايته من الامتهان أو من أو...,هيئة الخبراء بمجلس الوزراء,ADD_OFFICIAL_CANONICAL
99f64251-7873-4627-80c5-ad3f009a3bb5,الترتيبات التنظيمية للمعهد الملكي للفنون التقليدية,https://laws.boe.gov.sa/BoeLaws/Laws/LawDetails/99f64251-7873-4627-80c5-ad3f009a3bb5/1,1442/08/17 هـ,1442/08/27 هـ,تضمن قرار مجلس الوزراء: تعريف بالمصطلحات، إنشاء المعهد وشخصيته الاعتبارية، الارتباط التنظيمي، أهداف المعهد، المهام والصلاحيات، مجلس الأمناء، المدير العام، الموارد، الرقابة، النظام الوظيفي، النفاذ.,هيئة الخبراء بمجلس الوزراء,ADD_OFFICIAL_CANONICAL
d113fa79-5ad8-42b1-9955-acfb00a2c7ed,نظام الزراعة,https://laws.boe.gov.sa/BoeLaws/Laws/LawDetails/d113fa79-5ad8-42b1-9955-acfb00a2c7ed/1,1442/08/10 هـ,1442/08/20 هـ,تضمن النظام: تعريفات، هدف النظام، السجل الزراعي والتراخيص، منتجات القطاع الزراعي وبطاقة منتج، الإشراف والرقابة والتفتيش على المنشآت الزراعية والبيطرية، المستحضرات البيطرية والمبيدات الزراعية والنباتية، التخلص الآمن من المخلفات الزراعية والطبية البيطرية منع...,هيئة الخبراء بمجلس الوزراء,ADD_OFFICIAL_CANONICAL
8af67ec1-6776-4f67-abb4-ad0900eadf2f,نظام التخصيص,https://laws.boe.gov.sa/BoeLaws/Laws/LawDetails/8af67ec1-6776-4f67-abb4-ad0900eadf2f/1,1442/08/05 هـ,1442/08/13 هـ,تضمن النظام: تعريفات، جهات صلاحية إصدار موافقات ودراسة وتنفيذ مشاريع التخصيص، القواعد المنظمة، أهداف المشاريع، العقود والشركات التي تسري عليها أحكام النظام، أساليب التخصيص، مهمات وصلاحيات وزارة المالية، مشاريع البنية التحتية أو الخدمات العامة، الدعم المالي...,هيئة الخبراء بمجلس الوزراء,ADD_OFFICIAL_CANONICAL
6435e205-a7ae-4a8c-9580-ad0000b6bef2,نظام مهنة المحاسبة والمراجعة,https://laws.boe.gov.sa/BoeLaws/Laws/LawDetails/6435e205-a7ae-4a8c-9580-ad0000b6bef2/1,1442/07/27 هـ,1442/08/06 هـ,حل هذا النظام محل نظام المحاسبين القانونيين لعام 1412هـ، وتضمن: تعريفات، عدم مزاولة المهنة إلا بترخيص، ضوابط ترخيص المتفرغ وغير المتفرغ لمزاولة المهنة، إجراءات طلب الترخيص، إلغاء الترخيص، المقر الرئيس للمحاسب القانوني وفروعه، التزامات المحاسب القانوني،...,هيئة الخبراء بمجلس الوزراء,ADD_OFFICIAL_CANONICAL
3fd2d5d4-e39f-4543-a69f-ad0100b32c4d,تنظيم الهيئة السعودية للمراجعين والمحاسبين,https://laws.boe.gov.sa/BoeLaws/Laws/LawDetails/3fd2d5d4-e39f-4543-a69f-ad0100b32c4d/1,1442/07/25 هـ,1442/08/06 هـ,ضمن التنظيم: تعريفات، شخصية الهيئة واستقلالها ومقرها الرئيس وفروعها، هدف الهيئة، اختصاصات وصلاحيات الهيئة، عضوية الهيئة، جمعية الهيئة العامة، اختصاصات الجمعية العامة، مجلس إدارة الهيئة، اجتماعات المجلس، اختصاصات وصلاحيات المجلس، موارد الهيئة، الرقابة السنة...,هيئة الخبراء بمجلس الوزراء,ADD_OFFICIAL_CANONICAL
cb98b088-6d6f-41a7-8633-acfc00b6db02,تنظيم هيئة الحكومة الرقمية,https://laws.boe.gov.sa/BoeLaws/Laws/LawDetails/cb98b088-6d6f-41a7-8633-acfc00b6db02/1,1442/07/25 هـ,1442/08/06 هـ,تضمن التنظيم: تعريفات، شخصية الهيئة واستقلالها وارتباطها ومقرها وفروعها، هدف الهيئة، اختصاصات ومهمات الهيئة، الوسائل المحققة لتحقيق الأهداف، مجلس إدارة الهيئة، صلاحيات واختصاصات المجلس، اجتماعات المجلس، محافظ الهيئة مسؤولياته وصلاحياته، النظام الوظيفي حساب...,هيئة الخبراء بمجلس الوزراء,ADD_OFFICIAL_CANONICAL
c7a10e52-37e6-492d-a3cf-acea0013f2f0,الترتيبات التنظيمية لهيئة الصحة العامة,https://laws.boe.gov.sa/BoeLaws/Laws/LawDetails/c7a10e52-37e6-492d-a3cf-acea0013f2f0/1,,,حلت هذه الترتيبات محل التنظيم الأساس للمركز الوطني للوقاية من الأمراض ومكافحتها لعام 1434هـ ، وتضمنت: تعريفات، الشخصية الاعتبارية للهيئة، مهام الهيئة، مجلس الإدارة، مهام مجلس الإدارة، الرئيس التنفيذي ومهامه، موارد الهيئة، النظام الوظيفي، الرقابة,هيئة الخبراء بمجلس الوزراء,ADD_OFFICIAL_CANONICAL
0b15d62d-6e3a-4894-b6fa-ad0700926350,تنظيم الفحص الفني الدوري للمركبات,https://laws.boe.gov.sa/BoeLaws/Laws/LawDetails/0b15d62d-6e3a-4894-b6fa-ad0700926350/1,1442/07/11 هـ,1442/07/28 هـ,\- حل هذا التنظيم محل تنظيم الفحص الفني الدوري للمركبات لعام 1431هـ، \- وتضمن: تعريفات، الترخيص بممارسة نشاط الفحص الفني الدوري، جهة منح التراخيص، الربط التقني للترخيص، ضوابط مزاولة نشاط الفحص، مطابقة المواصفات القياسية، التزامات جهة الفحص، المقابل المالي،...,هيئة الخبراء بمجلس الوزراء,ADD_OFFICIAL_CANONICAL
8bb51bc2-69b3-4dfa-83de-ada400bd49e3,هيئة كفاءة الإنفاق والمشروعات الحكومية,https://laws.boe.gov.sa/BoeLaws/Laws/LawDetails/8bb51bc2-69b3-4dfa-83de-ada400bd49e3/1,1442/07/11 هـ,1442/07/21 هـ,"تضمن التنظيم: تعريفات، الأهداف، الصلاحيات، مجلس الإدارة، الريس التنفيذي، النظام الوظيفي لمنسوبي الهيئة، ميزانية الهيئة، موارد الهيئة، الرقابة، النشر والنفاذ. وتضمن قرار مجلس الوزراء : إحلال عبارة ""هيئة كفاءة الإنفاق والمشروعات الحكومية"" محل كل :...",هيئة الخبراء بمجلس الوزراء,ADD_OFFICIAL_CANONICAL
9daec1bf-6bda-4a65-a111-ace90163af7e,نظام الأجهزة والمستلزمات الطبية,https://laws.boe.gov.sa/BoeLaws/Laws/LawDetails/9daec1bf-6bda-4a65-a111-ace90163af7e/1,1442/07/06 هـ,1442/07/14 هـ,تضمن النظام : تعريفات، الأنشطة الخاضعة للنظام، الأجهزة المجمعة، الرقابة النووية والإشعاعية، التسجيل والترخيص، الأجهزة والمستلزمات الطبية المبتكرة، فسح الأجهزة والمستلزمات، حرية البيع، الاستخدام الشخصي، الأجهزة المغشوشة، المصانع خارج المملكة، خدمات ما بعد...,هيئة الخبراء بمجلس الوزراء,ADD_OFFICIAL_CANONICAL
1cf187fc-fcee-4eec-be82-ace90181b86e,الترتيبات التنظيمية لجائزة الملك عبد العزيز للجودة,https://laws.boe.gov.sa/BoeLaws/Laws/LawDetails/1cf187fc-fcee-4eec-be82-ace90181b86e/1,1442/06/27 هـ,1442/07/07 هـ,تضمنت الترتيبات : تعريفات، هدف الجائزة، تشكيل اللجنة الإشرافية للجائزة، اختصاصات اللجنة، النموذج الوطني للتميز المؤسسي، تطوير معايير تحقيق التميز المؤسسي، طلب الاشتراك في دورة الجائزة، منح الجائزة، حفل تسليم الجائزة، حجب الجائزة كلياً أو جزئياً، سحب مقر...,هيئة الخبراء بمجلس الوزراء,ADD_OFFICIAL_CANONICAL
fb9e0ae5-12c0-4ebd-816d-accd0174328c,تنظيم المركز الوطني لكفاءة وترشيد المياه,https://laws.boe.gov.sa/BoeLaws/Laws/LawDetails/fb9e0ae5-12c0-4ebd-816d-accd0174328c/1,1442/06/20 هـ,1442/06/30 هـ,الموافقة علىتنظيم المركز الوطني لكفاءة وترشيد المياه,هيئة الخبراء بمجلس الوزراء,ADD_OFFICIAL_CANONICAL
0b5b0f37-b2c9-4b3f-8657-acce001690f5,اللائحة التنظيمية للخيل العربية الأصيلة,https://laws.boe.gov.sa/BoeLaws/Laws/LawDetails/0b5b0f37-b2c9-4b3f-8657-acce001690f5/1,1442/06/20 هـ,1442/06/30 هـ,الموافقة علىاللائحة التنظيمية للخيل العربية الأصيلة وذلك بموجب قرار مجلس الوزراء رقم (337) وتاريخ 1442/6/20هـ.,هيئة الخبراء بمجلس الوزراء,ADD_OFFICIAL_CANONICAL
2d8aa57a-3b29-438e-a686-acae00b6728d,نظام صندوق التنمية العقارية,https://laws.boe.gov.sa/BoeLaws/Laws/LawDetails/2d8aa57a-3b29-438e-a686-acae00b6728d/1,1442/05/23 هـ,1442/06/02 هـ,الموافقة علىنظام صندوق التنمية العقارية,هيئة الخبراء بمجلس الوزراء,ADD_OFFICIAL_CANONICAL
f935b20b-e275-4f4f-9441-acad00e22fdb,نظام صندوق التنمية الثقافي,https://laws.boe.gov.sa/BoeLaws/Laws/LawDetails/f935b20b-e275-4f4f-9441-acad00e22fdb/1,1442/05/23 هـ,1442/06/02 هـ,الموافقة علىنظام صندوق التنمية الثقافي,هيئة الخبراء بمجلس الوزراء,ADD_OFFICIAL_CANONICAL
b3060214-c11a-4709-b191-aca700cbcc58,نظام الكهرباء,https://laws.boe.gov.sa/BoeLaws/Laws/LawDetails/b3060214-c11a-4709-b191-aca700cbcc58/1,1442/05/16 هـ,1442/05/24 هـ,الموافقة علىنظام الكهرباء,هيئة الخبراء بمجلس الوزراء,ADD_OFFICIAL_CANONICAL
36ccdf4a-396d-48aa-8231-acb0009c3cbd,تنظيم هيئة تنظيم المياه والكهرباء ( الهيئة السعودية لتنظيم الكهرباء ),https://laws.boe.gov.sa/BoeLaws/Laws/LawDetails/36ccdf4a-396d-48aa-8231-acb0009c3cbd/1,1442/05/14 هـ,1442/05/24 هـ,\- صدر قرار مجلس الوزراء رقم (918) وتاريخ 1445/10/28هـ، وتضمن الآتي: \- تعديل اسم (هيئة تنظيم المياه والكهرباء)، ليكون (الهيئة السعودية لتنظيم الكهرباء). \- حذف الفقرة (2) من البند (رابعاً) وإعادة صياغة الفقرة (3) من البند نفسه، من قرار مجلس الوزراء الصادر...,هيئة الخبراء بمجلس الوزراء,ADD_OFFICIAL_CANONICAL
9537b1e5-bfb5-499e-b0f9-accd0142beda,تنظيم الهيئة العامة لعقارات الدولة,https://laws.boe.gov.sa/BoeLaws/Laws/LawDetails/9537b1e5-bfb5-499e-b0f9-accd0142beda/1,1442/05/14 هـ,1442/05/24 هـ,\- ضمن التنظيم : تعريفات ، الشخصية القانونية للهيئة وارتباطها الإداري ، الأهداف ، الاختصاصات والمهام ، مجلس الإدارة ، محافظ الهيئة ، الموارد المالية ، الرقابة ، النشر والنفاذ. \- وصدر مع التنظيم المرسوم الملكي رقم (م/43) وتاريخ 1442/5/16هـ المتضمن: أن تكون...,هيئة الخبراء بمجلس الوزراء,ADD_OFFICIAL_CANONICAL
fb3e69e4-84a6-45b4-85d6-ac8c00cb3d67,نظام الغرف التجارية,https://laws.boe.gov.sa/BoeLaws/Laws/LawDetails/fb3e69e4-84a6-45b4-85d6-ac8c00cb3d67/1,1442/04/22 هـ,1442/05/03 هـ,الموافقة علىنظام الغرف التجارية وذلك بموجب المرسوم الملكي رقم (م/37) وتاريخ 1442/4/22هـ.,هيئة الخبراء بمجلس الوزراء,ADD_OFFICIAL_CANONICAL
82b804f6-0075-47c2-a772-acc4002f8b3e,نظام معالجة المنشآت المالية المهمة,https://laws.boe.gov.sa/BoeLaws/Laws/LawDetails/82b804f6-0075-47c2-a772-acc4002f8b3e/1,1442/04/25 هـ,1442/05/03 هـ,تضمن النظام : التعريفات، أحكام عامة، خطة الاستعادة وخطة المعالجة، إجراءات المعالجة، إجراء بيع المنشأة المالية المهمة، إجراء تأسيس المنشأة الانتقالية، إجراء فصل الأصول، إجراء تعديل الحقوق، حماية الحقوق، صلاحيات الجهة المختصة، إجراءات المعالجة العابرة صناديق...,هيئة الخبراء بمجلس الوزراء,ADD_OFFICIAL_CANONICAL
a292ec7e-85fb-4ceb-9ad0-ac9200ced829,نظام البنك المركزي السعودي,https://laws.boe.gov.sa/BoeLaws/Laws/LawDetails/a292ec7e-85fb-4ceb-9ad0-ac9200ced829/1,1442/04/11 هـ,1442/04/26 هـ,حل هذا النظام محل نظام مؤسسة النقد العربي السعودي لعام 1377هـ ، وتضمن : التعريفات ، أحكام عامة ، أهداف البنك ، الإدارة ، مجلس الإدارة ، المحافظ ونائب المحافظ وموظفو البنك ، تعارض المصالح ، السياسة النقدية ، مراجع الحسابات الخارجي ، العلاقة مع الحكومة ، ،...,هيئة الخبراء بمجلس الوزراء,ADD_OFFICIAL_CANONICAL
9f08ef46-6240-4fd7-a437-ac8900df75a8,اللائحة التنفيذية لنظام الأحداث,https://laws.boe.gov.sa/BoeLaws/Laws/LawDetails/9f08ef46-6240-4fd7-a437-ac8900df75a8/1,1442/04/16 هـ,1442/04/26 هـ,الموافقة علىاللائحة التنفيذية لنظام الأحداث وذلك بقرار مجلس الوزراء رقم (237) وتاريخ 1442/4/16هـ.,هيئة الخبراء بمجلس الوزراء,ADD_OFFICIAL_CANONICAL
921c3d40-85cd-4f5e-aa97-aca900b92c72,لائحة الجزاءات عن المخالفات البلدية,https://laws.boe.gov.sa/BoeLaws/Laws/LawDetails/921c3d40-85cd-4f5e-aa97-aca900b92c72/1,1442/02/05 هـ,1442/04/26 هـ,حلت هذه اللائحة محل اللائحة السابقة الصادرة عام 1422هـ وتضمنت: تعريفات، المخالفات والعقوبات، جدول المخالفات والعقوبات، الضبط والإثبات، الحقوق الخاصة، ما يجوز لوزارة الشؤون البلدية والقروية تنفيذه من العقوبات، رخص البناء، المخالفات الجسيمة، الرقابة النشر...,هيئة الخبراء بمجلس الوزراء,ADD_OFFICIAL_CANONICAL
7799b707-e228-452c-8b19-ac7b00b4b64e,نظام الضمان الاجتماعي,https://laws.boe.gov.sa/BoeLaws/Laws/LawDetails/7799b707-e228-452c-8b19-ac7b00b4b64e/1,1442/04/04 هـ,1442/04/12 هـ,الموافقة علىنظام الضمان الاجتماعي بموجب المرسوم الملكي رقم (م/32) وتاريخ 1442/4/4هـ.,هيئة الخبراء بمجلس الوزراء,ADD_OFFICIAL_CANONICAL
82e66c29-bff3-4e5e-abfd-ac6d00a50895,تنظيم المركز الوطني للوقاية من الآفات النباتية والأمراض الحيوانية ومكافحتها,https://laws.boe.gov.sa/BoeLaws/Laws/LawDetails/82e66c29-bff3-4e5e-abfd-ac6d00a50895/1,1442/03/03 هـ,1442/03/13 هـ,تضمن التنظيم : تعريفات، شخصية المركز واستقلاله وارتباطه التنظيمي ومقره الرئيس وفروعه، هدف المركز، اختصاصات المركز، مجلس إدارة المركز، اختصاصات وصلاحيات المجلس، اجتماعات المجلس، الرئيس التنفيذي للمركز مسؤولياته اختصاصاته وصلاحياته، الميزانية والسنة المالية...,هيئة الخبراء بمجلس الوزراء,ADD_OFFICIAL_CANONICAL
47160380-97d9-47de-a08e-ac5f00cc3875,تنظيم المركز السعودي لسلامة المرضى,https://laws.boe.gov.sa/BoeLaws/Laws/LawDetails/47160380-97d9-47de-a08e-ac5f00cc3875/1,1442/02/19 هـ,1442/02/29 هـ,تضمن التنظيم : تعريفات، ارتباط المركز التنظيمي ومقره الرئيس وفروعه، هدف المركز مهامه واختصاصاته، مجلس إدارة المركز، صلاحيات واختصاصات المجلس، اجتماعات المجلس، مدير عام المركز اختصاصاته وصلاحياته، اللجنة الاستشارية العلمية مهماته واختصاصاتها، اجتماعات السنة...,هيئة الخبراء بمجلس الوزراء,ADD_OFFICIAL_CANONICAL
796a6587-8da2-4583-8603-ac4500d5b8bc,تنظيم الهيئة العامة للمساحة والمعلومات الجيومكانية,https://laws.boe.gov.sa/BoeLaws/Laws/LawDetails/796a6587-8da2-4583-8603-ac4500d5b8bc/1,1442/02/05 هـ,1442/02/15 هـ,الهيئة العامة للمساحة والمعلومات الجيومكانية,هيئة الخبراء بمجلس الوزراء,ADD_OFFICIAL_CANONICAL
f34db566-b4d4-48fc-a64b-ac4500e680b6,تنظيم وزارة الرياضة,https://laws.boe.gov.sa/BoeLaws/Laws/LawDetails/f34db566-b4d4-48fc-a64b-ac4500e680b6/1,1442/02/05 هـ,1442/02/15 هـ,تنظيم وزارة الرياضة \- إلغاء البند (ثانياً) من قرار مجلس الوزراء رقم (95) وتاريخ 1442/2/5هـ الصادر بالموافقة على تنظيم وزارة الرياضة، وذلك بموجب قرار مجلس الوزراء رقم (255) وتاريخ 1446/3/21هـ.,هيئة الخبراء بمجلس الوزراء,ADD_OFFICIAL_CANONICAL
898062b9-805f-4bab-974c-ac4500ed4262,تنظيم وزارة السياحة,https://laws.boe.gov.sa/BoeLaws/Laws/LawDetails/898062b9-805f-4bab-974c-ac4500ed4262/1,1442/02/05 هـ,1442/02/15 هـ,تنظيم وزارة السياحة,هيئة الخبراء بمجلس الوزراء,ADD_OFFICIAL_CANONICAL
4d0f16b6-fb15-44e3-b88c-ac4b00e40a6d,تنظيم الهيئة الملكية لمحافظة العلا,https://laws.boe.gov.sa/BoeLaws/Laws/LawDetails/4d0f16b6-fb15-44e3-b88c-ac4b00e40a6d/1,1442/01/29 هـ,1442/02/15 هـ,\- تضمن التنظيم : التعريفات، الهيئة ومركزها النظامي واختصاصاتها ومهماتها، مجلس إدارة الهيئة واختصاصاته، محافظ الهيئة وصلاحياته، مناطق المحميات الطبيعية والمواقع الأثرية والتراثية والأماكن السياحية العامة، إنشاء المراكز، موارد الهيئة المالية، أحكام ختامية.,هيئة الخبراء بمجلس الوزراء,ADD_OFFICIAL_CANONICAL
8912f72f-38b2-400e-8d4e-ac3e00c3a0aa,تنظيم مجلس التنمية السياحي,https://laws.boe.gov.sa/BoeLaws/Laws/LawDetails/8912f72f-38b2-400e-8d4e-ac3e00c3a0aa/1,,,الموافقة علىتنظيم مجلس التنمية السياحي الصادر وذلك بموجب قرار مجلس الوزراء رقم (73) وتاريخ 1442/1/27هـ.,هيئة الخبراء بمجلس الوزراء,ADD_OFFICIAL_CANONICAL
cb94c5cf-017b-46c1-92b8-ac3e00deaff7,قواعد عمل اللجان الإشرافية للقطاعات المستهدفة بالتخصيص ومهماتها (المعدلة),https://laws.boe.gov.sa/BoeLaws/Laws/LawDetails/cb94c5cf-017b-46c1-92b8-ac3e00deaff7/1,1442/01/20 هـ,1442/02/01 هـ,الموافقة على قواعد عمل اللجان الإشرافية للقطاعات المستهدفة بالتخصيص ومهماتها (المعدلة)، وذلك بموجب قرار مجلس الوزراء رقم (55) وتاريخ 1442/1/20هـ.,هيئة الخبراء بمجلس الوزراء,ADD_OFFICIAL_CANONICAL
e26d2707-afe5-4a81-894f-ac3800a8d131,تنظيم المركز الوطني للتنمية الصناعية,https://laws.boe.gov.sa/BoeLaws/Laws/LawDetails/e26d2707-afe5-4a81-894f-ac3800a8d131/1,1442/01/06 هـ,1442/01/16 هـ,الموافقة علىتنظيم المركز الوطني للتنمية الصناعية الصادر بقرار مجلس الوزراء رقم (16) وتاريخ 1442/1/6هـ.,هيئة الخبراء بمجلس الوزراء,ADD_OFFICIAL_CANONICAL
2361f142-d009-41e9-ac3e-ac3200e13f0b,تنظيم نادي سباقات الخيل,https://laws.boe.gov.sa/BoeLaws/Laws/LawDetails/2361f142-d009-41e9-ac3e-ac3200e13f0b/1,1442/01/06 هـ,1442/01/16 هـ,الموافقة علىتنظيم نادي سباقات الخيل الصادر بقرار مجلس الوزراء رقم (18) وتاريخ 1442/1/6هـ.,هيئة الخبراء بمجلس الوزراء,ADD_OFFICIAL_CANONICAL
90f66860-d28b-40ed-b49d-ac3700baf50e,لائحة حقوق وواجبات من يستعان بهم في أعمال الدفاع المدني وعلاقتهم بجهاتهم,https://laws.boe.gov.sa/BoeLaws/Laws/LawDetails/90f66860-d28b-40ed-b49d-ac3700baf50e/1,1442/01/06 هـ,1442/01/16 هـ,الموافقة علىلائحة حقوق وواجبات من يستعان بهم في أعمال الدفاع المدني وعلاقتهم بجهاتهم الصادرة بقرار مجلس الوزراء رقم (10) وتاريخ 1442/1/6هـ,هيئة الخبراء بمجلس الوزراء,ADD_OFFICIAL_CANONICAL
bf9e0aae-6df6-4785-a305-ac2300bd0856,نظام مكافحة التستر,https://laws.boe.gov.sa/BoeLaws/Laws/LawDetails/bf9e0aae-6df6-4785-a305-ac2300bd0856/1,1442/01/01 هـ,1442/01/09 هـ,الموافقة على نظام مكافحة التستر بموجب المرسوم الملكي رقم (م/4) وتاريخ 1442/1/1هـ.,هيئة الخبراء بمجلس الوزراء,ADD_OFFICIAL_CANONICAL
2b007d5f-346c-45fc-9bb8-abff00d2bb6b,تنظيم الهيئة العامة للتجارة الخارجية,https://laws.boe.gov.sa/BoeLaws/Laws/LawDetails/2b007d5f-346c-45fc-9bb8-abff00d2bb6b/1,1441/11/23 هـ,1441/12/03 هـ,الموافقة علىتنظيم الهيئة العامة للتجارة الخارجية الصادر بقرار مجلس الوزراء رقم (741) وتاريخ 1441/11/23هـ.,هيئة الخبراء بمجلس الوزراء,ADD_OFFICIAL_CANONICAL
40754577-f250-47f6-8a5a-abf600af7d72,نظام التوثيق,https://laws.boe.gov.sa/BoeLaws/Laws/LawDetails/40754577-f250-47f6-8a5a-abf600af7d72/1,1441/11/19 هـ,1441/11/26 هـ,الموافقة على نظام التوثيق ، وذلك بموجب المرسوم الملكي رقم (م/164) وتاريخ 1441/11/19هـ.,هيئة الخبراء بمجلس الوزراء,ADD_OFFICIAL_CANONICAL
63831ff6-63d9-4212-8b54-abf800e146bd,نظام البيئة,https://laws.boe.gov.sa/BoeLaws/Laws/LawDetails/63831ff6-63d9-4212-8b54-abf800e146bd/1,1441/11/19 هـ,1441/11/26 هـ,\* الموافقة على نظام البيئة وذلك بموجب المرسوم الملكي رقم (م/165) وتاريخ 1441/11/19هـ، \* إلغاء الآتي: نظام الهيئة السعودية للحياة الفطرية ، الصادر بالمرسوم الملكي رقم (م/22) وتاريخ 1406/9/12هـ. نظام صيد الحيوانات والطيور البرية ، الصادر بالمرسوم الملكي...,هيئة الخبراء بمجلس الوزراء,ADD_OFFICIAL_CANONICAL
57261279-94b7-4ddc-8ad2-abf100d246be,نظام المياه,https://laws.boe.gov.sa/BoeLaws/Laws/LawDetails/57261279-94b7-4ddc-8ad2-abf100d246be/1,1441/11/11 هـ,1441/11/19 هـ,تضمن النظام : تعريفات ، أهداف النظام ، نطاق التطبيق ، المهمات والمسؤوليات ، مصادر المياه وملكيتها ، استخدام المياه ، تعريفة المياه ، التصرف بحقوق استخدام المياه ، ترشيد الاستخدام ، الخزن الاستراتيجي ، خدمات المياه ، البنى التحتية ، التسربات ،...,هيئة الخبراء بمجلس الوزراء,ADD_OFFICIAL_CANONICAL
9560f620-e77e-476c-b9ea-abdd00b87480,نظام الاستــثمار التعديني.,https://laws.boe.gov.sa/BoeLaws/Laws/LawDetails/9560f620-e77e-476c-b9ea-abdd00b87480/1,1441/10/19 هـ,1441/11/12 هـ,نظام الاستثمار التعديني 1441هـ,هيئة الخبراء بمجلس الوزراء,ADD_OFFICIAL_CANONICAL
cb055cd5-3055-4b20-8ec7-abef00ae3433,ضوابط تصدير مياه الشرب المعبأة,https://laws.boe.gov.sa/BoeLaws/Laws/LawDetails/cb055cd5-3055-4b20-8ec7-abef00ae3433/1,1441/11/02 هـ,1441/11/12 هـ,ضوابط تصدير مياه الشرب المعبأة الصادرة بقرار مجلس الوزراء رقم (686) وتاريخ 1441/11/2هـ.,هيئة الخبراء بمجلس الوزراء,ADD_OFFICIAL_CANONICAL
0f0ebdaa-a50b-4410-9460-abe500b03486,نظام صندوق التنمية السياحي,https://laws.boe.gov.sa/BoeLaws/Laws/LawDetails/0f0ebdaa-a50b-4410-9460-abe500b03486/1,1441/10/26 هـ,1441/11/05 هـ,نظام صندوق التنمية السياحي 1441هـ,هيئة الخبراء بمجلس الوزراء,ADD_OFFICIAL_CANONICAL
c9b0b7b9-a586-45ec-87c1-ac9000e6a783,تنظيم الهيئة العليا للفروسية,https://laws.boe.gov.sa/BoeLaws/Laws/LawDetails/c9b0b7b9-a586-45ec-87c1-ac9000e6a783/1,1441/09/05 هـ,1441/09/22 هـ,تضمن التنظيم : تعريفات، شخصية الهيئة واستقلالها وارتباطها ومقرها وفروعها، هدف الهيئة واختصاصاتها ومسؤولياتها، مجلس إدارة الهيئة، صلاحيات ومسؤوليات المجلس، اجتماعات المجلس، أمين عام الهيئة صلاحياته اختصاصاته ومسؤولياته، موارد الهيئة المالية، الميزانية إعفاء...,هيئة الخبراء بمجلس الوزراء,ADD_OFFICIAL_CANONICAL
3d191772-e60b-4925-b5e7-aba50097641f,نظام المنشآت والمستحضرات الصيدلانية والعشبية,https://laws.boe.gov.sa/BoeLaws/Laws/LawDetails/3d191772-e60b-4925-b5e7-aba50097641f/1,1441/08/22 هـ,1441/09/01 هـ,نظام المنشآت والمستحضرات الصيدلانية والعشبية 1441هـ,هيئة الخبراء بمجلس الوزراء,ADD_OFFICIAL_CANONICAL
262382ab-7ff9-4e3a-9291-acbb01406f5e,لائحة تنظيم سلوكيات وأخلاقيات القائمين على تطبيق نظام المنافسات والمشتريات الحكومية ولائحته التنفيذية,https://laws.boe.gov.sa/BoeLaws/Laws/LawDetails/262382ab-7ff9-4e3a-9291-acbb01406f5e/1,1441/08/21 هـ,1441/09/01 هـ,تضمنت اللائحة : تعريفات، هدف اللائحة، الموظفين الذين تسري عليهم أحكام اللائحة، ما يجب على الموظف التقيد به، ما يحظر على الموظف، ما يتعين على الجهة الحكومية، المخالفات والعقوبات، النشر والنفاذ.,هيئة الخبراء بمجلس الوزراء,ADD_OFFICIAL_CANONICAL
a64ba260-aa19-46f7-8b9f-acbb014c23b5,لائحة تنظيم تعارض المصالح في تطبيق نظام المنافسات والمشتريات الحكومية ولائحته التنفيذية,https://laws.boe.gov.sa/BoeLaws/Laws/LawDetails/a64ba260-aa19-46f7-8b9f-acbb014c23b5/1,1441/08/21 هـ,1441/09/01 هـ,تضمنت اللائحة : تعريفات، هدف اللائحة، الأشخاص الذين تسري عليهم أحكام اللائحة، التزام الموظف، الإفصاح عن تعارض المصالح، منع تعارض المصالح، وضع سياسة لتعارض المصالح تهدف إلى الحد من مخاطره ومعالجة حالاته، ما يحظر على الموظف، المخالفات النشر...,هيئة الخبراء بمجلس الوزراء,ADD_OFFICIAL_CANONICAL
38334008-3b70-4c6c-b3af-aba3016a8061,نظام المحاكم التجارية,https://laws.boe.gov.sa/BoeLaws/Laws/LawDetails/38334008-3b70-4c6c-b3af-aba3016a8061/1,1441/08/15 هـ,1441/08/24 هـ,نظام المحاكم التجارية,هيئة الخبراء بمجلس الوزراء,ADD_OFFICIAL_CANONICAL
e2c00ba7-2af3-41fa-a1ab-ab9f00af1dec,نظام ضمان الحقوق بالأموال المنقولة,https://laws.boe.gov.sa/BoeLaws/Laws/LawDetails/e2c00ba7-2af3-41fa-a1ab-ab9f00af1dec/1,1441/08/14 هـ,1441/08/17 هـ,نظام ضمان الحقوق بالأموال المنقولة 1441هـ,هيئة الخبراء بمجلس الوزراء,ADD_OFFICIAL_CANONICAL
d19fbfe8-6517-4e8b-b06a-b09000cefe1b,نظام ملكية الوحدات العقارية وفرزها وإدارتها,https://laws.boe.gov.sa/BoeLaws/Laws/LawDetails/d19fbfe8-6517-4e8b-b06a-b09000cefe1b/1,1441/07/02 هـ,1441/07/18 هـ,حل هذا النظام محل نظام ملكية الوحدات العقارية وفرزها لعام 1423هـ، وتضمن : تعريفات، فرز العقار، أحكام الملكية، جمعية الملاك، الإدارة والصيانة، أحكام ختامية، النشر والنفاذ .,هيئة الخبراء بمجلس الوزراء,ADD_OFFICIAL_CANONICAL
017d722d-4f95-4acd-be8c-ab6c00eb3f90,تنظيم بنك التصدير والاستيراد السعودي,https://laws.boe.gov.sa/BoeLaws/Laws/LawDetails/017d722d-4f95-4acd-be8c-ab6c00eb3f90/1,1441/06/24 هـ,1441/07/11 هـ,يهدف البنك إلى تعزيز تنمية الصادرات السعودية وتنويعها وزيادة قدرتها التنافسية، من خلال توفير خدمات تمويل الصادرات، والضمان، وتأمين ائتمان الصادرات بمزايا تنافسية، وذلك من أجل تعزيز الثقة في الصادرات السعودية، ودخول أسواق جديدة، والحد من مخاطر عدم السداد....,هيئة الخبراء بمجلس الوزراء,ADD_OFFICIAL_CANONICAL
77ff78f3-6da2-451f-9a97-ab6d00bd094a,تنظيم مؤسسة المسار الرياضي,https://laws.boe.gov.sa/BoeLaws/Laws/LawDetails/77ff78f3-6da2-451f-9a97-ab6d00bd094a/1,1441/06/24 هـ,1441/07/11 هـ,تنظيم مؤسسة المسار الرياضي,هيئة الخبراء بمجلس الوزراء,ADD_OFFICIAL_CANONICAL
b83d96ce-df0e-4444-a225-ab6d00ca12da,تنظيم مؤسسة حديقة الملك سلمان,https://laws.boe.gov.sa/BoeLaws/Laws/LawDetails/b83d96ce-df0e-4444-a225-ab6d00ca12da/1,1441/06/24 هـ,1441/07/11 هـ,تهدف المؤسسة إلى رفع تنافسية مدينة الرياض، وتعزيز مستوى جودة الحياة فيها بتوفير مساحة خضراء وغطاء نباتي لبيئة أفضل، ودعم الناتج المحلي بإيجاد مزيد من فرص العمل.,هيئة الخبراء بمجلس الوزراء,ADD_OFFICIAL_CANONICAL
3a067704-6e6f-42bd-9767-ab5700c9524f,تنظيم مجمع خادم الحرمين الشريفين الملك سلمان بن عبدالعزيز ال سعود للحديث النبوي الشريف,https://laws.boe.gov.sa/BoeLaws/Laws/LawDetails/3a067704-6e6f-42bd-9767-ab5700c9524f/1,1441/05/12 هـ,1441/05/28 هـ,تنظيم مجمع خادم الحرمين الشريفين الملك سلمان بن عبدالعزيز ال سعود للحديث النبوي الشريف,هيئة الخبراء بمجلس الوزراء,ADD_OFFICIAL_CANONICAL
7b1c33b7-c2af-4c88-bb3e-ab5700b28ae4,لائحة تفضيل المحتوى المحلي والمنشآت الصغيرة والمتوسطة المحلية والشركات المدرجة في السوق المالية في الأعمال والمشتريات,https://laws.boe.gov.sa/BoeLaws/Laws/LawDetails/7b1c33b7-c2af-4c88-bb3e-ab5700b28ae4/1,1441/03/29 هـ,1441/04/14 هـ,لائحة تفضيل المحتوى المحلي والمنشآت الصغيرة والمتوسطة المحلية والشركات المدرجة في السوق المالية في الأعمال والمشتريات 1441هـ,هيئة الخبراء بمجلس الوزراء,ADD_OFFICIAL_CANONICAL
b06b79ad-efe0-4d3e-8c45-ab1000b16b96,تنظيم الهيئة العامة للرياضة,https://laws.boe.gov.sa/BoeLaws/Laws/LawDetails/b06b79ad-efe0-4d3e-8c45-ab1000b16b96/1,,,تنظيم الهيئة العامة للرياضة 1441هـ,هيئة الخبراء بمجلس الوزراء,ADD_OFFICIAL_CANONICAL
113554a2-190a-4afc-957e-ab1000cbe63d,تنظيم المعهد الوطني للتطوير المهني التعليمي 1441هـ,https://laws.boe.gov.sa/BoeLaws/Laws/LawDetails/113554a2-190a-4afc-957e-ab1000cbe63d/1,,,تنظيم المعهد الوطني للتطوير المهني التعليمي 1441 هـ,هيئة الخبراء بمجلس الوزراء,ADD_OFFICIAL_CANONICAL
8ee74282-7f0d-49ff-b6ee-aafc00a3d801,نظام الجامعات,https://laws.boe.gov.sa/BoeLaws/Laws/LawDetails/8ee74282-7f0d-49ff-b6ee-aafc00a3d801/1,1441/03/02 هـ,1441/03/11 هـ,نظام الجامعات 1441هـ. \*استثناءً من أحكام البند (ثالثاً) من المرسوم الملكي رقم (م/27) بتاريخ 1441/3/2هـ، يعين رؤساء الجامعات وفقاً لأحكام نظام الجامعات الصادر بالمرسوم الملكي رقم (م/27) بتاريخ 1441/3/2هـ، ويحل وزير التعليم محل مجلس الأمناء فيما يتعلق رئيس...,هيئة الخبراء بمجلس الوزراء,ADD_OFFICIAL_CANONICAL
13d5bd75-47b5-44ff-8b84-aaee00c614f5,تنظيم المركز الوطني لإدارة الدين,https://laws.boe.gov.sa/BoeLaws/Laws/LawDetails/13d5bd75-47b5-44ff-8b84-aaee00c614f5/1,1441/02/16 هـ,1441/03/04 هـ,تنظيم المركز الوطني لإدارة الدين 1441هـ,هيئة الخبراء بمجلس الوزراء,ADD_OFFICIAL_CANONICAL
af2a6b93-51dd-4f16-b781-aafd00d9fbbc,نظام الامتياز التجاري,https://laws.boe.gov.sa/BoeLaws/Laws/LawDetails/af2a6b93-51dd-4f16-b781-aafd00d9fbbc/1,1441/02/09 هـ,1441/02/24 هـ,نظام الامتياز التجاري 1441 هـ,هيئة الخبراء بمجلس الوزراء,ADD_OFFICIAL_CANONICAL
acf735b8-a606-424e-8c0e-aaab016118b6,تنظيم المركز الوطني لتعزيز الصحة النفسية,https://laws.boe.gov.sa/BoeLaws/Laws/LawDetails/acf735b8-a606-424e-8c0e-aaab016118b6/1,1440/11/27 هـ,1440/12/15 هـ,تنظيم المركز الوطني لتعزيز الصحة النفسية,هيئة الخبراء بمجلس الوزراء,ADD_OFFICIAL_CANONICAL
24c563f9-7292-49c8-b0fb-aa9800b999f1,نظام المنافسات و المشتريات الحكومية,https://laws.boe.gov.sa/BoeLaws/Laws/LawDetails/24c563f9-7292-49c8-b0fb-aa9800b999f1/1,1440/11/13 هـ,1440/11/29 هـ,نظام المنافسات والمشتريات الحكومية 1440هـ.,هيئة الخبراء بمجلس الوزراء,ADD_OFFICIAL_CANONICAL
360de590-0286-4fa5-a243-aa9100c31979,نظام التجارة الإلكترونية,https://laws.boe.gov.sa/BoeLaws/Laws/LawDetails/360de590-0286-4fa5-a243-aa9100c31979/1,1440/11/07 هـ,1440/11/21 هـ,نظام التجارة الإلكترونية,هيئة الخبراء بمجلس الوزراء,ADD_OFFICIAL_CANONICAL
39f72c5b-1156-43fc-8b56-aa8000aebae2,تنظيم المركز السعودي للاعتماد,https://laws.boe.gov.sa/BoeLaws/Laws/LawDetails/39f72c5b-1156-43fc-8b56-aa8000aebae2/1,1440/10/22 هـ,1440/11/07 هـ,تنظيم المركز السعودي للاعتماد,هيئة الخبراء بمجلس الوزراء,ADD_OFFICIAL_CANONICAL
962235c2-9fa8-4c1a-b835-aa6400dd851e,نظام مقدمي خدمة حجاج الخارج,https://laws.boe.gov.sa/BoeLaws/Laws/LawDetails/962235c2-9fa8-4c1a-b835-aa6400dd851e/1,1440/09/17 هـ,1440/10/03 هـ,نظام مقدمي خدمة حجاج الخارج,هيئة الخبراء بمجلس الوزراء,ADD_OFFICIAL_CANONICAL
5e9762df-2b15-4e66-8cdc-aa5200f62042,نظام الإقامة المميزة,https://laws.boe.gov.sa/BoeLaws/Laws/LawDetails/5e9762df-2b15-4e66-8cdc-aa5200f62042/1,1440/09/10 هـ,1440/09/13 هـ,نظام الإقامة المميزة,هيئة الخبراء بمجلس الوزراء,ADD_OFFICIAL_CANONICAL
54ff827d-8488-49aa-b593-aa4400c961fd,تنظيم المركز السعودي للتحكيم التجاري,https://laws.boe.gov.sa/BoeLaws/Laws/LawDetails/54ff827d-8488-49aa-b593-aa4400c961fd/1,1440/08/25 هـ,1440/09/05 هـ,تنظيم المركز السعودي للتحكيم التجاري,هيئة الخبراء بمجلس الوزراء,ADD_OFFICIAL_CANONICAL
52da052e-9de3-4ead-abbf-aa3f00ef5083,نظام صندوق الاستثمارات العامة,https://laws.boe.gov.sa/BoeLaws/Laws/LawDetails/52da052e-9de3-4ead-abbf-aa3f00ef5083/1,1440/08/12 هـ,1440/08/28 هـ,نظام صندوق الاستثمارات العامة,هيئة الخبراء بمجلس الوزراء,ADD_OFFICIAL_CANONICAL
3b96a591-47c8-4469-9abb-aa4700f1aa52,لائحة المحافظة على الذوق العام,https://laws.boe.gov.sa/BoeLaws/Laws/LawDetails/3b96a591-47c8-4469-9abb-aa4700f1aa52/1,1440/08/04 هـ,1440/08/19 هـ,لائحة المحافظة على الذوق العام,هيئة الخبراء بمجلس الوزراء,ADD_OFFICIAL_CANONICAL
6b33da12-2759-4787-9ee8-aa3f00f37224,تنظيم المركز السعودي للأعمال الاقتصادية,https://laws.boe.gov.sa/BoeLaws/Laws/LawDetails/6b33da12-2759-4787-9ee8-aa3f00f37224/1,1440/08/01 هـ,1440/08/11 هـ,تنظيم المركز السعودي للأعمال الاقتصادية,هيئة الخبراء بمجلس الوزراء,ADD_OFFICIAL_CANONICAL
8847a132-156b-49e8-add9-aa52010570f2,تنظيم مركز الإسناد والتصفية,https://laws.boe.gov.sa/BoeLaws/Laws/LawDetails/8847a132-156b-49e8-add9-aa52010570f2/1,1440/07/19 هـ,1440/08/07 هـ,تضمن التنظيم : تعريفات ، نشأة المركز وارتباطه التنظيمي ، أهدافه ، مهماته ، واختصاصاته ، مجلس الإدارة صلاحياته واجتماعاته ، الرئيس التنفيذي اختصاصاته ومهامه ، الموارد المالية ، السنة المالية ، النظام الوظيفي ، الحساب الختامي ، التقرير السنوي ، الرقابة ، ....,هيئة الخبراء بمجلس الوزراء,ADD_OFFICIAL_CANONICAL
b21452eb-20af-4ffa-892a-aa3f010082c5,تنظيم صندوق البيئة,https://laws.boe.gov.sa/BoeLaws/Laws/LawDetails/b21452eb-20af-4ffa-892a-aa3f010082c5/1,1440/07/19 هـ,1440/08/07 هـ,تنظيم صندوق البيئة,هيئة الخبراء بمجلس الوزراء,ADD_OFFICIAL_CANONICAL
e3605c0d-ef87-4cff-b5da-aa3f0102bbb4,نظام المنافسة,https://laws.boe.gov.sa/BoeLaws/Laws/LawDetails/e3605c0d-ef87-4cff-b5da-aa3f0102bbb4/1,1440/06/29 هـ,1440/07/20 هـ,نظام المنافسة,هيئة الخبراء بمجلس الوزراء,ADD_OFFICIAL_CANONICAL
fdc204c9-f7a3-4e17-9ce8-aa4700feac9f,تنظيم المركز الوطني لأبحاث وتطوير الزراعة المستدامة,https://laws.boe.gov.sa/BoeLaws/Laws/LawDetails/fdc204c9-f7a3-4e17-9ce8-aa4700feac9f/1,1440/05/23 هـ,1440/06/09 هـ,تنظيم المركز الوطني لأبحاث وتطوير الزراعة المستدامة (استدامة),هيئة الخبراء بمجلس الوزراء,ADD_OFFICIAL_CANONICAL
497918e9-dba2-4282-a410-aa3f00a6d256,تنظيم الهيئة العامة للترفيه,https://laws.boe.gov.sa/BoeLaws/Laws/LawDetails/497918e9-dba2-4282-a410-aa3f00a6d256/1,1440/05/02 هـ,1440/05/02 هـ,تنظيم الهيئة العامة للترفيه,هيئة الخبراء بمجلس الوزراء,ADD_OFFICIAL_CANONICAL
e2997001-1d2c-4113-b322-a9fa01631039,اللائحة التنفيذية لنظام مكافحة جرائم الإرهاب وتمويله,https://laws.boe.gov.sa/BoeLaws/Laws/LawDetails/e2997001-1d2c-4113-b322-a9fa01631039/1,1440/05/02 هـ,1440/05/02 هـ,اللائحة التنفيذية لنظام مكافحة جرائم الإرهاب وتمويله,هيئة الخبراء بمجلس الوزراء,ADD_OFFICIAL_CANONICAL
43344715-1e0d-4e7f-9895-aa3d00f670e6,النظام البحري التجاري,https://laws.boe.gov.sa/BoeLaws/Laws/LawDetails/43344715-1e0d-4e7f-9895-aa3d00f670e6/1,1440/04/05 هـ,1440/04/28 هـ,النظام البحري التجاري,هيئة الخبراء بمجلس الوزراء,ADD_OFFICIAL_CANONICAL
58b1d864-0d14-4ed7-9c5e-ac4e00b5aff9,الترتيبات التنظيمية للهيئة الملكية لمدينة مكة المكرمة والمشاعر المقدسة,https://laws.boe.gov.sa/BoeLaws/Laws/LawDetails/58b1d864-0d14-4ed7-9c5e-ac4e00b5aff9/1,1440/04/11 هـ,1440/04/28 هـ,تضمنت الترتيبات : تعريفات ، شخصية الهيئة واستقلالها وارتباطها التنظيمي ومقرها ومكاتبها ، هدف الهيئة ، مهام وصلاحيات الهيئة ، التزامات الأجهزة الحكومية بقرارات وتعليمات الهيئة ، تزويد الهيئة بالمعلومات ، مجلس إدارة الهيئة ، تعيين أعضائه ، اختصاصاته ومهامه ،...,هيئة الخبراء بمجلس الوزراء,ADD_OFFICIAL_CANONICAL
903dafd6-34ee-441e-b104-a9fc00a60c78,تنظيم المركز الوطني للتنافسية,https://laws.boe.gov.sa/BoeLaws/Laws/LawDetails/903dafd6-34ee-441e-b104-a9fc00a60c78/1,,,تنظيم المركز الوطني للتنافسية \- إلغاء البند ( ثالثاً ) من قرار مجلس الوزراء رقم (212) وتاريخ 1440/4/25هـ الصادر بالموافقة على تنظيم المركز ، وذلك بموجب قرار مجلس الوزراء رقم (923) وتاريخ 1445/10/28هـ.,هيئة الخبراء بمجلس الوزراء,ADD_OFFICIAL_CANONICAL
2f06117c-62e3-406c-a61e-a9fc009c5879,تنظيم الهيئة العامة للصناعات العسكرية,https://laws.boe.gov.sa/BoeLaws/Laws/LawDetails/2f06117c-62e3-406c-a61e-a9fc009c5879/1,1440/04/25 هـ,1440/04/25 هـ,تنظيم الهيئة العامة للصناعات العسكرية,هيئة الخبراء بمجلس الوزراء,ADD_OFFICIAL_CANONICAL
70da3158-a022-4dee-b94d-a9a700f1f9f1,تنظيم مشاركة الوفود الرسمية في الاجتماعات,https://laws.boe.gov.sa/BoeLaws/Laws/LawDetails/70da3158-a022-4dee-b94d-a9a700f1f9f1/1,1438/01/16 هـ,1440/03/21 هـ,يتضمن التنظيم : معاني العبارات والألفاظ الخاصة به، التعامل مع الدعوات، وتشكيل الوفد، ووثيقة التفويض بالمشاركة وإبلاغ الجهة الداعية بمشاركة الوفد، والإعداد لمشاركة الوفد، رئاسة الوفد وواجبات رئيس الوفد وأعضاؤه، واختصاصات رئيس الوفد، ومشاركة الوفد ونتائج ،...,هيئة الخبراء بمجلس الوزراء,ADD_OFFICIAL_CANONICAL
cfc97985-4a9f-4012-832b-a9a700f21ed2,نظام تطبيق كود البناء السعودي,https://laws.boe.gov.sa/BoeLaws/Laws/LawDetails/cfc97985-4a9f-4012-832b-a9a700f21ed2/1,1438/04/26 هـ,1440/03/21 هـ,تضمن النظام : تعريفات، تطبيق الكود على أعمال البناء في القطاعين العام والخاص، تطبيق الكود تدريجي، حظر تطبيق أي كود غير الكود السعودي، جهة متابعة تطبيق الكود ومراقبته، ما تتولاه اللجنة الوطنية لكود البناء السعودي، تحديث الكود وإعادة إصداره، الالتزام بالكود،...,هيئة الخبراء بمجلس الوزراء,ADD_OFFICIAL_CANONICAL
f98f4238-0289-4891-8a22-a9a700f1f538,نظام ضريبة القيمة المضافة,https://laws.boe.gov.sa/BoeLaws/Laws/LawDetails/f98f4238-0289-4891-8a22-a9a700f1f538/1,1438/11/02 هـ,1440/03/21 هـ,يتضمن النظام : معاني العبارات والألفاظ الخاصة به، والتسجيل لأغراض الضريبة، وتوريدات السلع والخدمات، ومكان التوريد، والقيمة الخاضعة للضريبة، والاستيراد، واحتساب الضريبة، وخصم الضريبة، والفواتير الضريبية، والإقرار الضريبي، وسداد الضريبة، استردادها، سرية في...,هيئة الخبراء بمجلس الوزراء,ADD_OFFICIAL_CANONICAL
164f8184-6c84-4794-96c7-a9a700f1f420,تنظيم المركز الوطني للدراسات الاستراتيجية التنموية,https://laws.boe.gov.sa/BoeLaws/Laws/LawDetails/164f8184-6c84-4794-96c7-a9a700f1f420/1,,,يتضمن التنظيم : العبارات والألفاظ الواردة به، ويتمتع المركز بالشخصية الاعتبارية المستقلة والاستقلال المالي والإداري، ويهدف المركز للمساهمة في تعزيز العملية التنموية للاقتصاد الوطني، ويجوز له في سبيل تحقيق أغراضه الاستعانة بالخبراء والمستشارين. ويعد ذات...,هيئة الخبراء بمجلس الوزراء,ADD_OFFICIAL_CANONICAL
cc46debb-482e-48be-9daf-a9a700f2bfe7,لائحة عمال الخدمة المنزلية ومن في حكمهم,https://laws.boe.gov.sa/BoeLaws/Laws/LawDetails/cc46debb-482e-48be-9daf-a9a700f2bfe7/1,,,تتضمن اللائحة : معاني الألفاظ والعبارات الخاصة بها، وعقدا من ثلاث نسخ لتنظيم العمل بين عامل الخدمة المنزلية وصاحب العمل، ويتضمن العقد الشروط المتفق عليها بين الطرفين، والالتزامات التي يلتزم بها عامل الخدمة المنزلية، والتزامات صاحب العمل، ويتضمن العقد من...,هيئة الخبراء بمجلس الوزراء,ADD_OFFICIAL_CANONICAL
e4436403-31ee-439c-bac4-a9a700f2a17d,نظام توزيع الغاز الجاف وغاز البترول السائل للأغراض السكنية والتجارية,https://laws.boe.gov.sa/BoeLaws/Laws/LawDetails/e4436403-31ee-439c-bac4-a9a700f2a17d/1,1438/12/01 هـ,1440/03/21 هـ,يتضمن النظام : المقصود بالألفاظ والعبارات الواردة بالنظام ، أهداف النظام ، ما تتولاه الهيئة لتحقيق أهداف النظام ، أوجه النشاط الخاضعة للنظام . لا يجوز لأي شخص ممارسة أيٍّ من أوجه النشاط؛ إلا بعد الحصول على رخصة ، ماتحدده اللائحة التنفيذية واللوائح من من...,هيئة الخبراء بمجلس الوزراء,ADD_OFFICIAL_CANONICAL
f0761b32-f420-4435-bd2f-a9a700f25a36,النظام الأساسي للمجلس الدولي للتمور,https://laws.boe.gov.sa/BoeLaws/Laws/LawDetails/f0761b32-f420-4435-bd2f-a9a700f25a36/1,1438/01/24 هـ,1440/03/21 هـ,يتضمن النظام : معاني العبارات والألفاظ الخاصة به، الوضع القانوني للمجلس ،وللمجلس أهداف عديدة ومهامات، ويكون المقر الدائم مدينة الرياض، وللمجلس امتيازات منها الحصانة. ويشمل النظام أنواع العضوية وحقوق العضو الكامل، والتزامات الأعضاء، وحقوق العضو المشارك، ،...,هيئة الخبراء بمجلس الوزراء,ADD_OFFICIAL_CANONICAL
1c026125-b0b2-4ea7-b374-a9a700f2c0ee,تنظيم مجلس شؤون الأسرة,https://laws.boe.gov.sa/BoeLaws/Laws/LawDetails/1c026125-b0b2-4ea7-b374-a9a700f2c0ee/1,1437/10/20 هـ,1440/03/21 هـ,يتضمن التنظيم : العبارات والألفاظ الواردة بالتنظيم ، وإنشاء مجلس برئاسة الوزير باسم «مجلس شؤون الأسرة»، يتولى مهمة رعاية شؤون الاسرة داخل المملكة ، تشكيل المجلس ، ويهدف المجلس إلى تعزيز مكانة الأسرة ودورها في المجتمع والنهوض بها، ويشكل ما يلزم من لجان...,هيئة الخبراء بمجلس الوزراء,ADD_OFFICIAL_CANONICAL
8f0b8e8e-a856-4567-9396-a9a700f20b4d,تنظيم مجمع الملك عبدالعزيز للمكتبات الوقفية,https://laws.boe.gov.sa/BoeLaws/Laws/LawDetails/8f0b8e8e-a856-4567-9396-a9a700f20b4d/1,1437/09/15 هـ,1440/03/21 هـ,يتضمن التنظيم : العبارات والألفاظ الواردة به، ويتمتع المجمع بالشخصية الاعتبارية الاستقلال المالي والإداري، ويهدف المجمع إلى المحافظة على المكتبات الوقفية وخدمتها وإتاحتها للعامة، مع احتفاظ كل مكتبة توقف في المجمع باسمها، ويكون للمجمع مجلس أمناء برئاسة هو...,هيئة الخبراء بمجلس الوزراء,ADD_OFFICIAL_CANONICAL
75b36744-adcf-4642-80ce-a9a700f1f4d9,تنظيم الهيئة العامة للزكاة والدخل,https://laws.boe.gov.sa/BoeLaws/Laws/LawDetails/75b36744-adcf-4642-80ce-a9a700f1f4d9/1,,,يتضمن التنظيم : معاني العبارات والألفاظ الخاصة به، وتتمتع الهيئة بالشخصية الاعتبارية وبالاستقلال المالي والإداري، وهدف الهيئة القيام بأعمال جباية الزكاة وتحصيل الضرائب، ويكون للهيئة مجلس إدارة برئاسة وزير المالية، يتولى الإشراف على إدارة شؤون الهيئة، في...,هيئة الخبراء بمجلس الوزراء,ADD_OFFICIAL_CANONICAL
2c8fa0b0-32d4-4fec-9dce-a9a700f1767a,تنظيم اللجنة الوطنية لمتابعة مبادرة خادم الحرمين الشريفين الملك عبدالله بن عبدالعزيز آل سعود للحوار بين أتباع الأديان والثقافات,https://laws.boe.gov.sa/BoeLaws/Laws/LawDetails/2c8fa0b0-32d4-4fec-9dce-a9a700f1767a/1,1437/01/13 هـ,1440/03/21 هـ,يتضمن التنظيم : هدف اللجنة الوطنية وهو متابعة مبادرة خادم الحرمين للحوار بين أتباع الأديان والثقافات، رفع توصيات اللجنة الوطنية لوزير الخارجية، وكيفية تشكيل اللجنة الوطنية، ومكان عقد الاجتماعات الخاصة للجنة الوطنية، يكون للجنة الوطنية أمانة مقرها مركز ،...,هيئة الخبراء بمجلس الوزراء,ADD_OFFICIAL_CANONICAL
b359badb-2ea0-4cbc-bbfb-a9a700f2f11b,لائحة إنشاء الطرق من قبل الأهالي والشركات,https://laws.boe.gov.sa/BoeLaws/Laws/LawDetails/b359badb-2ea0-4cbc-bbfb-a9a700f2f11b/1,1422/06/29 هـ,1440/03/21 هـ,تتضمن اللائحة : السماح للشركات الأهالي بفتح الطرق على حسابهم، مع تقديم صاحب الطلب مخططا موضحا فيه الطريق المطلوب فتحه لوزارة المواصلات أو وزارة الشؤون البلدية والقروية أو وزارة الزراعة والمياه، ومن ثم تقوم الوزارة المختصة بتسلمه وضمه لبرامج صيانة الطرق...,هيئة الخبراء بمجلس الوزراء,ADD_OFFICIAL_CANONICAL
1849b646-0b05-427d-9116-a9a700f2f175,لائحة ضوابط دخول القوارب (السنابيك) إلى موانئ المملكة العربية السعودية والغرامات المترتبة,https://laws.boe.gov.sa/BoeLaws/Laws/LawDetails/1849b646-0b05-427d-9116-a9a700f2f175/1,1409/08/20 هـ,1440/03/21 هـ,تتضمن اللائحة : شروط دخول القوارب (السنابيك) إلى موانئ المملكة، وفرض الغرامات على من يخالف الضوابط السابقة، وتطبيق الضوابط والغرامات إلزامي على المناطق والموانئ البحرية بالمملكة كافة.,هيئة الخبراء بمجلس الوزراء,ADD_OFFICIAL_CANONICAL
dcc76b09-2e3b-41cc-8b8f-a9a700f2bb5e,اللائحة الأساسية لبرامج تأهيل المعوقين,https://laws.boe.gov.sa/BoeLaws/Laws/LawDetails/dcc76b09-2e3b-41cc-8b8f-a9a700f2bb5e/1,,,تتضمن اللائحة : تنظيم برامج تأهيل المعوقين، ومراكز التأهيل المهني للمعوقين، مراكز التأهيل الاجتماعي لشديدي الإعاقة، وتشرح اللائحة فئات المعوقين التي تقبل بهذه المراكز، وشروط قبول شديدي الإعاقة، كما أن المراكز تقوم بتوفير كثير من الخدمات، وحالات انتهاء...,هيئة الخبراء بمجلس الوزراء,ADD_OFFICIAL_CANONICAL
8e4bbe17-7156-445b-9928-a9a700f2c03d,لائحة دور الرعاية الاجتماعية,https://laws.boe.gov.sa/BoeLaws/Laws/LawDetails/8e4bbe17-7156-445b-9928-a9a700f2c03d/1,1434/09/14 هـ,1440/03/21 هـ,تتضمن اللائحة : معاني الألفاظ والعبارات الخاصة بها، وتعريف دار الرعاية، والهدف من الدار، وشروط القبول في الدار، والواجبات التي يجب أن تلتزم بها الدار، كما تخصص الدار قسما للرجال وآخر للنساء، ومبلغا من المال لتغطية مصروفات النزيل الشخصية، وتتضمن اللائحة...,هيئة الخبراء بمجلس الوزراء,ADD_OFFICIAL_CANONICAL
c0469b2e-535b-43ca-a5a8-a9a700f2c095,اللائحة التنفيذية لضبط أعمال تفتيش العمل وتنظيمها,https://laws.boe.gov.sa/BoeLaws/Laws/LawDetails/c0469b2e-535b-43ca-a5a8-a9a700f2c095/1,1428/08/14 هـ,1440/03/21 هـ,تتضمن اللائحة : معاني العبارات والألفاظ الواردة بها، ولا يجوز تبديل مفتشي العمل بعد تعيينهم، يحمل مفتش العمل بطاقة تحمل صورته ومختومة بالختم الرسمي للوزارة، وتتولى الإدارة المركزية مهمات محددة لتفتيش العمل، كما أن لمفتشي العمل واجبات، وعليهم إمداد أصحاب...,هيئة الخبراء بمجلس الوزراء,ADD_OFFICIAL_CANONICAL
a910b5ff-6770-4978-99f5-a9a700f2c140,قواعد التعامل مع الوافدين من مخالفي الأنظمة,https://laws.boe.gov.sa/BoeLaws/Laws/LawDetails/a910b5ff-6770-4978-99f5-a9a700f2c140/1,1434/05/12 هـ,1440/03/21 هـ,تتولى وزارة الداخلية ضبط الوافدين العاملين لحسابهم الخاص، وحالات ترحيل الوافد المخالف، على الشركات والمؤسسات المختصة بخدمات الحجاج والمعتمرين إبلاغ الجهة المختصة عن تأخر أي حاج معتمر عن المغادرة بعد انتهاء المدة المحددة لإقامته، ويجب على الشركات والمؤسسات...,هيئة الخبراء بمجلس الوزراء,ADD_OFFICIAL_CANONICAL
de7dfbea-f1ca-4cd0-b664-a9a700f28e01,تنظيم نفقات المرضى السعوديين ومرافقيهم المحولين للعلاج خارج مناطق إقامتهم,https://laws.boe.gov.sa/BoeLaws/Laws/LawDetails/de7dfbea-f1ca-4cd0-b664-a9a700f28e01/1,1421/07/12 هـ,1440/03/21 هـ,يتضمن التنظيم : صرف إعانة للمرضى ومرافقيهم وإعطاء تذكرة إركاب «ذهاب وعودة» لكل من المريض والمرافق وإصدار قرارات طبية للعلاج في الخارج، كما تتولى وزارة الصحة جميع النفقات المقررة، وتحديد الجهات التي لديها إمكانيات العلاج وصرف مبلغ للمريض ومبلغ لخدمته خارج...,هيئة الخبراء بمجلس الوزراء,ADD_OFFICIAL_CANONICAL
f9c638b2-ee80-4f2b-8406-a9a700f292d3,لائحة البحوث والدراسات في وزارة الصحة,https://laws.boe.gov.sa/BoeLaws/Laws/LawDetails/f9c638b2-ee80-4f2b-8406-a9a700f292d3/1,1433/08/26 هـ,1440/03/21 هـ,تتضمن اللائحة : معاني الألفاظ والعبارات الخاصة بها، والهدف من اللائحة، وعددا من اللجان مثل لجنة اعتماد أولويات البحوث، واللجنة العلمية وغيرهما، وللوزارة الحق في أن تطلب من الباحثين أو جهة أو أكثر إعداد مشروع بحثي في موضوع معين، وذلك وفق للمنهج العلمي ضد...,هيئة الخبراء بمجلس الوزراء,ADD_OFFICIAL_CANONICAL
12752a60-2a4a-4cab-a05d-a9a700f274a5,اللائحة التنفيذية لنظام التحكيم,https://laws.boe.gov.sa/BoeLaws/Laws/LawDetails/12752a60-2a4a-4cab-a05d-a9a700f274a5/1,1438/08/26 هـ,1440/03/21 هـ,تتضمن اللائحة : معاني العبارات والألفاظ الخاصة به، ومحكمة الاستئناف المحتصة بنظر النزاع، للمحكم التنحي عن نظر النزاع إذا طلب رده، وتودع نسخة من العقد المبرم مع المحكم، ملء بيانات طلب التحكيم، تتولى المحكمة المختصة اختيار محكم إذا لم يتفق طرفا التحكيم على...,هيئة الخبراء بمجلس الوزراء,ADD_OFFICIAL_CANONICAL
5cfaf54a-f52f-427f-92bd-a9a700f21f30,لائحة الغرامات والجزاءات عن المخالفات البلدية,https://laws.boe.gov.sa/BoeLaws/Laws/LawDetails/5cfaf54a-f52f-427f-92bd-a9a700f21f30/1,,,تتضمن اللائحة : معاني العبارات والألفاظ الواردة بها، وتوضيحا لكيفية تطبيق الغرامات والجزاءات، وضبط المخالفات بموجب محضر، وإلزام مرتكب المخالفة البلدية بإصلاح ما أتلفه، مع جواز التظلم أمام وزير الشؤون البلدية، ويتم تحصيل الغرامات بموجب اللائحة ووفقا في من...,هيئة الخبراء بمجلس الوزراء,ADD_OFFICIAL_CANONICAL
db470744-edce-47a9-8f45-a9a700f201f3,لائحة المدارس الأجنبية,https://laws.boe.gov.sa/BoeLaws/Laws/LawDetails/db470744-edce-47a9-8f45-a9a700f201f3/1,1418/02/04 هـ,1440/03/21 هـ,تتضمن اللائحة : معاني الألفاظ والعبارات الخاصة بها، وتنظم هذه اللائحة وضع المدارس الأجنبية الخاصة بالجاليات المقيمة في المملكة، وتتولى الوزارة الإشراف عليها، وفتح أي مدرسة أجنبية لا بد أن يكون بموافقة الوزير، ويكون الإشراف برئاسة الوزير، ويضع مجلس لتنفيذ...,هيئة الخبراء بمجلس الوزراء,ADD_OFFICIAL_CANONICAL
4ec27eee-f917-408c-85eb-a9f6011ea426,نظام الأحداث,https://laws.boe.gov.sa/BoeLaws/Laws/LawDetails/4ec27eee-f917-408c-85eb-a9f6011ea426/1,1439/11/19 هـ,1440/02/22 هـ,نظام الأحداث,هيئة الخبراء بمجلس الوزراء,ADD_OFFICIAL_CANONICAL
c7a054a8-6dbc-4323-9405-aa3f00bd5985,تنظيم هيئة تقويم التعليم والتدريب,https://laws.boe.gov.sa/BoeLaws/Laws/LawDetails/c7a054a8-6dbc-4323-9405-aa3f00bd5985/1,1440/02/14 هـ,1440/02/14 هـ,تنظيم هيئة تقويم التعليم والتدريب,هيئة الخبراء بمجلس الوزراء,ADD_OFFICIAL_CANONICAL
b2a5786f-45c4-42e5-8dfd-a9f901511e2c,اللائحة التنظيمية لعمل الأسر المنتجة,https://laws.boe.gov.sa/BoeLaws/Laws/LawDetails/b2a5786f-45c4-42e5-8dfd-a9f901511e2c/1,1440/02/07 هـ,1440/02/07 هـ,اللائحة التنظيمية لعمل الأسر المنتجة,هيئة الخبراء بمجلس الوزراء,ADD_OFFICIAL_CANONICAL
e4e5f15c-9728-4ed1-b1b9-a9fc00b15fef,تنظيم المنطقة الخاصة اللوجستية المتكاملة,https://laws.boe.gov.sa/BoeLaws/Laws/LawDetails/e4e5f15c-9728-4ed1-b1b9-a9fc00b15fef/1,1440/02/01 هـ,1440/02/01 هـ,تنظيم المنطقة الخاصة اللوجستية المتكاملة,هيئة الخبراء بمجلس الوزراء,ADD_OFFICIAL_CANONICAL
a748e485-620c-45c4-8ca8-a9f40166406d,اللائحة التنفيذية لنظام الإفلاس,https://laws.boe.gov.sa/BoeLaws/Laws/LawDetails/a748e485-620c-45c4-8ca8-a9f40166406d/1,1439/12/24 هـ,1439/12/30 هـ,اللائحة التنفيذية لنظام الإفلاس,هيئة الخبراء بمجلس الوزراء,ADD_OFFICIAL_CANONICAL
5fa38926-e89f-42fc-bf9f-ac4d00e16635,تنظيم هيئة تطوير بوابة الدرعية,https://laws.boe.gov.sa/BoeLaws/Laws/LawDetails/5fa38926-e89f-42fc-bf9f-ac4d00e16635/1,1438/10/26 هـ,1439/12/26 هـ,تضمن التنظيم : تعريفات، شخصية الهيئة واستقلالها المالي والإداري وارتباطها التنظيمي ومقرها، هدف الهيئة، اختصاصات الهيئة، مجلس إدارة الهيئة، اختصاصات وصلاحيات المجلس، اجتماعات المجلس، رئيس الهيئة التنفيذي واختصاصاته، الأنظمة التي يخضع لها منسوبي الهيئة، من...,هيئة الخبراء بمجلس الوزراء,ADD_OFFICIAL_CANONICAL
552d21ef-81c0-4373-bd8a-a9f6016398ef,نظام التعامل مع الموارد الوراثية النباتية للأغذية والزراعة,https://laws.boe.gov.sa/BoeLaws/Laws/LawDetails/552d21ef-81c0-4373-bd8a-a9f6016398ef/1,1439/10/27 هـ,1439/11/12 هـ,نظام التعامل مع الموارد الوراثية النباتية للأغذية والزراعة,هيئة الخبراء بمجلس الوزراء,ADD_OFFICIAL_CANONICAL
2ae2b616-e5c9-4b81-b55e-ae3d00acbf1a,تنظيم هيئات تطوير المناطق والمدن واللائحة المالية لهيئات تطوير المناطق والمدن واللائحة الإدارية لهيئات تطوير المناطق والمدن,https://laws.boe.gov.sa/BoeLaws/Laws/LawDetails/2ae2b616-e5c9-4b81-b55e-ae3d00acbf1a/1,1439/09/07 هـ,1439/10/22 هـ,تضمن التنظيم : تعريفات، الهيئات التي يسري عليها التنظيم، شخصية الهيئة واستقلالها وارتباطها التنظيمي، هدف الهيئة ومهماتها واختصاصاتها، مجلس الهيئة، اختصاصات وصلاحيات المجلس، اجتماعات المجلس، اللجنة التنفيذية للمجلس واجتماعاتها واختصاصاتها، من...,هيئة الخبراء بمجلس الوزراء,ADD_OFFICIAL_CANONICAL
884a0f1e-1e36-4ba3-9574-a9f6010f31ce,تنظيم دارة الملك عبدالعزيز,https://laws.boe.gov.sa/BoeLaws/Laws/LawDetails/884a0f1e-1e36-4ba3-9574-a9f6010f31ce/1,1439/09/14 هـ,1439/09/30 هـ,تنظيم دارة الملك عبدالعزيز,هيئة الخبراء بمجلس الوزراء,ADD_OFFICIAL_CANONICAL
f9de1b7f-7526-4c44-b9f3-a9f8015cf5b6,نظام مكافحة جريمة التحرش,https://laws.boe.gov.sa/BoeLaws/Laws/LawDetails/f9de1b7f-7526-4c44-b9f3-a9f8015cf5b6/1,1439/09/16 هـ,1439/09/23 هـ,نظم مكافحة جريمة التحرش,هيئة الخبراء بمجلس الوزراء,ADD_OFFICIAL_CANONICAL
6cf17f84-7a45-4ff1-a61a-a9f600fd90bd,تنظيم الهيئة السعودية للملكية الفكرية,https://laws.boe.gov.sa/BoeLaws/Laws/LawDetails/6cf17f84-7a45-4ff1-a61a-a9f600fd90bd/1,1439/09/14 هـ,1439/09/23 هـ,تنظيم الهيئة السعودية للملكية الفكرية,هيئة الخبراء بمجلس الوزراء,ADD_OFFICIAL_CANONICAL
7dd058e6-3f77-4eaa-a069-a9f801447c70,نظام مطاحن إنتاج الدقيق,https://laws.boe.gov.sa/BoeLaws/Laws/LawDetails/7dd058e6-3f77-4eaa-a069-a9f801447c70/1,1439/08/16 هـ,1439/09/02 هـ,"\- الموافقة على نظام مطاحن إنتاج الدقيق \- إحلال عبارة ""الهيئة العامة للأمن الغذائي"" محل عبارة ""المؤسسة العامة للحبوب"" أينما وردت في النظام، وإحلال كلمة ""الهيئة"" محل كلمة ""المؤسسة"" أينما وردت في النظام، وذلك بموجب رقم...",هيئة الخبراء بمجلس الوزراء,ADD_OFFICIAL_CANONICAL
4db42334-ba00-47bf-b9f9-a9f4016e0ac1,النظام الأساس لجمعية الكشافة العربية السعودية,https://laws.boe.gov.sa/BoeLaws/Laws/LawDetails/4db42334-ba00-47bf-b9f9-a9f4016e0ac1/1,1439/07/25 هـ,1439/08/23 هـ,النظام الأساس لجمعية الكشافة العربية السعودية,هيئة الخبراء بمجلس الوزراء,ADD_OFFICIAL_CANONICAL
c447d12a-6c10-40c2-a51e-a9f7000a97cb,نظام الرقابة على الاستخدامات النووية والاشعاعية,https://laws.boe.gov.sa/BoeLaws/Laws/LawDetails/c447d12a-6c10-40c2-a51e-a9f7000a97cb/1,1439/07/25 هـ,1439/08/08 هـ,نظام الرقابة على الاستخدامات النووية والاشعاعية,هيئة الخبراء بمجلس الوزراء,ADD_OFFICIAL_CANONICAL
2a68bdd7-6395-417e-be02-a9f70181b49c,نظام المسؤولية المدنية عن الأضرار النووية,https://laws.boe.gov.sa/BoeLaws/Laws/LawDetails/2a68bdd7-6395-417e-be02-a9f70181b49c/1,1439/07/25 هـ,1439/08/08 هـ,نظام المسؤولية المدنية عن الأضرار النووية,هيئة الخبراء بمجلس الوزراء,ADD_OFFICIAL_CANONICAL
e7bd6fcc-c29c-4696-8032-aae9009b113a,نظام الرهن التجاري,https://laws.boe.gov.sa/BoeLaws/Laws/LawDetails/e7bd6fcc-c29c-4696-8032-aae9009b113a/1,1439/08/08 هـ,1439/08/08 هـ,نظام الرهن التجاري,هيئة الخبراء بمجلس الوزراء,ADD_OFFICIAL_CANONICAL
95b320eb-06f8-4e5c-95d1-aa3a0106ede6,تنظيم المركز السعودي لكفاءة الطاقة,https://laws.boe.gov.sa/BoeLaws/Laws/LawDetails/95b320eb-06f8-4e5c-95d1-aa3a0106ede6/1,1439/07/03 هـ,1439/07/19 هـ,تنظيم المركز السعودي لكفاءة الطاقة \- إحلال عبارة (وزارة الطاقة) محل عبارة (وزارة الطاقة والصناعة والثروة المعدنية)، وعبارة (وزير الطاقة) محل عبارة (وزير الطاقة والصناعة والثروة المعدنية)، وذلك بموجب قرار مجلس الوزراء رقم (693) وتاريخ 1441/11/2هـ.,هيئة الخبراء بمجلس الوزراء,ADD_OFFICIAL_CANONICAL
c5bf1170-5ee7-4d6f-b69d-a9eb017e7912,تنظيم الهيئة العامة للجمارك,https://laws.boe.gov.sa/BoeLaws/Laws/LawDetails/c5bf1170-5ee7-4d6f-b69d-a9eb017e7912/1,,,تنظيم الهيئة العامة للجمارك,هيئة الخبراء بمجلس الوزراء,ADD_OFFICIAL_CANONICAL
da239a6c-1c67-443e-9b6b-a9ed003fd9e6,تـنظيم هيـئـة الرقابة النوويـة والإشعـاعـية,https://laws.boe.gov.sa/BoeLaws/Laws/LawDetails/da239a6c-1c67-443e-9b6b-a9ed003fd9e6/1,1439/06/25 هـ,1439/06/25 هـ,تـنظيم هيـئـة الرقابة النوويـة والإشعـاعـية,هيئة الخبراء بمجلس الوزراء,ADD_OFFICIAL_CANONICAL
a04e017e-cefb-4939-973f-a9ee00ff5646,تنظيم الهيئة العامة للموانئ,https://laws.boe.gov.sa/BoeLaws/Laws/LawDetails/a04e017e-cefb-4939-973f-a9ee00ff5646/1,1439/06/11 هـ,1439/06/11 هـ,تنظيم الهيئة العامة للموانئ,هيئة الخبراء بمجلس الوزراء,ADD_OFFICIAL_CANONICAL
68204119-84f1-4789-8fad-a9ec014c3788,نظام الإفلاس,https://laws.boe.gov.sa/BoeLaws/Laws/LawDetails/68204119-84f1-4789-8fad-a9ec014c3788/1,1439/05/28 هـ,1439/05/28 هـ,نظام الإفلاس,هيئة الخبراء بمجلس الوزراء,ADD_OFFICIAL_CANONICAL
c99fc50a-eeb9-46ab-8144-a9ec01007992,تنظيم هيئة رعاية الأشخاص ذوي الإعاقة,https://laws.boe.gov.sa/BoeLaws/Laws/LawDetails/c99fc50a-eeb9-46ab-8144-a9ec01007992/1,1439/05/27 هـ,1439/05/27 هـ,تنظيم هيئة رعاية الأشخاص ذوي الإعاقة,هيئة الخبراء بمجلس الوزراء,ADD_OFFICIAL_CANONICAL
9d240ae2-a709-48ee-ac82-a9ed0119f62d,نظام الوقاية من متلازمة العوز المناعي المكتسب (الإيدز) وحقوق المصابين وواجباتهم,https://laws.boe.gov.sa/BoeLaws/Laws/LawDetails/9d240ae2-a709-48ee-ac82-a9ed0119f62d/1,1439/04/16 هـ,1439/04/16 هـ,نظام الوقاية من متلازمة العوز المناعي المكتسب (الإيدز) وحقوق المصابين وواجباتهم,هيئة الخبراء بمجلس الوزراء,ADD_OFFICIAL_CANONICAL
7912ce55-36b8-4db2-8e59-a9eb016d382f,تنظيم المؤسسة العامة للري 1439هـ,https://laws.boe.gov.sa/BoeLaws/Laws/LawDetails/7912ce55-36b8-4db2-8e59-a9eb016d382f/1,,,تنظيم المؤسسة العامة للري,هيئة الخبراء بمجلس الوزراء,ADD_OFFICIAL_CANONICAL
7ea51f01-916d-4f4b-81b3-a9ed010a6dc5,نظام المواد الهيدروكربونية,https://laws.boe.gov.sa/BoeLaws/Laws/LawDetails/7ea51f01-916d-4f4b-81b3-a9ed010a6dc5/1,1439/04/02 هـ,1439/04/02 هـ,نظام المواد الهيدروكربونية,هيئة الخبراء بمجلس الوزراء,ADD_OFFICIAL_CANONICAL
ed5fdbc0-c183-4a8a-a8b7-a9ed004b5900,نظام الإعلام المرئي والمسموع,https://laws.boe.gov.sa/BoeLaws/Laws/LawDetails/ed5fdbc0-c183-4a8a-a8b7-a9ed004b5900/1,1439/03/25 هـ,1439/03/25 هـ,نظام الإعلام المرئي والمسموع,هيئة الخبراء بمجلس الوزراء,ADD_OFFICIAL_CANONICAL
3a56a72a-64f5-4902-b5f0-a9ec013d1bb1,تنظيم مركز الملك عبدالعزيز للخيل العربية الأصيلة,https://laws.boe.gov.sa/BoeLaws/Laws/LawDetails/3a56a72a-64f5-4902-b5f0-a9ec013d1bb1/1,1439/03/17 هـ,1439/03/17 هـ,تنظيم مركز الملك عبدالعزيز للخيل العربية الأصيلة,هيئة الخبراء بمجلس الوزراء,ADD_OFFICIAL_CANONICAL
8a1c4fdb-bd2e-4b80-865f-a9eb00f8fed1,تنظيم المركز السعودي للشراكات الاستراتيجية الدولية,https://laws.boe.gov.sa/BoeLaws/Laws/LawDetails/8a1c4fdb-bd2e-4b80-865f-a9eb00f8fed1/1,1439/03/03 هـ,1439/03/03 هـ,تنظيم المركز السعودي للشراكات الاستراتيجية الدولية,هيئة الخبراء بمجلس الوزراء,ADD_OFFICIAL_CANONICAL
fd05e9ef-bf19-4766-9121-a9ec01152301,تنظيم صندوق التنمية الوطني,https://laws.boe.gov.sa/BoeLaws/Laws/LawDetails/fd05e9ef-bf19-4766-9121-a9ec01152301/1,1439/03/03 هـ,1439/03/03 هـ,تنظيم صندوق التنمية الوطني,هيئة الخبراء بمجلس الوزراء,ADD_OFFICIAL_CANONICAL
7a84188e-a8b5-4ed2-bede-a9eb015999e0,تنظيم الهيئة العامة للثقافة,https://laws.boe.gov.sa/BoeLaws/Laws/LawDetails/7a84188e-a8b5-4ed2-bede-a9eb015999e0/1,,,تنظيم الهيئة العامة للثقافة,هيئة الخبراء بمجلس الوزراء,ADD_OFFICIAL_CANONICAL
216a2b6e-911e-4223-a11b-adab00c670a1,تنظيم الهيئة العامة للمنافسة,https://laws.boe.gov.sa/BoeLaws/Laws/LawDetails/216a2b6e-911e-4223-a11b-adab00c670a1/1,1439/01/20 هـ,1439/02/14 هـ,حل هذا التنظيم محل الترتيبات التنظيمية (التنظيم الأساسي لمجلس المنافسة) الصادرة بقرار مجلس الوزراء رقم (319) وتاريخ 1434/9/14 هـ، وتضمن : تعريفات، شخصية الهيئة واستقلالها المالي والإداري وارتباطها التنظيمي ومقرها وإنشاء مكاتب لها، مهام مجلس...,هيئة الخبراء بمجلس الوزراء,ADD_OFFICIAL_CANONICAL
57694209-3eed-46c7-a5d8-a9ed012761d4,نظام مكافحة جرائم الإرهاب وتمويله,https://laws.boe.gov.sa/BoeLaws/Laws/LawDetails/57694209-3eed-46c7-a5d8-a9ed012761d4/1,1439/02/12 هـ,1439/02/12 هـ,نظام مكافحة جرائم الإرهاب وتمويله,هيئة الخبراء بمجلس الوزراء,ADD_OFFICIAL_CANONICAL
0657dfce-95f8-463a-9d87-aa3900ec7b51,نظام مكافحة غسل الأموال,https://laws.boe.gov.sa/BoeLaws/Laws/LawDetails/0657dfce-95f8-463a-9d87-aa3900ec7b51/1,1439/02/05 هـ,1439/02/05 هـ,نظام مكافحة غسل الأموال,هيئة الخبراء بمجلس الوزراء,ADD_OFFICIAL_CANONICAL
8ed6aa8c-707c-4987-9c56-a9eb013b8d6f,تنظيم المركز الوطني للتعليم الإلكتروني,https://laws.boe.gov.sa/BoeLaws/Laws/LawDetails/8ed6aa8c-707c-4987-9c56-a9eb013b8d6f/1,1439/01/13 هـ,1439/01/13 هـ,تنظيم المركز الوطني للتعليم الإلكتروني,هيئة الخبراء بمجلس الوزراء,ADD_OFFICIAL_CANONICAL
43c53ab1-1cb3-4d76-ab39-a9f5012d437c,النظام الأساسي للهيئة القضائية الاقتصادية لمجلس التعاون لدول الخليج العربية,https://laws.boe.gov.sa/BoeLaws/Laws/LawDetails/43c53ab1-1cb3-4d76-ab39-a9f5012d437c/1,1438/11/09 هـ,1438/11/25 هـ,النظام الأساسي للهيئة القضائية الاقتصادية لمجلس التعاون لدول الخليج العربية,هيئة الخبراء بمجلس الوزراء,ADD_OFFICIAL_CANONICAL
2991e70b-c30f-49d2-adeb-ac3e00d073a9,قواعد عمل اللجان الإشرافية للقطاعات المستهدفة بالتخصيص ومهماتها1438هـ,https://laws.boe.gov.sa/BoeLaws/Laws/LawDetails/2991e70b-c30f-49d2-adeb-ac3e00d073a9/1,,,الموافقة علىقواعد عمل اللجان الإشرافية للقطاعات المستهدفة بالتخصيص ومهماتها، وذلك بموجب قرار مجلس الوزراء رقم (665) وتاريخ 1438/11/8هـ.,هيئة الخبراء بمجلس الوزراء,ADD_OFFICIAL_CANONICAL
856b8992-cf28-422a-96a8-a9ec0127f6e7,تنظيم صندوق النفقة,https://laws.boe.gov.sa/BoeLaws/Laws/LawDetails/856b8992-cf28-422a-96a8-a9ec0127f6e7/1,1438/11/15 هـ,1438/11/15 هـ,تنظيم صندوق النفقة,هيئة الخبراء بمجلس الوزراء,ADD_OFFICIAL_CANONICAL
ebb751a1-6f0b-4595-9736-a9a700f1f47b,نظام مزاولة المهن الهندسية,https://laws.boe.gov.sa/BoeLaws/Laws/LawDetails/ebb751a1-6f0b-4595-9736-a9a700f1f47b/1,1438/04/19 هـ,1438/05/06 هـ,يتضمن النظام : معاني العبارات والألفاظ الخاصة به، ولابد لمزاولة المهن الهندسية من ترخيص أو تصريح، ويحظر تشغيل غير المعتمدين، أو قبول أعمالهم، كما يتضمن النظام شروط الاعتماد المهني، ويجب على المعتمد مهنيًّا ذكر اسمه ودرجته المهنية ورقم اعتماده على جميع شطب...,هيئة الخبراء بمجلس الوزراء,ADD_OFFICIAL_CANONICAL
a98158eb-927b-4f8c-a9ff-a9a700f21e78,تنظيم الهيئة العامة للعقار,https://laws.boe.gov.sa/BoeLaws/Laws/LawDetails/a98158eb-927b-4f8c-a9ff-a9a700f21e78/1,1438/04/25 هـ,1438/05/06 هـ,يتضمن التنظيم : معاني العبارات والألفاظ الخاصة به، وتتمتع الهيئة بالشخصية الاعتبارية وبالاستقلال المالي والإداري ويكون مقرها الرئيس فى الرياض، والهدف من الهيئة العمل على تنظيم النشاط العقاري غير الحكومي، ويكون لها مجلس إدارة برئاسة الوزير ومعه أعضاء هو (...,هيئة الخبراء بمجلس الوزراء,ADD_OFFICIAL_CANONICAL
788be42c-94c8-48ae-bdf9-a9a700f273f4,لائحة أعضاء هيئة التحقيق والادعاء العام والعاملين فيها,https://laws.boe.gov.sa/BoeLaws/Laws/LawDetails/788be42c-94c8-48ae-bdf9-a9a700f273f4/1,1437/09/22 هـ,1437/10/24 هـ,تتضمن اللائحة : التعيين والترقية والنقل ، والشروط المطلوبة فيمن يعين عضواً ، مع إخضاع أعضاء الهيئة لبرنامج تدريبي مكثف لا تقل مدته عن ستة أشهر، ويحدد مجلس الهيئة المقصود بالأعمال النظيرة، ووضع معايير للترقية بين أعضاء الهيئة. تقويم أداء أعضاء الهيئة، مع...,هيئة الخبراء بمجلس الوزراء,ADD_OFFICIAL_CANONICAL
b2d0decd-a691-45b9-9af0-a9a700f1e86f,قانون (نظام) العلامات التجارية لدول مجلس التعاون لدول الخليج العربية,https://laws.boe.gov.sa/BoeLaws/Laws/LawDetails/b2d0decd-a691-45b9-9af0-a9a700f1e86f/1,1435/07/26 هـ,1437/09/26 هـ,يتضمن النظام : التعريف بالألفاظ والعبارات الخاصة به، إجراءات تسجيل العلامات التجارية، مدة حماية العلامة التجارية، شطب تسجيل العلامة التجارية، نقل ملكية العلامة ورهنها والحجز عليها، عقود الترخيص، العلامات الجماعية وعلامات المراقبة وعلامات الهيئات ذات النفع...,هيئة الخبراء بمجلس الوزراء,ADD_OFFICIAL_CANONICAL
c4da61a8-c85e-49de-a751-a9a700f2db8b,تنظيم المركز الوطني لقياس أداء الأجهزة العامة,https://laws.boe.gov.sa/BoeLaws/Laws/LawDetails/c4da61a8-c85e-49de-a751-a9a700f2db8b/1,1437/08/02 هـ,1437/08/20 هـ,يتضمن التنظيم : العبارات والألفاظ الواردة به، ويتمتع المركز بالشخصية الاعتبارية وبالاستقلال المالي والإداري، وللمركز هدف وهو قياس أداء الأجهزة، كما أن له مهام يؤديها باستخدام وسائل متعددة، ويكون للمركز مجلس إدارة هو السلطة العليا للمركز وله اتخاذ جميع ،...,هيئة الخبراء بمجلس الوزراء,ADD_OFFICIAL_CANONICAL
d7ab6b0a-b50b-4be5-9284-a9a700f209d4,تنظيم الرئاسة العامة لهيئة الأمر بالمعروف والنهي عن المنكر,https://laws.boe.gov.sa/BoeLaws/Laws/LawDetails/d7ab6b0a-b50b-4be5-9284-a9a700f209d4/1,1437/07/04 هـ,1437/07/29 هـ,يتضمن التنظيم : الرئاسة العامة للهيئة هي جهاز مستقل، ويكون رئيس الهيئة بمرتبة وزير يُعيَّن بأمر ملكي، ولكل منطقة هيئة فرعية للأمر بالمعروف والنهي عن المنكر، والرئيس العام للهيئة هو المسؤول عن إدارتها، ويتضمن التنظيم اختصاصات الهيئة والمنسوبين لها، وعلى...,هيئة الخبراء بمجلس الوزراء,ADD_OFFICIAL_CANONICAL
e5bfc2bb-5ad0-493f-b10c-a9a700f1f2e1,تنظيم الهيئة العامة للمنشآت الصغيرة والمتوسطة,https://laws.boe.gov.sa/BoeLaws/Laws/LawDetails/e5bfc2bb-5ad0-493f-b10c-a9a700f1f2e1/1,1437/07/11 هـ,1437/07/29 هـ,يتضمن التنظيم : العبارات والألفاظ الواردة به، وتتمتع الهيئة بالشخصية الاعتبارية والاستقلال المالي والإداري، وتهدف الهيئة لتنظيم قطاع المنشآت في المملكة، والمجلس هو السلطة العليا للهيئة، وتعقد اجتماعاته في مقر الهيئة برئاسة رئيس المجلس، وللهيئة محافظ يعين...,هيئة الخبراء بمجلس الوزراء,ADD_OFFICIAL_CANONICAL
cabff788-438d-4003-be74-a9a700f2bcde,نظام الهيئة العامة للأوقاف,https://laws.boe.gov.sa/BoeLaws/Laws/LawDetails/cabff788-438d-4003-be74-a9a700f2bcde/1,1437/02/26 هـ,1437/03/14 هـ,يتضمن النظام : العبارات والألفاظ الواردة بالنظام ، والهيئة العامة للأوقاف هي هيئة عامة ذات شخصية اعتبارية مستقلة ،تتمتع بالاستقلال المالي والإداري، وترتبط برئيس مجلس الوزراء ومقرها الرئيس الرياض. تهدف لتنظيم الأوقاف، والمحافظة عليها وتطويرها وتنميتها ،...,هيئة الخبراء بمجلس الوزراء,ADD_OFFICIAL_CANONICAL
37e0768f-8e3c-493a-b951-a9a700f2bbb1,نظام الجمعيات والمؤسسات الأهلية,https://laws.boe.gov.sa/BoeLaws/Laws/LawDetails/37e0768f-8e3c-493a-b951-a9a700f2bbb1/1,1437/02/19 هـ,1437/03/07 هـ,يتضمن النظام : العبارات والألفاظ الواردة به، وللنظام أهداف عديدة ، وتصنف الجمعيات والمؤسسات لأغراض هذا النظام وفقاً لمعايير محددة ، ويحدد النظام مهمات الوزارة و الجهة المشرفة ، وتكون الوزارة هي المسؤولة عن إصدار التراخيص للجمعيات والمؤسسات، وإنشاء صندوق...,هيئة الخبراء بمجلس الوزراء,ADD_OFFICIAL_CANONICAL
6932e745-0f61-4f25-9e4a-a9a700f21d6b,نظام رسوم الأراضي البيضاء والعقارات الشاغرة,https://laws.boe.gov.sa/BoeLaws/Laws/LawDetails/6932e745-0f61-4f25-9e4a-a9a700f21d6b/1,1437/02/12 هـ,1437/02/29 هـ,يتضمن النظام : العبارات والألفاظ الواردة بالنظام، له أهداف عديدة ، مع فرض رسوم سنوية على الأراضي البيضاء المملوكة لشخص أو أكثر من ذوي الصفة الطبيعية أو الاعتبارية غير الحكومية ، كما تتولى الوزارة بالتنسيق مع الجهات ذات العلاقة تطبيق أحكام النظام وإنشاء...,هيئة الخبراء بمجلس الوزراء,ADD_OFFICIAL_CANONICAL
06272e6b-1fb9-4226-90b7-a9a700f21dc0,اللائحة التنفيذية لنظام نزع ملكية العقارات للمنفعة العامة ووضع اليد المؤقت على العقار,https://laws.boe.gov.sa/BoeLaws/Laws/LawDetails/06272e6b-1fb9-4226-90b7-a9a700f21dc0/1,1437/02/11 هـ,1437/02/29 هـ,تتضمن اللائحة : العبارات والألفاظ الواردة بها، إجراءات نزع الملكية، حالات نزع الملكية ، تحديد مكان شبكات المرافق العامة، تعويض مالك الأرض عما يقتطع لمصلحة التخطيط، تضمين قرار الموافقة بالبدء في إجراءات نزع الملكية بعض الأمور الضرورية للموافقة، وجوب إنهاء...,هيئة الخبراء بمجلس الوزراء,ADD_OFFICIAL_CANONICAL
a7119cfe-7668-488f-853f-a9a700f1ea6c,تنظيم الهيئة العامة للإحصاء,https://laws.boe.gov.sa/BoeLaws/Laws/LawDetails/a7119cfe-7668-488f-853f-a9a700f1ea6c/1,1437/01/13 هـ,1437/02/01 هـ,يتضمن التنظيم : العبارات والألفاظ الواردة به، وتتمتع الهيئة بالشخصية الاعتبارية العامة وبالاستقلال المالي والادارى ويكون مقرها الرئيس الرياض. ويهدف التنظيم إلى تنظيم العمل الإحصائي بالمملكة وتفعيله ، وللهيئة اختصاصات معينة تستخدمها في سبيل تحقيقها كما ....,هيئة الخبراء بمجلس الوزراء,ADD_OFFICIAL_CANONICAL
0f1168b3-b5f0-46bd-ad62-a9a700f1ea17,تنظيم الهيئة السعودية للمقاولين,https://laws.boe.gov.sa/BoeLaws/Laws/LawDetails/0f1168b3-b5f0-46bd-ad62-a9a700f1ea17/1,1436/11/23 هـ,1436/12/19 هـ,\* يتضمن التنظيم : العبارات والألفاظ الواردة به، وإنشاء هيئة مهنية أهلية، لها أهداف وصلاحيات، وبها مجموعة من الأعضاء، لهم مدة عضوية معينة. ويكون للهيئة جمعية عمومية تعقد اجتماعات ويكون اجتماعها العادي خلال تسعين يومًا من بداية كل سنة مالية للهيئة. كما /...,هيئة الخبراء بمجلس الوزراء,ADD_OFFICIAL_CANONICAL
415d80f3-d9f9-4def-92d9-a9a700f25799,نظام المناطق المحمية للحياة الفطرية,https://laws.boe.gov.sa/BoeLaws/Laws/LawDetails/415d80f3-d9f9-4def-92d9-a9a700f25799/1,,,يتضمن النظام : العبارات والألفاظ الواردة به. والهدف من النظام: دراسة تقارير الهيئة بطلب إنشاء منطقة محمية ما من قبل لجنة من وزارات مختلفة، بيان بصلاحيات الهيئة، وقواعد الدخول وحماية المناطق المحمية، وما يوقع على المخالفين من عقوبات.,هيئة الخبراء بمجلس الوزراء,ADD_OFFICIAL_CANONICAL
793145a2-986b-4df3-b95d-a9a700f2bf18,اللائحة التنظيمية لتأشيرات الأعمال المؤقتة والموسمية,https://laws.boe.gov.sa/BoeLaws/Laws/LawDetails/793145a2-986b-4df3-b95d-a9a700f2bf18/1,,,تتضمن اللائحة : تأشيرة العمل المؤقت، وتأشيرة العمل الموسمي، وأحكام مشتركة لإصدار التأشيرات وتختص وزارة العمل بدراسة طلبات التأشيرات، والتنسيق مع وزارة الداخلية، ويعاقب من يخالف هذه اللائحة.,هيئة الخبراء بمجلس الوزراء,ADD_OFFICIAL_CANONICAL
62d14b10-5bee-46e9-870a-a9a700f19762,تنظيم صندوق الشهداء والمصابين والأسرى والمفقودين,https://laws.boe.gov.sa/BoeLaws/Laws/LawDetails/62d14b10-5bee-46e9-870a-a9a700f19762/1,1436/08/14 هـ,1436/09/16 هـ,يتضمن التنظيم : معاني الألفاظ والعبارات الواردة به، وينشأ بموجب هذا التنظيم صندوق للشهداء والمصابين والأسرى والمفقودين، مقر الصندوق الرياض. يهدف الصندوق إلى مساعدة المحتاجين من أسر الشهداء والمصابين والأسرى والمفقودين. للصندوق مجلس أمناء، المجلس يرسم...,هيئة الخبراء بمجلس الوزراء,ADD_OFFICIAL_CANONICAL
93b6f7f3-1083-46e7-b30e-a9a700f291b0,نظام مكافحة التدخين,https://laws.boe.gov.sa/BoeLaws/Laws/LawDetails/93b6f7f3-1083-46e7-b30e-a9a700f291b0/1,1436/07/28 هـ,1436/09/02 هـ,يتضمن النظام : تعريف التدخين وهو تعاطي التبغ ومشتقاته. يهدف النظام لمكافحة التدخين، ويحظر زراعة التبغ ومشتقاته في المملكة، وتزاد الرسوم على التبغ ومشتقاته بقرار من مجلس الوزراء، ويوضح على العلبة التحذيرات المحددة في اللائحة التنفيذية، التأكد من مطابقة...,هيئة الخبراء بمجلس الوزراء,ADD_OFFICIAL_CANONICAL
6383fcba-9d26-428a-8b5a-a9a700f29275,تنظيم المركز السعودي لاعتماد المنشآت الصحية,https://laws.boe.gov.sa/BoeLaws/Laws/LawDetails/6383fcba-9d26-428a-8b5a-a9a700f29275/1,1436/07/22 هـ,1436/09/02 هـ,يتضمن التنظيم : العبارات والألفاظ الواردة به، ويرتبط المركز برئيس المجلس ومقره الرياض. والمركز له هدف هو رفع مستوى الخدمات الصحية، كما أن للمركز مهمات واختصاصات. ويكون للمركز مدير عام يتولى تصريف شئون المركز وفقا لاختصاصاته وصلاحياته، ويشكل رئيس من...,هيئة الخبراء بمجلس الوزراء,ADD_OFFICIAL_CANONICAL
197be463-0b2b-4b67-9cd2-a9a700f2733b,تنظيم الهيئة السعودية للمحامين,https://laws.boe.gov.sa/BoeLaws/Laws/LawDetails/197be463-0b2b-4b67-9cd2-a9a700f2733b/1,1436/07/08 هـ,1436/08/04 هـ,يتضمن التنظيم : إنشاء هيئة مهنية تتمتع بشخصية اعتبارية وذمة مالية مستقلة، لها أهداف وصلاحيات، ولها ثلاثة أنواع من العضوية تنتهي في حالات معينة. وتكون للهيئة جمعية عمومية، ويكون هناك لجنة عامة للانتخابات وللجمعية العمومية اختصاصات، وتكوين مجلس لإدارة ...,هيئة الخبراء بمجلس الوزراء,ADD_OFFICIAL_CANONICAL
7332c942-b24e-4903-9b1b-a9a700f2b726,تنظيم إعانة البحث عن عمل 1432هـ,https://laws.boe.gov.sa/BoeLaws/Laws/LawDetails/7332c942-b24e-4903-9b1b-a9a700f2b726/1,,,يتضمن التنظيم : العبارات والألفاظ الواردة به – الهدف من التنظيم – مبلغ الإعانة ومدته – شروط الاستحقاق – النشاط التجاري – الدخل الثابت – الإقامة الدائمة – إيقاف أو تخفيض أو خصم إعانة البحث عن عمل – مهمات الوزارة والصندوق ومسؤولياتهما – إجراءات التقدم من عن...,هيئة الخبراء بمجلس الوزراء,ADD_OFFICIAL_CANONICAL
2682df03-16ab-4d93-b19d-a9a700f2915b,نظام منتجات التجميل,https://laws.boe.gov.sa/BoeLaws/Laws/LawDetails/2682df03-16ab-4d93-b19d-a9a700f2915b/1,1436/06/18 هـ,1436/07/19 هـ,يتضمن النظام : العبارات والألفاظ الواردة به، ويوضح النظام كيفية تطبيق الأحكام على منتجات التجميل ومصانعها ومستودعاتها. كما تصدر الهيئة اللوائح الفنية والمواصفات القياسية للمنتجات، وتقوم بالتحقق من مطابقة المنتجات للوائح والمواصفات. كما لا يجوز تداول...,هيئة الخبراء بمجلس الوزراء,ADD_OFFICIAL_CANONICAL
7f647ef9-d8ae-4a23-90a2-a9a700f1f999,اللائحة التنفيذية لنظام الأوسمة السعودية,https://laws.boe.gov.sa/BoeLaws/Laws/LawDetails/7f647ef9-d8ae-4a23-90a2-a9a700f1f999/1,1436/05/18 هـ,1436/07/05 هـ,تتضمن اللائحة : وشاح الملك عبد العزيز بطبقتيه ثاني الأوسمة السعودية، ووسام الملك عبد العزيز ثالث الأوسمة السعودية درجة، وتكون هناك معايير لمن يتسلم الوسام. ويوجد بعض الأوسمة التقديرية وهناك بعض الشروط الواجبة فيمن يتسلم أحدها، وهناك حالات تسحب فيها...,هيئة الخبراء بمجلس الوزراء,ADD_OFFICIAL_CANONICAL
9a0249b7-f835-48fa-8d1e-a9a700f1981a,اللائحة التنفيذية لنظام الإجراءات الجزائية,https://laws.boe.gov.sa/BoeLaws/Laws/LawDetails/9a0249b7-f835-48fa-8d1e-a9a700f1981a/1,1436/03/21 هـ,1436/04/24 هـ,تتضمن اللائحة : العبارات والألفاظ الواردة به، الدعوى الجزائية ورفعها، كما تتضمن انقضاء الدعوى الجزائية، وإجراءات الاستدلال وجمع المعلومات وضبطها والتلبس بالجريمة، والقبض على المتهم، وتفتيش الأشخاص والمساكن، وضبط الرسائل ومراقبة المحادثات. وللتحقيق ندب...,هيئة الخبراء بمجلس الوزراء,ADD_OFFICIAL_CANONICAL
fd30f9c7-8606-4367-bb22-a9a700f2d952,نظام وظائف مباشرة الأموال العامة,https://laws.boe.gov.sa/BoeLaws/Laws/LawDetails/fd30f9c7-8606-4367-bb22-a9a700f2d952/1,1436/02/23 هـ,1436/03/18 هـ,يتضمن النظام : المقصود بالعبارات والألفاظ الواردة بالنظام ، من يسرى عليهم أحكام النظام ، تحدد اللائحة أسماء الوظائف الخاضعة لنظام الخدمة المدنية المشمولة بأحكام النظام ، مايشترط فيمن يمارس مهمات أحدى الوظائف المشمولة بأحكام النظام ، شروط صرف مكافأة سنوية...,هيئة الخبراء بمجلس الوزراء,ADD_OFFICIAL_CANONICAL
cdfe6d5c-ad3c-45e3-8544-a9a700f1e8ca,تنظيم جمعية حماية المستهلك,https://laws.boe.gov.sa/BoeLaws/Laws/LawDetails/cdfe6d5c-ad3c-45e3-8544-a9a700f1e8ca/1,1436/02/23 هـ,1436/03/18 هـ,يتضمن التنظيم : تعريفات بالمقصود بالعبارات والألفاظ الواردة بالتنظيم ، المركز النظامي للجمعية ، مقر الجمعية وأهدافها واختصاصاتها ، عضوية الجمعية ( العضو العامل – العضو المنتسب – العضو الفخري ) ، التزامات الأعضاء ، حالات فقدان العضوية ، الأجهزة التى تتكون...,هيئة الخبراء بمجلس الوزراء,ADD_OFFICIAL_CANONICAL
2d3cb83a-0379-4cde-8e0b-a9a700f272bd,نظام حماية الطفل,https://laws.boe.gov.sa/BoeLaws/Laws/LawDetails/2d3cb83a-0379-4cde-8e0b-a9a700f272bd/1,1436/02/03 هـ,1436/03/04 هـ,يتضمن النظام : الفصل الأول : التعريفات والأهداف وحالات الإيذاء والإهمال ( العبارات والألفاظ الواردة بالنظام ، أهداف النظام ، الحالات التى تعد إيذاءاً أو إهمالاً إذا تعرض الطفل لواحدة منها ، الحالات التى يعد الطفل معرضاً لخطر الانحراف إذا تعرض الطفل )....,هيئة الخبراء بمجلس الوزراء,ADD_OFFICIAL_CANONICAL
f9ad230e-bae1-47f7-a9f2-a9a700f2bf96,اللائحة الأساسية للبيوت الاجتماعية,https://laws.boe.gov.sa/BoeLaws/Laws/LawDetails/f9ad230e-bae1-47f7-a9f2-a9a700f2bf96/1,1436/02/09 هـ,1436/03/04 هـ,تتضمن اللائحة : العبارات والألفاظ الواردة به، والهدف من البيوت الاجتماعية، والضوابط التي تحددها القواعد للحاق بهذه البيوت، كما تضع البيوت الاجتماعية خطة سنوية للبرامج والأنشطة، مع صرف مكافأة شهرية للمقيم وفق قواعد محددة، كما توفر الوزارة ما يحتاج إليه...,هيئة الخبراء بمجلس الوزراء,ADD_OFFICIAL_CANONICAL
9167ec51-a011-4a22-b6c3-a9a700f290f8,نظام الغذاء,https://laws.boe.gov.sa/BoeLaws/Laws/LawDetails/9167ec51-a011-4a22-b6c3-a9a700f290f8/1,1436/01/06 هـ,1436/02/20 هـ,يتضمن النظام : الفصل الأول : أحكام عامة ( العبارات والألفاظ الواردة بالنظام ، أهداف النظام ). الفصل الثاني : لوائح ومواصفات الغذاء . الفصل الثالث : التسجيل . الفصل الرابع : التراخيص . الفصل الخامس : تداول الغذاء . الفصل السادس : مسؤوليات . :...,هيئة الخبراء بمجلس الوزراء,ADD_OFFICIAL_CANONICAL
a7d4493b-7c03-4c2d-b3c6-a9a700f275cd,نظام الآثار والمتاحف والتراث العمراني,https://laws.boe.gov.sa/BoeLaws/Laws/LawDetails/a7d4493b-7c03-4c2d-b3c6-a9a700f275cd/1,1436/01/09 هـ,1436/02/06 هـ,يتضمن النظام : الفصل الأول : تعريفات وأحكام عامة ( العبارات والألفاظ الواردة بالنظام ، الآثار الثابتة والمنقولة أو فى المناطق البحرية المستثناه من الملكية العامة للدولة ، مشتملات سجل الآثار ، صندوق الآثار والمتاحف والتراث العمراني وموارده ) . الفصل...,هيئة الخبراء بمجلس الوزراء,ADD_OFFICIAL_CANONICAL
c1a67dbf-6959-437d-bb86-a9a700f2a126,النظام الموحد بشأن المواد المستنفدة لطبقة الأوزون لدول مجلس التعاون لدول الخليج العربية (المعدل),https://laws.boe.gov.sa/BoeLaws/Laws/LawDetails/c1a67dbf-6959-437d-bb86-a9a700f2a126/1,1435/11/24 هـ,1435/12/16 هـ,يتضمن النظام : التعريف بالألفاظ والعبارات الخاصة به، أهداف النظام، التحكم بالمواد والأجهزة والمنتجات الخاضعة للرقابة، العقوبات والجزاءات، أحكام عامة.,هيئة الخبراء بمجلس الوزراء,ADD_OFFICIAL_CANONICAL
b8a7e5ff-d9a4-466b-b4b8-a9a700f256e1,نظام الأعلاف,https://laws.boe.gov.sa/BoeLaws/Laws/LawDetails/b8a7e5ff-d9a4-466b-b4b8-a9a700f256e1/1,1435/09/23 هـ,1435/11/10 هـ,يتضمن النظام : التعريف بالألفاظ والعبارات الخاصة به، أهداف النظام، نطاق تطبيق النظام، صلاحيات الهيئة العامة للغذاء والدواء لضمان سلامة الأعلاف، الالتزامات الواجبة على مصنعي الأعلاف، التزامات المنشآت العاملة في المجال، حالات حظر تداول الأعلاف، عقوبات...,هيئة الخبراء بمجلس الوزراء,ADD_OFFICIAL_CANONICAL
1dd4c3d4-f4e9-4c15-852f-a9a700f21cab,نظام إجراءات التراخيص البلدية,https://laws.boe.gov.sa/BoeLaws/Laws/LawDetails/1dd4c3d4-f4e9-4c15-852f-a9a700f21cab/1,1435/09/23 هـ,1435/11/10 هـ,يتضمن النظام : التعريف بالألفاظ والعبارات الخاصة به، حظر ممارسة أي نشاط قبل إصدار التراخيص البلدية، إنشاء مكاتب التنسيق لتسهيل إصدار التراخيص البلدية، تنسيق الجهات المختصة مع الوزارة، تكوين الأمانات والبلديات بقرار من الوزير، وتحديد اختصاصها.,هيئة الخبراء بمجلس الوزراء,ADD_OFFICIAL_CANONICAL
107f22b5-81a2-47ee-84bc-a9a700f2907a,نظام الرعاية الصحية النفسية,https://laws.boe.gov.sa/BoeLaws/Laws/LawDetails/107f22b5-81a2-47ee-84bc-a9a700f2907a/1,1435/09/20 هـ,1435/11/03 هـ,يتضمن النظام : التعريف بالألفاظ والعبارات الخاصة به، أهداف النظام، نشأة مجلس المراقبة العام للرعاية الصحية النفسية، وتحديد اختصاصاته، اجتماعاته، تكوين مجلس المراقبة المحلية للرعاية الصحية النفسية، وتحديد اختصاصاته، اجتماعاته، حقوق المرضى النفسيين، الدخول...,هيئة الخبراء بمجلس الوزراء,ADD_OFFICIAL_CANONICAL
9da91b16-62ba-41d8-b6f7-a9a700f21d07,نظام المجالس البلدية,https://laws.boe.gov.sa/BoeLaws/Laws/LawDetails/9da91b16-62ba-41d8-b6f7-a9a700f21d07/1,1435/10/04 هـ,1435/11/03 هـ,يتضمن النظام : التعريف بالألفاظ والعبارات الخاصة به، الشخصية الاعتبارية للمجلس البلدي، صلاحيات المجلس البلدي وسلطاته، تكوين المجلس البلدي، انتخاب أعضاء المجلس، الطعون الانتخابية، أحكام العضوية في المجلس، جلسات المجلس وقراراته، حقوق المجلس والتزاماته، حل...,هيئة الخبراء بمجلس الوزراء,ADD_OFFICIAL_CANONICAL
e37044a1-c673-4e80-af59-a9a700f25663,نظام الزراعة العضوية,https://laws.boe.gov.sa/BoeLaws/Laws/LawDetails/e37044a1-c673-4e80-af59-a9a700f25663/1,,,يتضمن النظام : التعريف بالألفاظ والعبارات الخاصة به، أهداف النظام، نطاق تطبيق النظام، صلاحيات وزارة الزراعة في تطبيق النظام، التنسيق مع الهيئة العامة للغذاء، التزامات مزاولي النشاط، منح التراخيص، العقوبات.,هيئة الخبراء بمجلس الوزراء,ADD_OFFICIAL_CANONICAL
fc7adddb-03cc-49b8-bbbb-a9a700f27a38,تنظيم الجمعية السعودية للمرشدين السياحيين,https://laws.boe.gov.sa/BoeLaws/Laws/LawDetails/fc7adddb-03cc-49b8-bbbb-a9a700f27a38/1,1435/07/27 هـ,1435/09/07 هـ,\- يتضمن التنظيم: التعريف بالألفاظ والعبارات الخاصة به، نشأة الجمعية السعودية للمرشدين السياحيين، وتمتعها بالشخصية الاعتبارية، ومقرها الرئيس، أهداف الجمعية واختصاصاتها، أعضاء الجمعية، اجتماعات الجمعية، تكوين مجلس إدارة الجمعية، ومهامه، موارد الجمعية، حلّ...,هيئة الخبراء بمجلس الوزراء,ADD_OFFICIAL_CANONICAL
9b96a85d-7a9e-4adb-9379-a9a700f27a9c,تنظيم الجمعية السعودية لمرافق الإيواء السياحي,https://laws.boe.gov.sa/BoeLaws/Laws/LawDetails/9b96a85d-7a9e-4adb-9379-a9a700f27a9c/1,1435/07/27 هـ,1435/09/07 هـ,\- يتضمن التنظيم: التعريف بالألفاظ والعبارات الخاصة به، نشأة الجمعية السعودية لمرافق الإيواء السياحي، وتمتعها بالشخصية الاعتبارية، ومقرها الرئيس، أهداف الجمعية وأغراضها، عضوية الجمعية، تكوين الجمعية العمومية واجتماعاتها، اختصاصات الجمعية العمومية، مجلس في...,هيئة الخبراء بمجلس الوزراء,ADD_OFFICIAL_CANONICAL
c4a35dbe-fa16-4cd3-b539-a9a700f27af5,تنظيم الجمعية السعودية للسفر والسياحة,https://laws.boe.gov.sa/BoeLaws/Laws/LawDetails/c4a35dbe-fa16-4cd3-b539-a9a700f27af5/1,1435/07/27 هـ,1435/09/07 هـ,\- يتضمن التنظيم : التعريف بالألفاظ والعبارات الخاصة به، نشأة الجمعية السعودية للسفر والسياحة، وتمتعها بالشخصية الاعتبارية، ومقرها الرئيس، أهداف الجمعية، عضوية الجمعية، تكوين الجمعية العمومية واجتماعاتها، اختصاصات الجمعية العمومية، تكوين مجلس إدارة موارد...,هيئة الخبراء بمجلس الوزراء,ADD_OFFICIAL_CANONICAL
652bbeb0-fb94-4f08-b70c-a9a700f2a0c2,القانون (النظام) الموحد للتعدين لدول مجلس التعاون,https://laws.boe.gov.sa/BoeLaws/Laws/LawDetails/652bbeb0-fb94-4f08-b70c-a9a700f2a0c2/1,1435/07/06 هـ,1435/08/22 هـ,يتضمن هذا القانون (النظام) : التعريف بالألفاظ والعبارات الخاصة به، ملكية الرواسب الطبيعية للمعادن، المعادن والمواد الخارجة عن نطاق تطبيق القانون (النظام)، اختصاصات الجهة المختصة بتطبيق هذا القانون (النظام)، المناطق البحرية التي يجوز منح رخص عليها، مناطق...,هيئة الخبراء بمجلس الوزراء,ADD_OFFICIAL_CANONICAL
d93b5ced-1adb-494d-85fd-a9a700f1e817,النظام الأساسي للمركز الإحصائي لدول مجلس التعاون لدول الخليج العربية,https://laws.boe.gov.sa/BoeLaws/Laws/LawDetails/d93b5ced-1adb-494d-85fd-a9a700f1e817/1,1435/06/12 هـ,1435/07/24 هـ,يتضمن النظام :التعريف بالألفاظ والعبارات الخاصة به، إنشاء المركز واستقلاله، مقر المركز، اختصاصات المركز، أجهزة المركز، مجلس الإدارة (تشكيله واختصاصاته، اجتماعاته وتوصياته)، الجهاز الفني والإداري (تكوينه واختصاصاته)، علاقة المركز بمراكز الإحصاء الوطنية،...,هيئة الخبراء بمجلس الوزراء,ADD_OFFICIAL_CANONICAL
ad0354f7-9756-4a4e-8948-a9a700f19705,نظام نقل معلومات المتعاملين مع المنشآت الخاصة إلكترونياً إلى مركز المعلومات الوطني في وزارة الداخلية (نظام شموس الأمني),https://laws.boe.gov.sa/BoeLaws/Laws/LawDetails/ad0354f7-9756-4a4e-8948-a9a700f19705/1,1435/06/21 هـ,1435/07/17 هـ,يتضمن النظام : التعريف بالألفاظ والعبارات الخاصة به، أهداف النظام، المنشآت التي يسري عليها النظام، مسئولية تنفيذ النظام، التزام المنشآت الخاصة، العقوبات، حق الاعتراض.,هيئة الخبراء بمجلس الوزراء,ADD_OFFICIAL_CANONICAL
7270187a-6cde-413d-9665-a9a700f29022,تنظيم المدن الطبية والمستشفيات التخصصية التابعة لوزارة الصحة,https://laws.boe.gov.sa/BoeLaws/Laws/LawDetails/7270187a-6cde-413d-9665-a9a700f29022/1,1435/05/23 هـ,1435/07/10 هـ,يتضمن التنظيم : التعريف بالألفاظ والعبارات الخاصة به، أهداف المدن الطبية والمستشفيات التخصصية، تكوين مجلس الخدمات الصحية، اختصاصاته، اجتماعاته، تكوين لجنة تنفيذية للمجلس، تكوين الأمانة العامة لمجلس إدارة المدن الطبية والمستشفيات التخصصية التابعة لوزارة عام...,هيئة الخبراء بمجلس الوزراء,ADD_OFFICIAL_CANONICAL
c331efa7-58ec-48c9-b70e-a9a700f2ba82,نظام التأمين ضد التعطل عن العمل,https://laws.boe.gov.sa/BoeLaws/Laws/LawDetails/c331efa7-58ec-48c9-b70e-a9a700f2ba82/1,1435/03/12 هـ,1435/04/14 هـ,يتضمن النظام : التعريف بالألفاظ والعبارات الخاصة به، تبعية التأمين للتأمينات الاجتماعية، نطاق تطبيق النظام على العمال السعوديين، تنسيق مؤسسة التأمين ضد التعطل عن العمل مع وزارة التأمينات الاجتماعية، الاشتراكات وحقوق المشترك، مبلغ التعويض، حالات استحقاق وقف...,هيئة الخبراء بمجلس الوزراء,ADD_OFFICIAL_CANONICAL
1e29de81-aa5e-4d27-9b90-a9a700f21aed,تنظيم الدعم السكني,https://laws.boe.gov.sa/BoeLaws/Laws/LawDetails/1e29de81-aa5e-4d27-9b90-a9a700f21aed/1,1435/03/05 هـ,1435/04/14 هـ,يتضمن النظام : التعريف بالألفاظ والعبارات الخاصة به، هدفه، الجهة المسئولة عن تنفيذ النظام، الاستفادة من الدعم السكني (شروط المستحقين، إجراءات التقديم، توقف الإجراءات، التزامات المتقدم، ترتيب المتقدمين)، تخصيص الدعم السكني (معايير التخصيص، التعاقد)، القسط...,هيئة الخبراء بمجلس الوزراء,ADD_OFFICIAL_CANONICAL
c1878d16-7ce0-4710-993b-a9a700f17ac5,النظام الجزائي لجرائم التزوير,https://laws.boe.gov.sa/BoeLaws/Laws/LawDetails/c1878d16-7ce0-4710-993b-a9a700f17ac5/1,1435/02/18 هـ,1435/04/07 هـ,يتضمن النظام : التعريف بالألفاظ والعبارات الخاصة به، طرق التزوير، تزوير الأختام والعلامات، تزوير الطوابع، تزوير المحررات (الصور العادية، الصور المشددة، الصور المخففة، الصور الملحقة)، العقوبات، حالات العفو عن العقوبة، انقضاء الدعوى الجنائية في جرائم النظام.,هيئة الخبراء بمجلس الوزراء,ADD_OFFICIAL_CANONICAL
8c75513b-3ed2-4261-a55f-a9a700f2bb03,تنظيم المخصص المالي لصعوبة الحصول على عمل,https://laws.boe.gov.sa/BoeLaws/Laws/LawDetails/8c75513b-3ed2-4261-a55f-a9a700f2bb03/1,1435/01/29 هـ,1435/03/30 هـ,يتضمن النظام : التعريف بالألفاظ والعبارات الخاصة به، هدف التنظيم، مقدار المخصص المالي ومدته، شروط استحقاق المخصص المالي، النشاط التجاري، الدخل الثابت، الإقامة الدائمة، إيقاف المخصص المالي أو تخفيضه أو الخصم منه، مهمات الوزارة والصندوق ومسئولياتهما، اجراءات...,هيئة الخبراء بمجلس الوزراء,ADD_OFFICIAL_CANONICAL
f0eaae46-9f84-40ee-815e-a9a700f268b3,نظام المرافعات الشرعية,https://laws.boe.gov.sa/BoeLaws/Laws/LawDetails/f0eaae46-9f84-40ee-815e-a9a700f268b3/1,1435/01/22 هـ,1435/02/03 هـ,يتضمن النظام: أحكام عامة (نطاق تطبيق النظام، صحة إجراءات المرافعات، التقويم المعتبر، تحديد مكان الإقامة، نقل القضية لمحكمة أخرى، ضوابط التبليغ وكيفيته، وكيفية تسليم صورة التبليغ)، الاختصاص (الاختصاص الدولي، الاختصاص النوعي، الاختصاص المكاني)، رفع الدعوى في...,هيئة الخبراء بمجلس الوزراء,ADD_OFFICIAL_CANONICAL
8f1b7079-a5f0-425d-b5e0-a9a700f26b2d,نظام الإجراءات الجزائية,https://laws.boe.gov.sa/BoeLaws/Laws/LawDetails/8f1b7079-a5f0-425d-b5e0-a9a700f26b2d/1,1435/01/22 هـ,1435/02/03 هـ,يتضمن النظام: أحكام عامة، (نطاق تطبيق النظام، توقيف المواطن وتفتيشه، حقوق المتهم..إلخ) ، الدعوى الجزائية (رفع الدعوى، انقضاء الدعوى)، إجراءات الاستدلال (جمع المعلومات وضبطها، التلبس بالجريمة، القبض على المتهم، تفتيش الأشخاص والمساكن، ضبط الرسائل ومراقبة في...,هيئة الخبراء بمجلس الوزراء,ADD_OFFICIAL_CANONICAL
f2f7b465-b576-4f47-a8e7-a9a700f27202,نظام المرافعات أمام ديوان المظالم,https://laws.boe.gov.sa/BoeLaws/Laws/LawDetails/f2f7b465-b576-4f47-a8e7-a9a700f27202/1,1435/01/22 هـ,1435/02/03 هـ,يتضمن النظام : أحكام عامة (نطاق تطبيق النظام واختصاصات الدوائر والمواعيد وأوراق التبليغ)، رفع الدعوى وقيدها، النظر في الدعوى والحكم فيها، الاعتراض على الأحكام، الاستئناف أمام محاكم الاستئناف الإدارية، طلب إعادة النظر، الاعتراض أمام المحكمة الإدارية العليا،...,هيئة الخبراء بمجلس الوزراء,ADD_OFFICIAL_CANONICAL
83f450eb-7985-461f-b053-a9a700f2ba08,نظام الحماية من الإيذاء,https://laws.boe.gov.sa/BoeLaws/Laws/LawDetails/83f450eb-7985-461f-b053-a9a700f2ba08/1,1434/11/15 هـ,1434/12/24 هـ,يتضمن النظام : التعريف بالألفاظ والعبارات الخاصة به، أهداف النظام، ضرورة الإبلاغ عن الإيذاء، جهات تلقي بلاغات الإيذاء، حالات الإفصاح عن المبلغ، المبلغ حسن النية، دور وزارة الشئون الاجتماعية في التعامل مع البلاغات، ما يجب أن تراعيه الوزارة، وصول الإيذاء إلى...,هيئة الخبراء بمجلس الوزراء,ADD_OFFICIAL_CANONICAL
9d091f8f-5de0-4603-9adc-a9a700f28d86,تنظيم المركز الوطني للمعلومات الصحية,https://laws.boe.gov.sa/BoeLaws/Laws/LawDetails/9d091f8f-5de0-4603-9adc-a9a700f28d86/1,1434/10/19 هـ,1434/12/06 هـ,يتضمن التنظيم : التعريف بالألفاظ والعبارات الخاصة به، ارتباط المركز تنظيميًّا بمجلس الخدمات الصحية، مهمات المركز واختصاصاته، تشكيل اللجنة العلمية للمركز، أعمال اللجنة العلمية، اجتماعاتها، مدير المركز، وصلاحياته، وحدة الحسابات الصحية الوطنية، المخصصات مقر...,هيئة الخبراء بمجلس الوزراء,ADD_OFFICIAL_CANONICAL
9a1c4977-c539-4e01-8c88-a9a700f2efa9,تنظيم هيئة النقل العام ( الهيئة العامة للنقل ),https://laws.boe.gov.sa/BoeLaws/Laws/LawDetails/9a1c4977-c539-4e01-8c88-a9a700f2efa9/1,1434/09/14 هـ,1434/10/30 هـ,يتضمن التنظيم: التعريف بالألفاظ والعبارات الخاصة به، نشأة هيئة النقل العام، وتمتعها بالشخصية الاعتبارية، ومقرها الرئيس، أهداف الهيئة واختصاصاتها، تكوين مجلس إدارة الهيئة واختصاصاته، واجتماعاته، رتبة رئيس مجلس الإدارة، واختصاصاته، موارد الهيئة، إعفاء من ،...,هيئة الخبراء بمجلس الوزراء,ADD_OFFICIAL_CANONICAL
de0a2f61-27e3-47fa-a710-a9a700f21a67,نظام إدارة النفايات البلدية الصلبة,https://laws.boe.gov.sa/BoeLaws/Laws/LawDetails/de0a2f61-27e3-47fa-a710-a9a700f21a67/1,,,يتضمن النظام : أهداف النظام، نطاق تطبيقه، التعريف بالألفاظ والعبارات الخاصة به، مهمات الوزارة ومسؤولياتها، مسئوليات منتج النفايات البلدية الصلبة، ملكية النفايات، قواعد وإجراءات مزاولة نشاط إدارة النفايات البلدية الصلبة، المخالفات والعقوبات، أحكام عامة.,هيئة الخبراء بمجلس الوزراء,ADD_OFFICIAL_CANONICAL
88e6a3d3-5a45-452b-8d0b-a9a700f1961d,تنظيم المؤسسة العامة للصناعات العسكرية,https://laws.boe.gov.sa/BoeLaws/Laws/LawDetails/88e6a3d3-5a45-452b-8d0b-a9a700f1961d/1,1434/08/22 هـ,1434/09/25 هـ,يتضمن التنظيم : التعريف بالألفاظ والعبارات الخاصة به، الشخصية الاعتبارية للمؤسسة، ومقرها، غرض المؤسسة، مهام المؤسسة واختصاصاتها، تكوين مجلس إدارة المؤسسة، اختصاصاته، اجتماعاته، لجانه، جهاز الأمن والسلامة، رئيس المؤسسة وصلاحياته، موارد المؤسسة، حقوقها من...,هيئة الخبراء بمجلس الوزراء,ADD_OFFICIAL_CANONICAL
6f3797d0-fc94-4930-b5e3-a9a700f25744,قانون (نظام) الرفق بالحيوان لدول مجلس التعاون لدول الخليج العربية,https://laws.boe.gov.sa/BoeLaws/Laws/LawDetails/6f3797d0-fc94-4930-b5e3-a9a700f25744/1,1434/07/26 هـ,1434/08/26 هـ,يتضمن النظام : التعريف بالألفاظ والعبارات الخاصة به، واجبات مالكي الحيوانات تجاهها، حق الرقابة والتفتيش للموظفين المخولين بذلك، خضوع منشآت تربية الحيوانات للشروط الصحية، تغذية الحيوانات، نقل الحيوانات بطريقة آمنة، حالات جواز استخدام الحيوانات لأغراض علمية،...,هيئة الخبراء بمجلس الوزراء,ADD_OFFICIAL_CANONICAL
9ba0d5dc-2dc4-4b71-b979-a9a700f1f5fd,نظام الأوسمة السعودية,https://laws.boe.gov.sa/BoeLaws/Laws/LawDetails/9ba0d5dc-2dc4-4b71-b979-a9a700f1f5fd/1,1434/06/24 هـ,1434/07/21 هـ,يتضمن النظام : منح الأوسمة بأوامر ملكية، تصنيفات الأوسمة السعودية، الأوسمة التكريمية والتقديرية، منح وشاح الملك عبد العزيز، درجات وسام الملك عبد العزيز، لمن تمنح الأوسمة، ترشيح الوزارات والجهات الحكومية للمؤهلين للأوسمة، سحب الوسام، منح الوسام للمتوفى.,هيئة الخبراء بمجلس الوزراء,ADD_OFFICIAL_CANONICAL
125423ca-43d6-40f5-9e2d-a9a700f20110,تنظيم هيئة تقويم التعليم العام,https://laws.boe.gov.sa/BoeLaws/Laws/LawDetails/125423ca-43d6-40f5-9e2d-a9a700f20110/1,1434/04/22 هـ,1434/06/23 هـ,يتضمن التنظيم : التعريف بالألفاظ والعبارات الخاصة به، الشخصية الاعتبارية للهيئة، مقر الهيئة وفروعها، أغراض الهيئة، اختصاصات الهيئة، تكوين مجلس الإدارة، اختصاصات مجلس الإدارة، اجتماعات المجلس، تعيين محافظ الهيئة، واختصاصاته، موارد الهيئة، ميزانية الهيئة.,هيئة الخبراء بمجلس الوزراء,ADD_OFFICIAL_CANONICAL
d4a9cc4c-61cb-4053-8fe5-a9a700f28d1a,تنظيم المركز السعودي لزراعة الأعضاء,https://laws.boe.gov.sa/BoeLaws/Laws/LawDetails/d4a9cc4c-61cb-4053-8fe5-a9a700f28d1a/1,1434/01/26 هـ,1434/02/29 هـ,يتضمن التنظيم : التعريف بالألفاظ والعبارات الخاصة به، الشخصية الاعتبارية للمركز، مهمات المركز واختصاصاته، تعيين المدير وصلاحياته، ميزانية المركز، إدراج العاملين بالمركز تحت نظام العمل والتأمينات الاجتماعية، التقرير السنوي.,هيئة الخبراء بمجلس الوزراء,ADD_OFFICIAL_CANONICAL
a0f63eab-fc76-402b-89b3-a9a700f20968,تنظيم المجمع الفقهي في المملكة العربية السعودية,https://laws.boe.gov.sa/BoeLaws/Laws/LawDetails/a0f63eab-fc76-402b-89b3-a9a700f20968/1,,,يتضمن التنظيم : التعريف بالألفاظ والعبارات الخاصة به، نشأة المجمع الفقهي السعودي، وتمتعه بالشخصية الاعتبارية، أهداف المجمع واختصاصاته، رتبة رئيس المجمع ونائبه واختصاصاتهما، تكوين الهيئة العليا للمجمع واختصاصاتها، واجتماعاتها، أعضاء مجلس المجمع، اجتماعات...,هيئة الخبراء بمجلس الوزراء,ADD_OFFICIAL_CANONICAL
13445632-e42b-4576-a671-a9a700f175f6,تنظيم الهيئة العامة للإعلام المرئي والمسموع,https://laws.boe.gov.sa/BoeLaws/Laws/LawDetails/13445632-e42b-4576-a671-a9a700f175f6/1,,,يتضمن التنظيم : التعريف بالألفاظ والعبارات الخاصة به، نشأة الهيئة العامة للإعلام المرئي والمسموع، وتمتعها بالشخصية الاعتبارية، ومقرها الرئيس، أهداف الهيئة واختصاصاتها، تكوين مجلس إدارة الهيئة واختصاصاته، واجتماعاته، رتبة رئيس مجلس الإدارة، واختصاصاته، من...,هيئة الخبراء بمجلس الوزراء,ADD_OFFICIAL_CANONICAL
c18a4f9b-cd0a-45fd-9038-a9a700f17508,تنظيم هيئة الإذاعة والتلفزيون,https://laws.boe.gov.sa/BoeLaws/Laws/LawDetails/c18a4f9b-cd0a-45fd-9038-a9a700f17508/1,1433/09/11 هـ,1433/10/27 هـ,يتضمن التنظيم : التعريف بالألفاظ والعبارات الخاصة به، نشأة هيئة الإذاعة والتلفزيون، أهداف الهيئة واختصاصاتها، تكوين مجلس إدارة الهيئة، واختصاصاته، اجتماعات مجلس إدارة الهيئة، رتبة رئيس مجلس إدارة الهيئة، واختصاصاته، موارد الهيئة، حق المراقبة على الهيئة،...,هيئة الخبراء بمجلس الوزراء,ADD_OFFICIAL_CANONICAL
438c79cd-db47-437e-ade4-a9a700f17587,تنظيم وكالة الأنباء السعودية1433هـ,https://laws.boe.gov.sa/BoeLaws/Laws/LawDetails/438c79cd-db47-437e-ade4-a9a700f17587/1,,,يتضمن التنظيم : التعريف بالألفاظ والعبارات الخاصة به، نشأة الوكالة وتمتعها بالشخصية الاعتبارية، أهداف الوكالة واختصاصاتها، تكوين مجلس إدارة الوكالة واختصاصاته، واجتماعاته، رتبة رئيس المجلس، واختصاصاته، موارد الوكالة، حق المراقبة على الوكالة، الوضع الوظيفي...,هيئة الخبراء بمجلس الوزراء,ADD_OFFICIAL_CANONICAL
c81ba2f1-1bf1-443b-9b1c-a9a700f27110,نظام التنفيذ 1433هـ,https://laws.boe.gov.sa/BoeLaws/Laws/LawDetails/c81ba2f1-1bf1-443b-9b1c-a9a700f27110/1,1433/08/13 هـ,1433/10/13 هـ,يتضمن النظام : التعريف بالألفاظ والعبارات الخاصة به، اختصاصات قاضي التنفيذ، السند التنفيذي، الإفصاح عن الأموال، الأموال محل التنفيذ، الحجز التحفظي، إجراءات التنفيذ، الحجز التنفيذي، بيع المال المحجوز، توزيع حصيلة التنفيذ، حجز ما للمدين لدى الغير، التنفيذ في...,هيئة الخبراء بمجلس الوزراء,ADD_OFFICIAL_CANONICAL
88254f6b-0311-4ed2-be96-a9a700f2d6f2,نظام التمويل العقاري,https://laws.boe.gov.sa/BoeLaws/Laws/LawDetails/88254f6b-0311-4ed2-be96-a9a700f2d6f2/1,1433/08/13 هـ,1433/10/13 هـ,يتضمن النظام: التعريف بالألفاظ والعبارات الخاصة به، الإشراف والترخيص، الدعم الحكومي، السوق الثانوية للتمويل العقاري، الاختصاصات.,هيئة الخبراء بمجلس الوزراء,ADD_OFFICIAL_CANONICAL
9b61c9c0-71e2-4096-a3da-a9a700f2d79a,نظام الايجار التمويلي,https://laws.boe.gov.sa/BoeLaws/Laws/LawDetails/9b61c9c0-71e2-4096-a3da-a9a700f2d79a/1,1433/08/13 هـ,1433/10/13 هـ,يتضمن النظام : التعريف بالألفاظ والعبارات الخاصة به، عقد الإيجار التمويلي، سجل العقود، المخالفات والمنازعات، أحكام ختامية.,هيئة الخبراء بمجلس الوزراء,ADD_OFFICIAL_CANONICAL
f53c97f5-d253-4828-89d4-a9a700f2d829,نظام مراقبة شركات التمويل,https://laws.boe.gov.sa/BoeLaws/Laws/LawDetails/f53c97f5-d253-4828-89d4-a9a700f2d829/1,1433/08/13 هـ,1433/10/13 هـ,يتضمن النظام : التعريف بالألفاظ والعبارات الخاصة به، أحكام عامة، أحكام الترخيص، نشاط شركات التمويل، إدارة شركات التمويل، الإشراف على شركات التمويل، المخالفات والمنازعات، العقوبات، أحكام ختامية.,هيئة الخبراء بمجلس الوزراء,ADD_OFFICIAL_CANONICAL
1b787adb-3b1e-4b69-b04d-a9a700f28ca6,نظام المراقبة الصحية في منافذ الدخول,https://laws.boe.gov.sa/BoeLaws/Laws/LawDetails/1b787adb-3b1e-4b69-b04d-a9a700f28ca6/1,1433/08/07 هـ,1433/10/13 هـ,يتضمن النظام : التعريف بالألفاظ والعبارات الخاصة به، التحريات الصحية على السفن والطائرات، وحالات الإعفاء من الرقابة الصحية، صلاحيات السلطة المختصة بملاحظة المشتبه فيه صحيًّا، الحالات الطارئة، خضوع الأمتعة والحمولات والحاويات للرقابة الصحية، حالات جواز فرض...,هيئة الخبراء بمجلس الوزراء,ADD_OFFICIAL_CANONICAL
d33175c0-1755-4b1f-8925-a9a700f2b996,تنظيم المركز الوطني للدراسات والبحوث الاجتماعية,https://laws.boe.gov.sa/BoeLaws/Laws/LawDetails/d33175c0-1755-4b1f-8925-a9a700f2b996/1,1433/07/07 هـ,1433/09/29 هـ,يتضمن التنظيم : الشخصية الاعتبارية للمركز، أهداف المركز، مهمات المركز واختصاصاته، الاستعانة بالخبراء، مجلس إدارة المركز، اختصاصات مجلس الإدارة، اجتماعاته، شروط مدير المركز واختصاصاته، ميزانية المركز، إلحاق العاملين بالمركز بنظام العمل والتأمينات...,هيئة الخبراء بمجلس الوزراء,ADD_OFFICIAL_CANONICAL
bf568515-eef9-4356-9d52-a9a700f2d8c3,نظام الرهن العقاري المسجل,https://laws.boe.gov.sa/BoeLaws/Laws/LawDetails/bf568515-eef9-4356-9d52-a9a700f2d8c3/1,1433/08/13 هـ,1433/09/22 هـ,يتضمن النظام : إنشاء الرهن، آثار الرهن (الراهن، المرتهن، حق الغير، حق التقدم، حق التتبع)، انقضاء الرهن.,هيئة الخبراء بمجلس الوزراء,ADD_OFFICIAL_CANONICAL
cad66e4d-38d3-4baa-8049-a9a700f1e7a8,نظام المقيمين المعتمدين,https://laws.boe.gov.sa/BoeLaws/Laws/LawDetails/cad66e4d-38d3-4baa-8049-a9a700f1e7a8/1,1433/07/09 هـ,1433/09/22 هـ,\* يتضمن النظام : التعريف بالألفاظ والعبارات الخاصة به، أهداف النظام، سجل التقييم، وشروط القيد فيه، وإجراءات القيد، التزامات المقيم المعتمد، إنشاء الهيئة السعودية للمقيمين المعتمدين (أهدافها، أعضاؤها، جمعيتها العمومية، اختصاصاتها، إدارتها، صلاحيات موارد /...,هيئة الخبراء بمجلس الوزراء,ADD_OFFICIAL_CANONICAL
5535039e-13da-43f6-8f53-a9a700f26485,نظام التحكيم,https://laws.boe.gov.sa/BoeLaws/Laws/LawDetails/5535039e-13da-43f6-8f53-a9a700f26485/1,1433/05/24 هـ,1433/07/18 هـ,يتضمن النظام : التعريف بالألفاظ والعبارات الخاصة به، أحكام عامة، اتفاق التحكيم، هيئة التحكيم، إجراءات التحكيم، إجراءات الفصل في الدعوى التحكيمية، بطلان حكم التحكيم، حجية أحكام المحكمين وتنفيذها، أحكام ختامية.,هيئة الخبراء بمجلس الوزراء,ADD_OFFICIAL_CANONICAL
98b1d2e8-4724-439b-af00-a9a700f255ef,نظام المناطق البحرية للمملكة العربية السعودية,https://laws.boe.gov.sa/BoeLaws/Laws/LawDetails/98b1d2e8-4724-439b-af00-a9a700f255ef/1,1433/01/18 هـ,1433/02/19 هـ,يتضمن النظام : التعريف بالألفاظ والعبارات الخاصة به، المياه الداخلية، البحر الإقليمي، المنطقة المتاخمة، المنطقة الاقتصادية الخالصة، الجرف القاري، أحكام عامة.,هيئة الخبراء بمجلس الوزراء,ADD_OFFICIAL_CANONICAL
e864b80e-c186-4cca-b546-a9a700f1e67e,تنظيم الجمعية السعودية للجودة,https://laws.boe.gov.sa/BoeLaws/Laws/LawDetails/e864b80e-c186-4cca-b546-a9a700f1e67e/1,1432/07/25 هـ,1432/08/21 هـ,يتضمن التنظيم : العبارات والألفاظ الواردة به – الجمعية ذات شخصية اعتبارية وذمة مالية مستقلة – أهداف الجمعية – مهمات الجمعية – مما تتكون عضوية الجمعية – اختصاصات الجمعية العمومية – ممارسة المجلس الصلاحيات اللازمة لتصريف شؤون الجمعية – موارد الجمعية – قبول...,هيئة الخبراء بمجلس الوزراء,ADD_OFFICIAL_CANONICAL
49ab78f2-a4ad-42f8-97ce-a9a700f28035,تنظيم هيئة الهلال الأحمر السعودي,https://laws.boe.gov.sa/BoeLaws/Laws/LawDetails/49ab78f2-a4ad-42f8-97ce-a9a700f28035/1,1432/07/11 هـ,1432/07/29 هـ,يتضمن التنظيم : العبارات والألفاظ الواردة به – هيئة الهلال السعودي هيئة عامة ذات شخصية اعتبارية – قيام تنظيم الهيئة على أساس اتفاقيات جنيف والبروتوكول – أهداف الهيئة – مهام الهيئة – شارة الهيئة – عدم جواز استخدام شارات الهيئة – تمتع الهيئة بالمزايا الواردة...,هيئة الخبراء بمجلس الوزراء,ADD_OFFICIAL_CANONICAL
ffa77a62-ef58-4cf2-a6f6-a9a700f1e70f,تنظيم اللجنة الوطنية لتقنين أعمال التشغيل والصيانة وتقييسها,https://laws.boe.gov.sa/BoeLaws/Laws/LawDetails/ffa77a62-ef58-4cf2-a6f6-a9a700f1e70f/1,1432/07/04 هـ,1432/07/29 هـ,يتضمن التنظيم : إنشاء لجنة وطنية في الهيئة السعودية للمهندسين – تشكيل اللجنة من المختصين – اجتماعات اللجنة – خطة عمل اللجنة – الاستعانة بمستشارين ومتخصصين – الاستعانة بممثلين – التقيد بقرارات اللجنة – تخصيص بند خاص باللجنة من ميزانية الدولة.,هيئة الخبراء بمجلس الوزراء,ADD_OFFICIAL_CANONICAL
77d77bae-afbb-4481-a1cd-a9a700f1744b,نظام عقوبات نشر الوثائق والمعلومات السرية وإفشائها,https://laws.boe.gov.sa/BoeLaws/Laws/LawDetails/77d77bae-afbb-4481-a1cd-a9a700f1744b/1,1432/05/08 هـ,1432/06/17 هـ,يتضمن النظام : القصد بالوثائق السرية – حظر نشر أي وثيقة سرية – من يعد في حكم الموظف العام – حظر إخراج الوثائق السرية من الجهات الحكومية – العقوبات – مراعاة التناسب بين الجريمة والعقوبة – إشعار الجهات الحكومية عند وقوع أي جريمة من الجرائم المحددة بالنظام –...,هيئة الخبراء بمجلس الوزراء,ADD_OFFICIAL_CANONICAL
3f29ae83-240d-4626-8cb1-a9a700f25425,الترتيب التنظيمي لمصانع المياه,https://laws.boe.gov.sa/BoeLaws/Laws/LawDetails/3f29ae83-240d-4626-8cb1-a9a700f25425/1,1432/04/09 هـ,1432/04/09 هـ,يتضمن الترتيب التنظيمي : العبارات والألفاظ الواردة به - أهداف الترتيب التنظيمي - مهمات وزارة المياه والكهرباء - مهمات وزارة الشؤون البلدية والقروية - مهمات وزارة التجارة والصناعة - مهمات الهيئة العامة للدواء والغذاء - تشكيل فريق عمل برئاسة الهيئة العامة -...,هيئة الخبراء بمجلس الوزراء,ADD_OFFICIAL_CANONICAL
81fa0eb9-de83-4e83-b2aa-a9a700f21774,تنظيم تملك مواطني دول المجلس للعقار في الدول الأعضاء بمجلس التعاون لغرض السكن والاستثمار,https://laws.boe.gov.sa/BoeLaws/Laws/LawDetails/81fa0eb9-de83-4e83-b2aa-a9a700f21774/1,1432/04/03 هـ,1432/04/03 هـ,يتضمن التنظيم : استئجار وتملك العقارات المبنية والأراضي لغرض السكن والاستثمار – جواز التصرف في العقار المبني في أي وقت – عدم تعارض التنظيم مع حق الدولة – عدم إخلال التنظيم بأية حقوق.,هيئة الخبراء بمجلس الوزراء,ADD_OFFICIAL_CANONICAL
5203b65e-bf51-4e81-8701-a9a700f2d4b7,تنظيم الجمعية السعودية للمراجعين الداخليين,https://laws.boe.gov.sa/BoeLaws/Laws/LawDetails/5203b65e-bf51-4e81-8701-a9a700f2d4b7/1,1432/03/25 هـ,1432/03/25 هـ,يتضمن التنظيم : العبارات والألفاظ الواردة به - إنشاء جمعية سعودية للمراجعين الداخليين ذات شخصية اعتبارية - أهداف الجمعية - تكوين الجمعية العمومية من أعضاء الجمعية - اجتماعات الجمعية - اختصاصات الجمعية العمومية - إدارة الجمعية - الإشراف على أعمال الجمعية من...,هيئة الخبراء بمجلس الوزراء,ADD_OFFICIAL_CANONICAL
8b100aee-54a5-48c1-9866-a9a700f2d539,نظام إيرادات الدولة,https://laws.boe.gov.sa/BoeLaws/Laws/LawDetails/8b100aee-54a5-48c1-9866-a9a700f2d539/1,1431/11/18 هـ,1431/12/20 هـ,يتضمن النظام : عدة فصول تتناول العبارات والألفاظ الواردة به - أحكام عامة - تقدير الوزارة لإيرادات الدولة المتوقع تحصيلها - إنشاء وحدة إدارية مستقلة للاستثمار وتنمية الإيرادات - تخصيص نسبة من الزيادة في الإيرادات للجهة المحققة للزيادة - تحصيل جميع الإيرادات...,هيئة الخبراء بمجلس الوزراء,ADD_OFFICIAL_CANONICAL
fad7b0d1-e536-46ea-8202-a9a700f28b03,نظام أخلاقيات البحث على المخلوقات الحية,https://laws.boe.gov.sa/BoeLaws/Laws/LawDetails/fad7b0d1-e536-46ea-8202-a9a700f28b03/1,1431/09/14 هـ,1431/10/08 هـ,يتضمن النظام : العبارات والألفاظ الواردة به - أهداف النظام - اللجنة الوطنية للأخلاقيات الحيوية - إيرادات اللجنة - مكتب مراقبة أخلاقيات البحث - اللجنة المحلية لأخلاقيات البحث - الموافقة بعد التبصير - البحث العلمي على الإنسان - البحث العلمي على السجين - على...,هيئة الخبراء بمجلس الوزراء,ADD_OFFICIAL_CANONICAL
7ca85356-ad9c-438d-8712-a9a700f19588,تنظيم الفحص الفني الدوري للمركبات 1431هـ,https://laws.boe.gov.sa/BoeLaws/Laws/LawDetails/7ca85356-ad9c-438d-8712-a9a700f19588/1,,,يتضمن التنظيم : أهداف تنظيم الفحص الدوري - متطلبات اعتماد المحطات - إجراء الفحوصات داخل حفرة فحص مجهزة ومعدة جيدا - وجود أجهزة فحص تحسسية - قوائم الفحص - الفحص بالكمبيوتر - ملصق الفحص.,هيئة الخبراء بمجلس الوزراء,ADD_OFFICIAL_CANONICAL
2734fa93-a1a6-4c38-8e0d-a9a700f1e46f,تنظيم الهيئة السعودية للمواصفات والمقاييس والجودة,https://laws.boe.gov.sa/BoeLaws/Laws/LawDetails/2734fa93-a1a6-4c38-8e0d-a9a700f1e46f/1,1431/06/17 هـ,1431/06/17 هـ,يتضمن التنظيم : العبارات والألفاظ الواردة بالتنظيم - الهيئة السعودية هيئة عامة ذات شخصية اعتبارية - ما تهدف الهيئة لتحقيقه - مباشرة الهيئة المهمات التنظيمية والتنفيذية والرقابية مع عدم الإخلال بالجهات الأخرى - الالتزام بتطبيق المواصفات القياسية - الهيئة هي...,هيئة الخبراء بمجلس الوزراء,ADD_OFFICIAL_CANONICAL
be479758-9a84-4e94-b1d3-a9a700f19454,اللائحة التنفيذية لنظام مكافحة المخدرات والمؤثرات العقلية,https://laws.boe.gov.sa/BoeLaws/Laws/LawDetails/be479758-9a84-4e94-b1d3-a9a700f19454/1,1431/06/10 هـ,1431/06/10 هـ,تتضمن اللائحة : تحديد وزارة الصحة المختبرات المعتمدة لإجراء التحليل، واعتماد النتيجة من قبل خبيرين مختصين - وسائل النقل - السلطات المختصة بمراقبة وملاحقة الجرائم المنصوص عليها في نظام مكافحة المخدرات - السلطات المختصة بملاحقة المواطنين السعوديين والأشخاص -...,هيئة الخبراء بمجلس الوزراء,ADD_OFFICIAL_CANONICAL
ed69b738-fa85-4777-9f56-a9a700f2b630,الضوابط الخاصة بوضع الأطفال السعوديين في الخارج من أب سعودي وأم غير سعودية,https://laws.boe.gov.sa/BoeLaws/Laws/LawDetails/ed69b738-fa85-4777-9f56-a9a700f2b630/1,1431/06/03 هـ,1431/06/03 هـ,تتمثل الضوابط في اعتراف الأب بأولاده - الضوابط في حال إنكار الأب أولاده - التأكيد على دور الجمعية بأنه لاحق لدور البعثات السعودية في الخارج - تطبيق القرارات بشأن المسيئين لسمعة المملكة واتخاذ الإجراءات اللازمة - تفعيل دور المجلس التنسيقي - دعم وزارة...,هيئة الخبراء بمجلس الوزراء,ADD_OFFICIAL_CANONICAL
a5fa054e-a124-4cce-96a2-a9a700f254a0,نظام تربية النحل,https://laws.boe.gov.sa/BoeLaws/Laws/LawDetails/a5fa054e-a124-4cce-96a2-a9a700f254a0/1,,,يتضمن النظام : الهدف من النظام - الإشراف العام على مهنة تربية النحل من قبل الوزارة - التزامات الجهات المعنية بالتعاون مع الوزارة بدعم العاملين في مهنة تربية النحل - منح التراخيص والتصاريح - التزام النحال بالإبلاغ عن أي مرض أو آفة وإبلاغه بمواعيد الرش - -...,هيئة الخبراء بمجلس الوزراء,ADD_OFFICIAL_CANONICAL
09eebc33-6b78-4a34-ad59-a9a700f173ce,تنظيم مركز الملك عبد الله بن عبد العزيز الدولي لخدمة اللغة العربية,https://laws.boe.gov.sa/BoeLaws/Laws/LawDetails/09eebc33-6b78-4a34-ad59-a9a700f173ce/1,,,يتضمن التنظيم : إنشاء مركز الملك عبد الله بن عبد العزيز الدولي لخدمة اللغة العربية - أهداف المركز - الإشراف على المركز - صلاحيات مجلس الأمناء - اجتماعات مجلس الأمناء - مهمات الأمين العام - اللجنة الاستشارية - الموارد المالية - إيداع أموال المركز - المراجع...,هيئة الخبراء بمجلس الوزراء,ADD_OFFICIAL_CANONICAL
807582c2-555f-4ee0-aeea-a9a700f2b6b3,تنظيم الصندوق الخيري الاجتماعي,https://laws.boe.gov.sa/BoeLaws/Laws/LawDetails/807582c2-555f-4ee0-aeea-a9a700f2b6b3/1,1431/03/22 هـ,1431/03/22 هـ,يتضمن التنظيم : الشخصية الاعتبارية المستقلة للصندوق الخيري الاجتماعي - أهداف الصندوق - اختصاصات الصندوق - موارد الصندوق - مجلس إدارة الصندوق واختصاصاته - اجتماعات مجلس إدارة الصندوق وقراراته - فقدان العضوية - السنة المالية - إنشاء لجنة تنفيذية بقرار من - -...,هيئة الخبراء بمجلس الوزراء,ADD_OFFICIAL_CANONICAL
4100e06a-1a43-458d-a3b4-a9a700f1e3d9,تنظيم هيئة المدن الاقتصادية ( هيئة المدن والمناطق الاقتصادية الخاصة),https://laws.boe.gov.sa/BoeLaws/Laws/LawDetails/4100e06a-1a43-458d-a3b4-a9a700f1e3d9/1,1431/03/10 هـ,1431/03/10 هـ,يتضمن التنظيم : العبارات والألفاظ الواردة بالتنظيم، إنشاء الهيئة ومركزها النظامي ومهماتها، مجلس إدارة الهيئة واختصاصاته - تعيين أمين عام للهيئة من قبل الملك - الموارد المالية للهيئة - إنشاء مراكز خدمة في المدن الاقتصادية تسجل بها العقارات - إصدار تصاريح...,هيئة الخبراء بمجلس الوزراء,ADD_OFFICIAL_CANONICAL
62679230-95a3-44d5-bc69-a9a700f28bbd,تنظيم المركز الوطني للطب البديل والتكميلي,https://laws.boe.gov.sa/BoeLaws/Laws/LawDetails/62679230-95a3-44d5-bc69-a9a700f28bbd/1,1430/11/07 هـ,1430/12/03 هـ,يتضمن التنظيم : إنشاء المركز الوطني للطب البديل والتكميلي - مقر المركز مدينة الرياض وله الحق في إنشاء فروع - أهداف المركز - مهام المركز - تشكيل لجنة استشارية من المسؤولين وغيرهم - اختصاصات اللجنة الاستشارية - تزويد المركز بالموظفين والمختصين والباحثين -...,هيئة الخبراء بمجلس الوزراء,ADD_OFFICIAL_CANONICAL
76988d51-8339-42a8-97d1-a9a700f194dc,النظام الأساسي لمركز المعلومات الجنائية لمكافحة المخدرات لمجلس التعاون لدول الخليج العربية,https://laws.boe.gov.sa/BoeLaws/Laws/LawDetails/76988d51-8339-42a8-97d1-a9a700f194dc/1,1430/10/24 هـ,1430/10/24 هـ,يتضمن النظام : العبارات والألفاظ الواردة به - إنشاء مركز يتمتع بالشخصية الدولية المستقلة لمكافحة المخدرات ويكون مقره مدينة الدوحة عاصمة قطر - أهداف ومهام المركز - أجهزة المركز - تشكيل المجلس واختصاصاته - تكوين جهاز فني وإداري لتصريف شؤون المركز الفنية -...,هيئة الخبراء بمجلس الوزراء,ADD_OFFICIAL_CANONICAL
4e09c59d-f173-4971-8a38-a9a700f27025,نظام مكافحة جرائم الاتجار بالأشخاص,https://laws.boe.gov.sa/BoeLaws/Laws/LawDetails/4e09c59d-f173-4971-8a38-a9a700f27025/1,1430/07/21 هـ,1430/08/16 هـ,يتضمن النظام : العبارات والألفاظ الواردة بالنظام - حظر الاتجار بأي شخص أو إكراهه وغير ذلك مما يعتبر تعديا على الإنسانية - معاقبة كل من يرتكب جريمة الاتجار وحالات تشديد العقوبات - معاقبة من يستخدم القوة البدنية لممارسة الاتجار بالأشخاص - معاقبة كل من يساهم...,هيئة الخبراء بمجلس الوزراء,ADD_OFFICIAL_CANONICAL
d805702d-77b9-40d0-92bd-a9a700f27da2,نظام أندية السيارات والدراجات النارية,https://laws.boe.gov.sa/BoeLaws/Laws/LawDetails/d805702d-77b9-40d0-92bd-a9a700f27da2/1,1430/06/02 هـ,1430/06/26 هـ,يتضمن النظام : إنشاء أندية استثمارية للسيارات والدراجات النارية - أهداف النادي - كيفية إنشاء وتجهيز النادي - مزاولة النادي للنشاطات والبرامج التي تحددها اللائحة - الإشراف على النادي - ما يلتزم به النادي - تحديد موارد النادي وسنته المالية وغير ذلك - عند -...,هيئة الخبراء بمجلس الوزراء,ADD_OFFICIAL_CANONICAL
b2c545f0-d65f-4c13-b712-a9a700f193b6,تنظيم اللجنة الوطنية لمكافحة المخدرات,https://laws.boe.gov.sa/BoeLaws/Laws/LawDetails/b2c545f0-d65f-4c13-b712-a9a700f193b6/1,1430/04/17 هـ,1430/04/17 هـ,يتضمن التنظيم : العبارات والألفاظ الواردة به، وكون اللجنة ذات شخصية مستقلة إدارياً ومالياً ولها أهداف، ومركزها مدينة الرياض، وبيان دور اللجنة التنسيقي مع الأجهزة المعنية بمكافحة المخدرات وتُشَكَّل اللجنة ثم تتضح اختصاصاتها وصلاحيات رئيس اللجنة، وتكوين في...,هيئة الخبراء بمجلس الوزراء,ADD_OFFICIAL_CANONICAL
e9c8ba58-4cca-4f5a-bb02-a9a700f200a3,القواعد التنظيمية الخاصة بإنشاء وحدات التدريب غير الربحية في مجال التدريب التقني والمهني,https://laws.boe.gov.sa/BoeLaws/Laws/LawDetails/e9c8ba58-4cca-4f5a-bb02-a9a700f200a3/1,1430/01/15 هـ,1430/01/15 هـ,تتضمن القواعد : العبارات والألفاظ الواردة بها – المنشأة ذات الشخصية الاعتبارية – إنشاء وحدة تدريب وشروط تأسيسها – مرفقات طالب الترخيص – ما يتضمنه النظام لوحدة التدريب – كيفية تكوين الترخيص لوحدة التدريب – تكوين مجلس إدارة لوحدات التدريب – مهام المؤسسة –...,هيئة الخبراء بمجلس الوزراء,ADD_OFFICIAL_CANONICAL
63dc01a6-fc5c-4600-9171-a9a700f2d222,نظام المعلومات الائتمانية,https://laws.boe.gov.sa/BoeLaws/Laws/LawDetails/63dc01a6-fc5c-4600-9171-a9a700f2d222/1,1429/07/05 هـ,1429/08/07 هـ,يتضمن النظام : التعريفات - الهدف من النظام - الجهات التي يسري عليها النظام - إلتزامات الجهات الحكومية التي لديها معلومات إئتمانية - الإشراف والرقابة على تطبيق أحكام هذا النظام - الأعمال المخالفة لهذا النظام - عقوبات مخالفة أحكام هذا النظام .,هيئة الخبراء بمجلس الوزراء,ADD_OFFICIAL_CANONICAL
0264f52c-70bd-40f2-94c1-a9a700f2b561,نظام الجمعيات التعاونية,https://laws.boe.gov.sa/BoeLaws/Laws/LawDetails/0264f52c-70bd-40f2-94c1-a9a700f2b561/1,1429/01/01 هـ,1429/01/01 هـ,يتضمن النظام ما يلي : أحكام إنشاء الجمعيات التعاونية وبيان طبيعتها ومكوناتها وواجباتها، أحكام إدارة الجمعيات التعاونية عن طريق مجلس الإدارة والجمعية العمومية، الرقابة على الجمعيات التعاونية، توزيع الأرباح، حل الجمعيات التعاونية وتصفية أعمالها.,هيئة الخبراء بمجلس الوزراء,ADD_OFFICIAL_CANONICAL
2640f5ff-1f7b-49fc-a57c-a9a700f192c9,نظام مزاولة نقل النقود والمعادن الثمينة والمستندات ذات القيمة,https://laws.boe.gov.sa/BoeLaws/Laws/LawDetails/2640f5ff-1f7b-49fc-a57c-a9a700f192c9/1,1428/10/18 هـ,1428/10/28 هـ,يتضمن النظام : المقصود بالعبارات والألفاظ الواردة بالنظام – الجهات التي يطبق عليها أحكام النظام – طلبات الحصول على ترخيص مزاولة النشاط – إلتزامات الجهات الحاصلة على ترخيص مزاولة النشاط – شروط من يتولى إدارة الجهات المرخص لها بمزاولة النشاط – إلتزامات طاقم...,هيئة الخبراء بمجلس الوزراء,ADD_OFFICIAL_CANONICAL
85364e57-c01e-41ba-8def-a9a700f183e9,نظام المرور,https://laws.boe.gov.sa/BoeLaws/Laws/LawDetails/85364e57-c01e-41ba-8def-a9a700f183e9/1,1428/10/26 هـ,1428/10/26 هـ,"تضمن النظام : نطاق سريان النظام وتعريف المصطلحات , تسجيل المركبات ورخص السير , أوزان المركبات وأبعادها وفحصها , رخص القيادة , قواعد السير على الطرق , الحوادث , ضبط المخالفات وتحديد الجزاءات , أحكام عامة , جداول , علامات ارشادية .",هيئة الخبراء بمجلس الوزراء,ADD_OFFICIAL_CANONICAL
5d3379bd-3547-494e-9fbd-a9a700f26e24,نظام ديوان المظالم,https://laws.boe.gov.sa/BoeLaws/Laws/LawDetails/5d3379bd-3547-494e-9fbd-a9a700f26e24/1,1428/09/19 هـ,1428/09/23 هـ,يتضمن النظام مايلى: تشكيل الديوان – مجلس القضاء الإداري - محاكم الديوان ( ترتيب المحاكم - المحكمة الإدارية العليا - إختصاصات المحاكم) - تعيين قضاة الديوان وجميع شؤونهم الوظيفية .,هيئة الخبراء بمجلس الوزراء,ADD_OFFICIAL_CANONICAL
ea1765a3-dec3-41a0-a32f-a9a700f26d58,نظام القضاء,https://laws.boe.gov.sa/BoeLaws/Laws/LawDetails/ea1765a3-dec3-41a0-a32f-a9a700f26d58/1,1428/09/19 هـ,1428/09/23 هـ,يتضمن النظام : إستقلالية القضاء وضماناته – المجلس الأعلى للقضاء - المحاكم وولايتها (ترتيب المحاكم – المحكمة العليا – محكمة الإستئناف – محاكم الدرجة الأولي – ولاية المحاكم) - القضاة (تعيين القضاة وترقيتهم – نقل القضاة وندبهم وإجازاتهم – التفتيش على أعمال...,هيئة الخبراء بمجلس الوزراء,ADD_OFFICIAL_CANONICAL
8b59b6e9-94ff-4d7c-90df-acc60000e5ee,آلية العمل التنفيذية لنظام القضاء ونظام ديوان المظالم,https://laws.boe.gov.sa/BoeLaws/Laws/LawDetails/8b59b6e9-94ff-4d7c-90df-acc60000e5ee/1,1428/09/19 هـ,1428/09/23 هـ,تضمنت الآلية : القسم الأول آلية العمل التنفيذية لنظام القضاء وتضمن : المجلس الأعلى للقضاء ، المحكمة العليا ، محاكم الاستئناف ، محاكم الأحوال الشخصية ، المحاكم الجزائية ، المحاكم العمالية ، المحاكم التجارية ، اللجان شبه القضائية ، القسم الثاني آلية العمل :...,هيئة الخبراء بمجلس الوزراء,ADD_OFFICIAL_CANONICAL
79511847-3c0d-490a-957c-a9a700f25573,تنظيم الجمعية السعودية للزراعة العضوية,https://laws.boe.gov.sa/BoeLaws/Laws/LawDetails/79511847-3c0d-490a-957c-a9a700f25573/1,1428/08/21 هـ,1428/09/09 هـ,يتضمن التنظيم : تعريف الجمعية، وأهداف الجمعية للنهوض بمهنة الزراعة العضوية ومنتجاتها، وما تتضمنه الجمعية من أعضاء أساسية وانتساب وفخرية، كما أن للجمعية العمومية اختصاصات محددة، وللجمعية موارد مالية من اشتراكات الأعضاء والهبات والتبرعات وغيرها.,هيئة الخبراء بمجلس الوزراء,ADD_OFFICIAL_CANONICAL
a05632b0-ac19-4659-af2a-a9a700f18337,نظام المتفجرات والمفرقعات,https://laws.boe.gov.sa/BoeLaws/Laws/LawDetails/a05632b0-ac19-4659-af2a-a9a700f18337/1,1428/04/28 هـ,1428/05/22 هـ,يتضمن النظام : الأحكام العامة (الألفاظ والعبارات الخاصة بالنظام – أهداف النظام) – أحكام المتفجرات والمفرقعات – العقوبات – الأحكام الختامية الخاصة بالنظام.,هيئة الخبراء بمجلس الوزراء,ADD_OFFICIAL_CANONICAL
09a30b92-50a5-41ce-b404-a9a700f2b4e6,اللائحة التنظيمية لمراكز التنمية الاجتماعية,https://laws.boe.gov.sa/BoeLaws/Laws/LawDetails/09a30b92-50a5-41ce-b404-a9a700f2b4e6/1,1428/05/11 هـ,1428/05/11 هـ,تتضمن اللائحة مايلى: المقصود بالعبارات واللألفاظ الواردة باللائحة - أهداف المراكز - الجهاز الإداري والفني للمركز - تقسيم مناطق خدمات المراكز - فئات الإعانة (المساهمة الحكومية) التي تقدمها الوزارة للمشروعات التي تنفذها المراكز - لجان جمع التبرعات وقبول - حل...,هيئة الخبراء بمجلس الوزراء,ADD_OFFICIAL_CANONICAL
6f509360-2c39-4358-ae2a-a9a700f2ed16,نظام التعاملات الإلكترونية,https://laws.boe.gov.sa/BoeLaws/Laws/LawDetails/6f509360-2c39-4358-ae2a-a9a700f2ed16/1,1428/03/08 هـ,1428/03/29 هـ,يتضمن النظام مايلى: التعريفات الخاصة بالألفاظ وعبارات النظام – أهداف النظام ونطاق تنفيذه - الآثار النظامية للتعاملات والسجلات والتوقيعات الإلكترونية – إنعقاد التعامل الإلكتروني – التوقيع الإلكتروني – إختصاصات الوزارة والهيئة -المركز الوطني للتصديق الرقمي...,هيئة الخبراء بمجلس الوزراء,ADD_OFFICIAL_CANONICAL
25df73d6-0f49-4dc5-b010-a9a700f2ec1d,نظام مكافحة جرائم المعلوماتية,https://laws.boe.gov.sa/BoeLaws/Laws/LawDetails/25df73d6-0f49-4dc5-b010-a9a700f2ec1d/1,1428/03/08 هـ,1428/03/08 هـ,يتضمن النظام مايلى: التعريفات بالألفاظ والعبارات التي تخص النظام – الهدف من النظام – عقوبات مرتكب الجرائم المعلوماتية - مسؤولية هيئة الاتصالات وتقنية المعلومات .,هيئة الخبراء بمجلس الوزراء,ADD_OFFICIAL_CANONICAL
86f03d34-3650-4553-b6a0-a9a700f2cdae,نظام الإيداع في المخازن العامة,https://laws.boe.gov.sa/BoeLaws/Laws/LawDetails/86f03d34-3650-4553-b6a0-a9a700f2cdae/1,1427/05/10 هـ,1428/02/26 هـ,يتضمن النظام مايلى : الهدف من النظام - المقصود بالألفاظ والعبارات الواردة بالنظام - إصدار الترخيص المبدئ بإنشاء المخزن العام - يجوز للمخزن العام أن يقدم قروضا مكفولة برهن البضاعة المحفوظة لديه - التأمين التعاوني على البضاعة المودعة - إصدار مستند رهن أو أو...,هيئة الخبراء بمجلس الوزراء,ADD_OFFICIAL_CANONICAL
dd7a7d7d-a92d-431b-9ec3-a9a700f28a46,نظام الهيئة العامة للغذاء والدواء,https://laws.boe.gov.sa/BoeLaws/Laws/LawDetails/dd7a7d7d-a92d-431b-9ec3-a9a700f28a46/1,1428/01/25 هـ,1428/02/19 هـ,يتضمن النظام مايلى: المقصود بالعبارات والألفاظ الواردة بالنظام – الشخصية الإعتبارية للهيئة ومقرها- الغرض الأساسي من الهيئة- المهمات التنظيمية للهيئة - المهمات التنفيذية للهيئة - المهمات الرقابية للهيئة- مجلس إدارة الهيئة وإختصاصاتها وإجتماعاته- الرئيس -...,هيئة الخبراء بمجلس الوزراء,ADD_OFFICIAL_CANONICAL
93365bc0-8aa6-47a7-aed9-a9a700f29ecb,التنظيم الخاص بمركز الدراسات والبحوث البترولية,https://laws.boe.gov.sa/BoeLaws/Laws/LawDetails/93365bc0-8aa6-47a7-aed9-a9a700f29ecb/1,1428/06/25 هـ,1428/01/01 هـ,يتضمن التنظيم مايلى: إنشاء المركز وشخصيته الإعتبارية ومقره - الغرض من المركز - مجلس إمناء المركز وتكوينه - إجتماعات مجلس الأمناء وقراراته - سلطات مجلس الأمناء - مدير عام المركز - إختصاصات المدير العام - اللجنة الإستشارية للمركز - ميزانية المركز - موارد -...,هيئة الخبراء بمجلس الوزراء,ADD_OFFICIAL_CANONICAL
362afe92-2d60-4f60-9ed9-a9a700f216df,تنظيم الهيئة العامة للإسكان,https://laws.boe.gov.sa/BoeLaws/Laws/LawDetails/362afe92-2d60-4f60-9ed9-a9a700f216df/1,1428/08/29 هـ,1428/01/01 هـ,يتضمن التنظيم : العبارات والألفاظ الواردة في التنظيم – الهيئة ومقرها وإنشاء فروع داخل المملكة – هدف الهيئة – ما تقوم به الهيئة من مهام لتحقيق أهدافها – مجلس إدارة الهيئة – اختصاصات مجلس الإدارة – اجتماعات مجلس الإدارة – محافظ الهيئة واختصاصاته – ميزانية...,هيئة الخبراء بمجلس الوزراء,ADD_OFFICIAL_CANONICAL
750bf502-86c2-4928-bdb9-a9a700f1ff3b,تنظيم المؤسسة العامة للتدريب التقني والمهني,https://laws.boe.gov.sa/BoeLaws/Laws/LawDetails/750bf502-86c2-4928-bdb9-a9a700f1ff3b/1,1428/08/15 هـ,1428/01/01 هـ,يتضمن التنظيم مايلى: إنشاء المؤسسة وتحديد مقرها وطبيعتها، غرضها تنفيذ الخطط والبرامج الموضوعة لتطوير القوى الوطنية المهنية والفنية ضمن إطار السياسات التي يضعها مجلس القوى العاملة في حدود ما يتصل بالتعليم الفني والتدريب المهني والبحوث المتعلقة بذلك، بيان ما...,هيئة الخبراء بمجلس الوزراء,ADD_OFFICIAL_CANONICAL
98642c12-dd48-4148-841d-a9a700f1b3ea,تنظيم هيئة تنمية الصادرات السعودية,https://laws.boe.gov.sa/BoeLaws/Laws/LawDetails/98642c12-dd48-4148-841d-a9a700f1b3ea/1,1428/01/01 هـ,1428/01/01 هـ,يتضمن التنظيم مايلى: العبارات والألفاظ الخاصة بالتنظيم – إنشاء الهيئة ومقرها الرياض وإمكانية إنشاء فروع لها بالمملكة – اعتناء الهيئة بشؤون تنمية الصادرات غير النفطية بالمملكة – مجلس إدارة الهيئة – اختصاصات مجلس الإدارة – عام...,هيئة الخبراء بمجلس الوزراء,ADD_OFFICIAL_CANONICAL
9b79b62a-da9e-4f66-8a7d-a9a700f25369,قانون (نظام) المبيدات في دول مجلس التعاون لدول الخليج العربية,https://laws.boe.gov.sa/BoeLaws/Laws/LawDetails/9b79b62a-da9e-4f66-8a7d-a9a700f25369/1,1427/11/14 هـ,1427/12/08 هـ,يتضمن النظام مايلى : الهدف - التعريف بالكلمات والعبارات الواردة بالنظام - القرارات التي يصدرها الوزير - صلاحيات الوزير في استيراد بعض المبيدات المقيدة أو المحظورة - الأعمال المخالفة لأحكام هذا النظام يترك لكل دولة تحديد عقوبات مخالفة النظام .,هيئة الخبراء بمجلس الوزراء,ADD_OFFICIAL_CANONICAL
c2c05ee1-201a-48de-91e7-a9a700f2d14f,نظام المنافسات والمشتريات الحكومية,https://laws.boe.gov.sa/BoeLaws/Laws/LawDetails/c2c05ee1-201a-48de-91e7-a9a700f2d14f/1,,,يتضمن النظام الآتي : المبادئ الأساسية وأهداف النظام - تقديم العروض وفتح المظاريف - حالات عدم الإلتزام بتقديم الضمان الإبتدائي مع العروض - فحص العروض وصلاحية التعاقد - صياغة العقود ومدة تنفيذها - الضمانات البنكية - زيادة إلتزامات المتعاقد وتخفيضها - صرف -...,هيئة الخبراء بمجلس الوزراء,ADD_OFFICIAL_CANONICAL
3ab82e3c-de46-4463-a939-a9a700f1b2af,نظام المشاركة بالوقت فى الوحدات العقارية السياحية,https://laws.boe.gov.sa/BoeLaws/Laws/LawDetails/3ab82e3c-de46-4463-a939-a9a700f1b2af/1,1427/08/20 هـ,1427/09/13 هـ,\- يتضمن النظام الآتي : التعريفات والعبارات الخاصة بالنظام – الترخيص بمزوالة النشاط - إلتزامات البائع – عقد المشاركة بالوقت وشروطه – حقوق المشترى وإلتزاماته – الدفعات المقدمة – إلغاء الإتفاقيات الآجلة – منع الإتفاق على...,هيئة الخبراء بمجلس الوزراء,ADD_OFFICIAL_CANONICAL
5f028fb6-ec65-4745-8836-a9a700f28c38,تنظيم صندوق مدينة الملك فهد الطبية,https://laws.boe.gov.sa/BoeLaws/Laws/LawDetails/5f028fb6-ec65-4745-8836-a9a700f28c38/1,1427/07/27 هـ,1427/08/22 هـ,يتضمن التنظيم : العبارات والألفاظ الواردة به، وتأسيس صندوق له أهداف للإيرادات المالية الذاتية، وتشكيل مجلس له اختصاصات وتعيين أمين عام ومحاسب مع تمثيل رئيس المجلس أو من يفوضه للصندوق، ومتابعة الصندوق؛ إيرادات ومهام والسنة المالية له.,هيئة الخبراء بمجلس الوزراء,ADD_OFFICIAL_CANONICAL
e2263a48-092e-481d-84e5-a9a700f2529e,قانون (نظام) الأسمدة ومحسنات التربة الزراعية في دول مجلس التعاون لدول الخليج العربية,https://laws.boe.gov.sa/BoeLaws/Laws/LawDetails/e2263a48-092e-481d-84e5-a9a700f2529e/1,1427/07/15 هـ,1427/08/15 هـ,يتضمن النظام مايلى : الهدف - التعاريف بالكلمات والعبارات بالنظام - الأسمدة التي يسري عليها أحكام النظام - تسجيل الأسمدة ومحسنات التربة التي يجوز إستيرادها أو تصديرها أو تصنيفها أو تداولها – تراخيص استيراد الأسمدة - الموظفين الرسميين الذين لهم صفة الضبطية...,هيئة الخبراء بمجلس الوزراء,ADD_OFFICIAL_CANONICAL
123ace97-8b0e-40a2-bb6f-a9a700f2b3fd,نظام الضمان الاجتماعي 1427هـ,https://laws.boe.gov.sa/BoeLaws/Laws/LawDetails/123ace97-8b0e-40a2-bb6f-a9a700f2b3fd/1,,,يتضمن النظام مايلى : شروط الحصول على المعاش - تقدير المعاشات - المساعدات الاجتماعية - مصلحة الضمان الاجتماعي - أحكام عامة.,هيئة الخبراء بمجلس الوزراء,ADD_OFFICIAL_CANONICAL
64aee787-4618-4979-b4d8-a9a700f1c647,نظام استيراد المواد الكيميائية وإدارتها ( نظام إدارة المواد الكيميائية ),https://laws.boe.gov.sa/BoeLaws/Laws/LawDetails/64aee787-4618-4979-b4d8-a9a700f1c647/1,1427/06/16 هـ,1427/07/24 هـ,يتضمن النظام مايلى : المقصود بالعبارات والألفاظ الواردة بالنظام – الجهات المختصة بإصدار إذن إستيراد وفسح المواد الكيميائية – تراخيص نقل المواد الكيميائية - مهام وزارة الداخلية – مهام مصلحة الجمارك – مهام الرئاسة العامة للأرصاد - لا...,هيئة الخبراء بمجلس الوزراء,ADD_OFFICIAL_CANONICAL
90b81287-baab-4f66-a9c1-a9a700f2ce78,نظام البنك السعودي للتسليف والادخار ( بنك التنمية الاجتماعية ),https://laws.boe.gov.sa/BoeLaws/Laws/LawDetails/90b81287-baab-4f66-a9c1-a9a700f2ce78/1,1427/06/01 هـ,1427/07/17 هـ,يتضمن النظام الآتي: يتضمن النظام العناوين التالية: الاسم، تحديد المعاني، تأسيس البنك، أغراض البنك، رأس المال ومصادر التمويل الأخرى، المكتب والفروع، إدارة البنك، المجلس، المدير العام، أهلية الأعضاء، اجتماعات المجلس واللجنة التنفيذية وأتعاب حضور جلساتهما،...,هيئة الخبراء بمجلس الوزراء,ADD_OFFICIAL_CANONICAL
0da0543b-72bf-4405-98f3-a9a700f1c593,"القانون ""النظام"" الموحد لمكافحة الإغراق والتدابير التعويضية والوقائية لدول مجلس التعاون لدول الخليج العربية",https://laws.boe.gov.sa/BoeLaws/Laws/LawDetails/0da0543b-72bf-4405-98f3-a9a700f1c593/1,1427/05/17 هـ,1427/06/25 هـ,يتضمن النظام مايلى : الهدف من النظام ونطاقه- التعاريف - فرض التدابير – التدابير المؤقتة – التدابير النهائية – أشكال التدابير – إجراءات الشكوى والتحقيق – تشكيل اللجنة الدائمة – إختصاصات اللجنة الدائمة – اللجنة الوزارية – الأمانة الفنية للجنة الدائمة – – –...,هيئة الخبراء بمجلس الوزراء,ADD_OFFICIAL_CANONICAL
6a8286ec-baea-43ec-ab0d-a9a700f26c94,نظام الهيئة العامة للولاية على أموال القاصرين ومن فى حكمهم,https://laws.boe.gov.sa/BoeLaws/Laws/LawDetails/6a8286ec-baea-43ec-ab0d-a9a700f26c94/1,1427/03/13 هـ,1427/04/21 هـ,يتضمن النظام مايلى : إنشاء الهيئة وإختصاصاتها – مجلس إدارة الهيئة- إدارة الهيئة- إدارة الأموال وإستثمارها- التبليغ عن الوفاة وفقد الأهلية والغيبة – إنتهاء ولاية الهيئة- الأحكام العامة .,هيئة الخبراء بمجلس الوزراء,ADD_OFFICIAL_CANONICAL
5c351f5d-0814-4b94-86a0-a9a700f1b1f8,نظام تصنيف المقاولين1427هـ,https://laws.boe.gov.sa/BoeLaws/Laws/LawDetails/5c351f5d-0814-4b94-86a0-a9a700f1b1f8/1,,,يتضمن النظام مايلى : الألفاظ والعبارات الخاصة بالنظام – تصنيف وزارة الشؤون البلدية والقروية للمقاولين وفقا لأحكام هذا النظام – إلغاء تصنيف المقاول.,هيئة الخبراء بمجلس الوزراء,ADD_OFFICIAL_CANONICAL
3213c2f6-eaf8-45dc-8f8c-a9a700f167ee,نظام هيئة البيعة,https://laws.boe.gov.sa/BoeLaws/Laws/LawDetails/3213c2f6-eaf8-45dc-8f8c-a9a700f167ee/1,1427/01/01 هـ,1427/01/01 هـ,يتضمن النظام مايلى : تكوين هيئة تسمى هيئة البيعة بموجب أمر ملكي – مهام الهيئة – مقرها – قسم رئيس وأعضاء الهيئة قبل أن يباشروا أعمالهم – رئاسة إدارة إجتماعات الهيئة ومناقشاتها والتصويت على قراراتها.,هيئة الخبراء بمجلس الوزراء,ADD_OFFICIAL_CANONICAL
8d3508da-fafc-4fb7-bc66-a9a700f29d23,تنظيم الهيئة العامة للمساحة,https://laws.boe.gov.sa/BoeLaws/Laws/LawDetails/8d3508da-fafc-4fb7-bc66-a9a700f29d23/1,,,يتضمن التنظيم مايلى : إنشاء الهيئة والشخصية الإعتبارية لها - مقر الهيئة - الغرض الأساسي من الهيئة - تكوين مجلس إدارة الهيئة - سلطات مجلس الإدراة - إجتماعات المجلس وقراراته - رئيس الهيئة وصلاحياته - الموارد المالية للهيئة - ميزانية الهيئة .,هيئة الخبراء بمجلس الوزراء,ADD_OFFICIAL_CANONICAL
f1de206c-eef4-4a76-904a-a9a700f2899a,نظام مزاولة المهن الصحية,https://laws.boe.gov.sa/BoeLaws/Laws/LawDetails/f1de206c-eef4-4a76-904a-a9a700f2899a/1,1426/11/04 هـ,1426/11/28 هـ,يتضمن النظام مايلى : الترخيص بمزاولة المهن الصحية ( المقصود بالعبارات الواردة بالنظام - شروط الترخيص بمزاولة المهن الصحية - مدة الترخيص ) - واجبات الممارس الصحي ( الواجبات العامة للمارس الصحي - واجبات الممارس الصحي نحو المرضى - واجبات الزمالة ) – المهنية...,هيئة الخبراء بمجلس الوزراء,ADD_OFFICIAL_CANONICAL
f55f0003-8b87-4ff0-8f0f-a9a700f20578,نظام خدمة حجاج الداخل,https://laws.boe.gov.sa/BoeLaws/Laws/LawDetails/f55f0003-8b87-4ff0-8f0f-a9a700f20578/1,1426/10/28 هـ,1426/11/28 هـ,يتضمن النظام مايلى : تنظيم مهنة خدمة حجاج الداخل من حيث الشروط وإجراءات التصاريح وواجبات ومسئوليات وحقوق من صدرت لهم تصاريح.,هيئة الخبراء بمجلس الوزراء,ADD_OFFICIAL_CANONICAL
fc9ac74c-fc7d-4456-a0e2-a9a700f23eff,النظام الموحد لمد الحماية التأمينية لمواطني دول مجلس التعاون لدول الخليج العربية العاملين في غير دولهم في أي دولة عضو في المجلس,https://laws.boe.gov.sa/BoeLaws/Laws/LawDetails/fc9ac74c-fc7d-4456-a0e2-a9a700f23eff/1,1426/11/26 هـ,1426/11/26 هـ,يتضمن النظام مايلى : التعاريف والأحكام العامة ونطاق التطبيق – إجراءات التسجيل – إجراءات تحصيل الإشتراكات – وقف أو إنتهاء الإشتراك – أحكام ختامية – المذكرة الإيضاحية .,هيئة الخبراء بمجلس الوزراء,ADD_OFFICIAL_CANONICAL
73fd9170-ee6a-4380-8181-a9a700f29b65,نظام الكهرباء1426هـ,https://laws.boe.gov.sa/BoeLaws/Laws/LawDetails/73fd9170-ee6a-4380-8181-a9a700f29b65/1,,,يتضمن النظام ما يلي: إنشاء المؤسسة، بيان أغراضها وهي: تنفيذ الخطط والبرامج الموضوعة لتعميم الكهرباء في جميع مناطق المملكة وبيان اختصاصاتها وصلاحياتها في سبيل تحقيق هذا الغرض، بيان ما يتصل بشئونها الإدارية والمالية.,هيئة الخبراء بمجلس الوزراء,ADD_OFFICIAL_CANONICAL
81556dde-a88b-460f-b96a-a9a700f288d6,النظام الموحد لإدارة نفايات الرعاية الصحية بدول مجلس التعاون لدول الخليج العربية,https://laws.boe.gov.sa/BoeLaws/Laws/LawDetails/81556dde-a88b-460f-b96a-a9a700f288d6/1,1426/09/16 هـ,1426/10/20 هـ,يتضمن النظام مايلى : أحكام عامة – اشتراكات منتج نفايات الرعاية الصحية الخطرة – اشتراكات نقل نفايات الرعاية الصحية الخطرة خارج المنشأة الصحية – اشتراكات مرافق معالجة نفايات الرعاية الصحية الخطرة خارج المنشأة – النقل عبر الحدود – العقوبات – أحكام ختامية.,هيئة الخبراء بمجلس الوزراء,ADD_OFFICIAL_CANONICAL
33ef05e2-f53e-4340-b5cb-a9a700f2ead1,نظام الطيران المدني,https://laws.boe.gov.sa/BoeLaws/Laws/LawDetails/33ef05e2-f53e-4340-b5cb-a9a700f2ead1/1,1426/07/18 هـ,1426/09/25 هـ,يتضمن النظام : - أحكام عامة (تعريفات – سيادة المملكة وسلطاتها – أحكام عامة للطيران ) . \- تنظيم النقل الجوي ( سياسات النقل الجوي – الترخيص لشركات الطيران وتشغيلها – تسهيلات النقل الجوي ) . \- المطارات ومنشآت الخدمات الملاحية ( إنشاء المطارات وإدارتها – (...,هيئة الخبراء بمجلس الوزراء,ADD_OFFICIAL_CANONICAL
08381293-6388-48e2-8ad2-a9a700f2aa94,نظام العمل,https://laws.boe.gov.sa/BoeLaws/Laws/LawDetails/08381293-6388-48e2-8ad2-a9a700f2aa94/1,1426/08/23 هـ,1426/09/25 هـ,يتضمن النظام : التعريفات والأحكام العامة - تنظيم عمليات التوظيف - توظيف غير السعوديين - التدريب والتأهيل - علاقات العمل - شروط العمل وظروفه - العمل لبعض الوقت - الوقاية من مخاطر العمل والوقاية من الحوادث الكبرى وإصابات العمل والخدمات الصحية والاجتماعية -...,هيئة الخبراء بمجلس الوزراء,ADD_OFFICIAL_CANONICAL
a445af93-671f-496b-818a-a9a700f19150,نظام الأسلحة والذخائر,https://laws.boe.gov.sa/BoeLaws/Laws/LawDetails/a445af93-671f-496b-818a-a9a700f19150/1,1426/07/25 هـ,1426/09/18 هـ,"يتضمن النظام ما يلي: المقصود بالعبارات والالفاظ الواردة بالنظام – أحكام عامة- ما يحظر على غير الجهات الحكومية المختصة - ترخيص إستيراد الاسلحة النارية الفردية , أسلحة الصيد , أسلحة التمرين والبنادق الهوائية – حالات إلغاء رخصة حمل السلاح أو إقتنائه – حالات...",هيئة الخبراء بمجلس الوزراء,ADD_OFFICIAL_CANONICAL
7797548e-f8c5-4042-a383-a9a700f1fe68,نظام معهد الإدارة العامة,https://laws.boe.gov.sa/BoeLaws/Laws/LawDetails/7797548e-f8c5-4042-a383-a9a700f1fe68/1,1426/08/02 هـ,1426/09/11 هـ,يتضمن النظام مايلى : إنشاء المعهد وتحديد أغراضه وبيان صلاحياته، بيان ما يتعلق بالشئون الإدارة والمالية للمعهد.,هيئة الخبراء بمجلس الوزراء,ADD_OFFICIAL_CANONICAL
836460dd-2750-40a8-b8b1-a9a700f26ede,تنظيم هيئة حقوق الإنسان,https://laws.boe.gov.sa/BoeLaws/Laws/LawDetails/836460dd-2750-40a8-b8b1-a9a700f26ede/1,1426/08/08 هـ,1426/09/04 هـ,"يتضمن التنظيم مايلى : إنشاء هيئة حقوق الإنسان وأهدافها – شخصية الهيئة الإعتبارية وإستقلاليتها – رئيس الهيئة – مجلس الهيئة وسلطاته- إجتماعات مجلس الهيئة واسلوب إصدار قراراته وتوصياته - مهام رئيس الهيئة , نائب رئيس الهيئة – إدارات ....",هيئة الخبراء بمجلس الوزراء,ADD_OFFICIAL_CANONICAL
221b3286-a3c6-4ea4-97c7-a9a700f18273,نظام مكافحة المخدرات والمؤثرات العقلية,https://laws.boe.gov.sa/BoeLaws/Laws/LawDetails/221b3286-a3c6-4ea4-97c7-a9a700f18273/1,1426/07/08 هـ,1426/08/12 هـ,تضمن هذا النظام ما يلي : التعريفات ، الأفعال المجرمة ، الاختصاص القضائي ، المساعدة القانونية ، التسليم المراقب ، الاستيراد والاتجار المشروع ، صنع المستحضرات الطبية المحتوية على مواد مخدرة ، حفظ المواد المخدرة وإجراءات صرفها ، حيازة المواد المخدرة في العلاج...,هيئة الخبراء بمجلس الوزراء,ADD_OFFICIAL_CANONICAL
985cf9ba-02ec-4eb1-9e36-a9a700f23514,نظام الملابس والتجهيزات العسكرية الفردية,https://laws.boe.gov.sa/BoeLaws/Laws/LawDetails/985cf9ba-02ec-4eb1-9e36-a9a700f23514/1,1426/07/08 هـ,1426/08/12 هـ,يتضمن النظام مايلى : التعريف بالعبارات والألفاظ الواردة بالنظام - الشعار والرتب العسكرية والأزرار ولوحة الاسم - هيئات اللباس العسكري والتجهيزات العسكرية الفردية - الصرف والإعادة - لجنة الملابس والتجهيزات العسكرية - محظورات وأحكام عامة .,هيئة الخبراء بمجلس الوزراء,ADD_OFFICIAL_CANONICAL
746f3ff2-0c3a-4b60-aac2-a9a700f1c4e8,النظام الأساسي لهيئة التقييس لدول مجلس التعاون لدول الخليج العربية,https://laws.boe.gov.sa/BoeLaws/Laws/LawDetails/746f3ff2-0c3a-4b60-aac2-a9a700f1c4e8/1,1426/07/08 هـ,1426/08/05 هـ,يتضمن النظام مايلى : المسميات الواردة بالنظام – مقر الهيئة – الأهداف والمهام - أجهزة الهيئة – مجلس الإدارة – إجتماعيات مجلس الإدارة - إختصاصات مجلس الإدارة – المجلس الفني – إختصاصات المجلس الفني - الأمانة العامة – الشخصية القانونية – ميزانية الهيئة - – ....,هيئة الخبراء بمجلس الوزراء,ADD_OFFICIAL_CANONICAL
51c9a546-fc5e-4607-ba34-a9a700f19012,نظام الحراسة الأمنية المدنية الخاصة,https://laws.boe.gov.sa/BoeLaws/Laws/LawDetails/51c9a546-fc5e-4607-ba34-a9a700f19012/1,1426/07/08 هـ,1426/08/05 هـ,يتضمن النظام ما يلي: المقصود بالألفاظ والعبارات الواردة بالنظام – إلتزام الجهات التي تحددها اللأئحة بوضع الحراسة الأمنية الخاصة – شروط المؤسسات الفردية والشركات التي يرخص لها لممارسة الحراسة الأمنية المدنية الخاصة – شروط العاملين في هذه الشركات- عقوبة أي...,هيئة الخبراء بمجلس الوزراء,ADD_OFFICIAL_CANONICAL
c46966ec-0e03-41a3-96fa-a9a700f250b1,نظام (قانون) الحجر الزراعي لدول مجلس التعاون لدول الخليج العربية,https://laws.boe.gov.sa/BoeLaws/Laws/LawDetails/c46966ec-0e03-41a3-96fa-a9a700f250b1/1,1426/02/27 هـ,1426/04/05 هـ,يتضمن النظام مايلى : الهدف - المقصود بالعبارات والكلمات الواردة بالنظام – تفويض الصلاحيات – الإدارة – مهام المفتش – الإحتواء وإستئصال الآفات - الإستيراد والتصدير- عقوبات مخالفة أحكام النظام – أحكام عامة .,هيئة الخبراء بمجلس الوزراء,ADD_OFFICIAL_CANONICAL
f7092b7f-77b4-4205-8dcf-a9a700f2e91c,تنظيم الهيئة العامة للطيران المدني 1426هـ,https://laws.boe.gov.sa/BoeLaws/Laws/LawDetails/f7092b7f-77b4-4205-8dcf-a9a700f2e91c/1,,,يتضمن التنظيم مايلى : المقصود بالعبارات والألفاظ الواردة بالتنظيم – الشخصية الاعتبارية العامة للهيئة ومقرها جدة – الغرض الأساسي لتنظيم الهيئة وسبل تحقيق مهامها – مجلس إدارة الهيئة وصلاحياته – اجتماعات الهيئة وقراراتها – رئيس الهيئة واختصاصاته – موارد –...,هيئة الخبراء بمجلس الوزراء,ADD_OFFICIAL_CANONICAL
c57d7f19-9b3e-4161-bb91-a9a700f203fb,نظام نقل الحجاج إلى المملكة وإعادتهم إلى بلادهم,https://laws.boe.gov.sa/BoeLaws/Laws/LawDetails/c57d7f19-9b3e-4161-bb91-a9a700f203fb/1,1425/12/28 هـ,1426/02/08 هـ,يتضمن النظام ما يلي: تحديد من يعتبر ناقلا للحجاج وبيان واجبات والتزامات ناقلي الحجاج من وإلى المملكة، عقوبات مخالفة النظام وجهة الحكم فيها.,هيئة الخبراء بمجلس الوزراء,ADD_OFFICIAL_CANONICAL
456ab486-9c16-4c7b-993c-a9a700f2cc4a,نظام تعريفة الطيران المدني,https://laws.boe.gov.sa/BoeLaws/Laws/LawDetails/456ab486-9c16-4c7b-993c-a9a700f2cc4a/1,1426/01/01 هـ,1426/01/01 هـ,يتضمن ما يلي: بيان أحكام احتساب واقتضاء الرسوم على الطائرات في مطارات المملكة وتشمل: رسوم الهبوط والإيواء والعبور ونقل الركاب والرسوم الأمنية ورسوم المعدات والتصاريح وشهادات تسجيل الطائرات ورخص الملاحين والمهندسين ورسوم أخرى. بيان أحكام الإعفاء من هذه ،...,هيئة الخبراء بمجلس الوزراء,ADD_OFFICIAL_CANONICAL
4cbce34d-f9d3-4d07-bc08-a9a700f24bff,نظام المراعي والغابات,https://laws.boe.gov.sa/BoeLaws/Laws/LawDetails/4cbce34d-f9d3-4d07-bc08-a9a700f24bff/1,,,يتضمن النظام ما يلي: تعريفات وأحكام عامة، صلاحيات وزارة الزراعة المتعلقة بالتشجير، ضرورة الحصول على ترخيص من وزارة الزراعة لاستثمار الغابات العامة، ولنقل نتائج الغابات الخاصة والعامة، بيان المحظورات الكفيلة بحماية الغابات والمراعي، عقوبات مخالفة النظام.,هيئة الخبراء بمجلس الوزراء,ADD_OFFICIAL_CANONICAL
dbc3e41b-e877-48f2-a213-a9a700f1fdab,نظام إنتاج المواد التعليمية المساعدة وتسويقها,https://laws.boe.gov.sa/BoeLaws/Laws/LawDetails/dbc3e41b-e877-48f2-a213-a9a700f1fdab/1,1425/10/29 هـ,1425/11/26 هـ,يتضمن النظام ما يلي: الألفاظ والعبارات الواردة بالنظام – يسري هذا النظام على المادة التعليمية المنتجة محليا أو خارجيا – المواد التعليمية المحظور إنتاجها أو تسويقها – شروط مزاولة إنتاج المواد التعليمية – قواعد الاستعانة بمؤهلين لفحص المادة التعليمية –...,هيئة الخبراء بمجلس الوزراء,ADD_OFFICIAL_CANONICAL
4943163b-a079-4beb-b544-a9a700f286b1,نظام وحدات الإخصاب والأجنة وعلاج العقم,https://laws.boe.gov.sa/BoeLaws/Laws/LawDetails/4943163b-a079-4beb-b544-a9a700f286b1/1,1424/11/21 هـ,1425/11/12 هـ,يتضمن النظام ما يلي : أحكام عامة ( المقصود بالعبارات والكلمات الواردة بالنظام - إلتزام وحدات الإخصاب والأجنة وعلاج العقم في ممارسة نشاطها بالفتاوي الشرعية التي تصدرها هيئة كبار العلماء في المملكة) - لجنة الإشراف على أمور الإخصاب والأجنة وعلاج العقم (تكوين...,هيئة الخبراء بمجلس الوزراء,ADD_OFFICIAL_CANONICAL
8d68a28a-3ca8-4093-8f53-a9a700f28818,نظام تداول بدائل حليب الأم,https://laws.boe.gov.sa/BoeLaws/Laws/LawDetails/8d68a28a-3ca8-4093-8f53-a9a700f28818/1,1425/09/21 هـ,1425/10/27 هـ,يتضمن النظام ما يلي: المقصود بالعبارات والكلمات الواردة بالنظام - أهداف النظام - المنتجات التي يطبق عليها النظام - التوعية الإعلامية والتربوية - مشتملات حظر الإعلان والترويج لبدائل حليب الام - وضع بطاقة على كل عبوة بطريقة واضحة – عقوبات مخالفة النظام .,هيئة الخبراء بمجلس الوزراء,ADD_OFFICIAL_CANONICAL
e14d5204-6b1f-432e-b139-a9a700f28765,نظام المنشآت والمستحضرات الصيدلانية,https://laws.boe.gov.sa/BoeLaws/Laws/LawDetails/e14d5204-6b1f-432e-b139-a9a700f28765/1,,,يتضمن النظام ما يلي: أحكام مزاولة مهنة الصيدلة، الصيدليات، مستودعات بيع الأدوية بالجملة، مصانع المستحضرات الطبية، تسجيل الأدوية، أحكام انتقالية، عقوبات مخالفة النظام.,هيئة الخبراء بمجلس الوزراء,ADD_OFFICIAL_CANONICAL
6cfde53b-e803-49be-b2c6-a9a700f1c434,نظام براءات الاختراع والتصميمات التخطيطية للدارات المتكاملة والأصناف النباتية والنماذج الصناعية,https://laws.boe.gov.sa/BoeLaws/Laws/LawDetails/6cfde53b-e803-49be-b2c6-a9a700f1c434/1,1425/05/29 هـ,1425/06/20 هـ,يتضمن النظام ما يلي: بيان هدف النظام، وهو توفير الحماية الكاملة للاختراعات داخل المملكة، تحديد الجهة المختصة بمنح براءة الاختراع (مدينة الملك عبد العزيز للعلوم والتقنية) ، شروط ذلك، بيان مالا يعد من قبيل الاختراعات في تطبيق النظام، الحقوق التي يرتبها منح...,هيئة الخبراء بمجلس الوزراء,ADD_OFFICIAL_CANONICAL
07e87d88-b2c4-40ab-8770-a9a700f1af21,نظام مكافحة التستر1425هـ,https://laws.boe.gov.sa/BoeLaws/Laws/LawDetails/07e87d88-b2c4-40ab-8770-a9a700f1af21/1,,,يتضمن النظام ما يلي: النص على أنه لا يجوز للأجنبي أن يستثمر لحسابه الخاص أو بالاشتراك مع غيره أي نشاط لا يسمح نظام استثمار رأس المال الأجنبي أو غيره من الأنظمة والتعليمات له بممارسته، وبيان من يعتبر متستر وفقا لهذا النظام، وتحديد عقوبات مخالفة ذلك، ضبطها...,هيئة الخبراء بمجلس الوزراء,ADD_OFFICIAL_CANONICAL
6b615a05-f637-41cf-8419-a9a700f1afd7,نظام المنافسة,https://laws.boe.gov.sa/BoeLaws/Laws/LawDetails/6b615a05-f637-41cf-8419-a9a700f1afd7/1,,,يتضمن النظام ما يلي: أهداف النظام – تعريف بالمصطلحات الواردة بالنظام – تطبيق أحكام هذا النظام – المنشآت المتنافسة – إنشأ مجلس حماية المنافسة (مقره – تكوينه ومدة عضويتة – إختصاصاته) – الأمانة العامة للمجلس .,هيئة الخبراء بمجلس الوزراء,ADD_OFFICIAL_CANONICAL
23576008-1ce4-4685-ac3e-a9a700f2cb02,نظام ضريبة الدخل,https://laws.boe.gov.sa/BoeLaws/Laws/LawDetails/23576008-1ce4-4685-ac3e-a9a700f2cb02/1,1425/01/15 هـ,1425/03/11 هـ,يتضمن النظام ما يلي: فرض ضريبة على دخل الأفراد الشخصي، وعلى الدخل أو الربح الذي تدره استثمارات رؤوس الأموال، وبيان الخاضعين للضريبة، ونسبتها، والمبالغ التي تستحق عليها الضريبة. المعفون من الضرائب.,هيئة الخبراء بمجلس الوزراء,ADD_OFFICIAL_CANONICAL
5160cfca-da74-4008-97e2-a9a700f23b92,تنظيم المؤسسة العامة للتقاعد,https://laws.boe.gov.sa/BoeLaws/Laws/LawDetails/5160cfca-da74-4008-97e2-a9a700f23b92/1,1425/01/03 هـ,1425/01/21 هـ,يتضمن التنظيم: مقدمة عن نشأة المؤسسة باسم مصلحة معاشات التقاعد - العبارات والألفاظ الواردة بالتنظيم - شخصية المؤسسة الإعتبارية ومقرها بالرياض وجواز إنشاء فرع أو مكاتب لها داخل المملكة - أهداف المؤسسة - ما تقوم به المؤسسة لتحقيق مهامها - مجلس إدارة المؤسسة...,هيئة الخبراء بمجلس الوزراء,ADD_OFFICIAL_CANONICAL
7b6436fd-e7c0-4a51-afcc-a9a700f1ae15,نظام الرهن التجاري,https://laws.boe.gov.sa/BoeLaws/Laws/LawDetails/7b6436fd-e7c0-4a51-afcc-a9a700f1ae15/1,,,يتضمن النظام ما يلي : ماهية الرهن التجاري وما يترتب عليه - عدم إنفصال الرهن عن الدين المضمون - رهن الحقوق الثابتة - إثبات الرهن بالنسبة للمتعاقدين – الدائن المرتهن .,هيئة الخبراء بمجلس الوزراء,ADD_OFFICIAL_CANONICAL
67d159e6-ee98-4efc-a2ee-a9a700f17083,نظام حماية حقوق المؤلف,https://laws.boe.gov.sa/BoeLaws/Laws/LawDetails/67d159e6-ee98-4efc-a2ee-a9a700f17083/1,1424/07/02 هـ,1424/07/22 هـ,يتضمن النظام ما يلي : تعريفات - المصنفات التي يحمى مؤلفوها - حقوق المؤلف - انتقال ملكية حقوق المؤلف - نطاق حماية حقوق المؤلف ومدتها - أحكام الإيداع - العقوبات - أحكام عامة.,هيئة الخبراء بمجلس الوزراء,ADD_OFFICIAL_CANONICAL
3e3c6fc3-9a45-4a0e-b28e-a9a700f1ad14,نظام مراقبة شركات التأمين التعاوني,https://laws.boe.gov.sa/BoeLaws/Laws/LawDetails/3e3c6fc3-9a45-4a0e-b28e-a9a700f1ad14/1,1424/06/02 هـ,1424/06/24 هـ,يتضمن النظام ما يلي : شكل التأمين بالمملكة – إختصاص مؤسسة النقد العربي السعودي فيما يتعلق بالنظام – تأسيس شركات التأمين أو إعادة التأمين بالمملكة – عقوبة الإخلال بأحكام النظام .,هيئة الخبراء بمجلس الوزراء,ADD_OFFICIAL_CANONICAL
ae6dac2c-6da4-47fc-b605-a9a700f251c2,نظام (قانون) الحجر البيطري لدول مجلس التعاون لدول الخليج العربية,https://laws.boe.gov.sa/BoeLaws/Laws/LawDetails/ae6dac2c-6da4-47fc-b605-a9a700f251c2/1,1424/06/01 هـ,1424/06/17 هـ,يتضمن النظام ما يلي : التعريفات والمصطلحات – الحجر البيطري – المستندات التي تصحب الإرساليات والأعلاف الحيوانية الواردة من أي دولة أو منطقة خارج الدول الأعضاء – حيوانات الذبح والتربية – الحيوانات المستوردة من بلد لا ينطبق عليه بعض أنظمة التحصين ضد بعض – – –...,هيئة الخبراء بمجلس الوزراء,ADD_OFFICIAL_CANONICAL
25450917-e26c-4532-a75f-a9a700f21996,نظام نزع ملكية العقارات للمنفعة العامة ووضع اليد المؤقت على العقار,https://laws.boe.gov.sa/BoeLaws/Laws/LawDetails/25450917-e26c-4532-a75f-a9a700f21996/1,,,يتضمن النظام ما يلي : نزع الملكية للمصلحة العامة - التعويض عما يتم اقتطاعه لتحديد وتنفيذ شبكات الطرق الرئيسية ( بالنسبة لما هو واقع داخل حدود حماية التنمية – بالنسبة لما هو واقع خارج حدود حماية التنمية – بالنسبة للمدن والقرى والهجر التي لايوجد لها حد ) -...,هيئة الخبراء بمجلس الوزراء,ADD_OFFICIAL_CANONICAL
50924f95-f74e-430e-820c-a9a700f1abfa,نظام السوق المالية,https://laws.boe.gov.sa/BoeLaws/Laws/LawDetails/50924f95-f74e-430e-820c-a9a700f1abfa/1,1424/06/02 هـ,1424/06/02 هـ,يتضمن النظام ما يلي : التعريفات الواردة بالنظام - المقصود بالأوراق المالية لصالح النظام - هيئة السوق المالية - إنشاء الهيئة وصلاحياتها- مجلس هيئة سوق المال - الموارد المالية للهيئة – ميزانية الهيئة – السوق المالية وصفتها وأهدافها – مجلس إدارة السوق – في...,هيئة الخبراء بمجلس الوزراء,ADD_OFFICIAL_CANONICAL
965f24c7-0ddb-4d8f-a658-a9a700f24b24,نظام الثروة الحيوانية,https://laws.boe.gov.sa/BoeLaws/Laws/LawDetails/965f24c7-0ddb-4d8f-a658-a9a700f24b24/1,,,يتضمن النظام ما يلي : العبارات والمصطلحات الواردة بالنظام – أهداف النظام - التزامات الجهات الحكومية المعنية بالثروة الحيوانية أو منتجاتها أو مخلفاتها – منح التراخيص الخاصة بمشروعات الثروة الحيوانية – ما يجب القيام به عند الإشتباه في إصابة الثروة الحيوانيه...,هيئة الخبراء بمجلس الوزراء,ADD_OFFICIAL_CANONICAL
ae482429-33b8-4e3f-a3ae-a9a700f23d5c,نظام تبادل المنافع بين نظامي التقاعد المدني والعسكري ونظام التأمينات الإجتماعية,https://laws.boe.gov.sa/BoeLaws/Laws/LawDetails/ae482429-33b8-4e3f-a3ae-a9a700f23d5c/1,1424/01/01 هـ,1424/01/01 هـ,يتضمن النظام ما يلي : تعريفات - حق المشترك في ضم مدد الإشتراك – شروط ضم مدد الإشتراك – إلتزامات النظام الأول ( القيمة الإكتوارية الواجب تحويلها ) - إلتزامات النظام الأخير ( المعاش التقاعدي عن المدتين) - المتابعة المالية وفحص المركز المالي – أحكام عامة -...,هيئة الخبراء بمجلس الوزراء,ADD_OFFICIAL_CANONICAL
b93d0275-775f-482a-9d52-a9a700f2ca15,نظام (قانون) الجمارك الموحد لدول مجلس التعاون لدول الخليج العربية,https://laws.boe.gov.sa/BoeLaws/Laws/LawDetails/b93d0275-775f-482a-9d52-a9a700f2ca15/1,1423/11/03 هـ,1423/12/27 هـ,يتضمن النظام ما يلي : تعريفات وأحكام عامة - أحكام تطبيق التعرفة الجمركية - المنع و التقييد - العناصر المميزة للبضائع ( المنشأ - القيمة - النوع ) - الاستيراد و التصدير - مراحل التخليص الجمركي - الأوضاع المعلقة للرسوم الجمركية - الإعفاءات - رسوم الخدمات -...,هيئة الخبراء بمجلس الوزراء,ADD_OFFICIAL_CANONICAL
64e307c5-ac8c-49d8-9174-a9a700f285a0,نظام المؤسسات الصحية الخاصة,https://laws.boe.gov.sa/BoeLaws/Laws/LawDetails/64e307c5-ac8c-49d8-9174-a9a700f285a0/1,1423/11/03 هـ,1423/12/06 هـ,يتضمن النظام ما يلي : أحكام عامة - الترخيص - المستشفيات - المستوصفات - العيادات الخاصة والمجمعة - المختبرات الطبية - مراكز الخدمة الطبية المساعدة - العقوبات - أحكام ختامية.,هيئة الخبراء بمجلس الوزراء,ADD_OFFICIAL_CANONICAL
1169b2b7-4e7d-4775-86b0-a9a700f2841e,النظام الصحي,https://laws.boe.gov.sa/BoeLaws/Laws/LawDetails/1169b2b7-4e7d-4775-86b0-a9a700f2841e/1,1423/03/23 هـ,1423/03/23 هـ,يتضمن النظام ما يلي : المقصود بالعبارات والكلمات - هدف النظام - إهتمام الدولة بتوفير الرعاية الصحية والصحة العامة للمجتمع - خدمات الرعاية الصحية التي توفرها الدولة - مسئوليات الوزارة لتوفير الرعاية الصحية - الصلاحيات المالية و الإدارية التي تعطى لكل مديرية...,هيئة الخبراء بمجلس الوزراء,ADD_OFFICIAL_CANONICAL
4c55f487-89fa-4d0f-80f1-a9a700f2835e,نظام المختبرات الخاصة,https://laws.boe.gov.sa/BoeLaws/Laws/LawDetails/4c55f487-89fa-4d0f-80f1-a9a700f2835e/1,1423/02/08 هـ,1423/02/08 هـ,يتضمن النظام ما يلي : أحكام عامة - الترخيص - المستشفيات - المستوصفات - العيادات الخاصة والمجمعة - المختبرات الطبية - مراكز الخدمة الطبية المساعدة - العقوبات - أحكام ختامية.,هيئة الخبراء بمجلس الوزراء,ADD_OFFICIAL_CANONICAL
95a6369d-d712-4028-842e-a9a700f1a957,نظام البيانات التجارية,https://laws.boe.gov.sa/BoeLaws/Laws/LawDetails/95a6369d-d712-4028-842e-a9a700f1a957/1,1423/01/01 هـ,1423/01/01 هـ,يتضمن النظام ما يلي : تعريف البيان التجاري وشروطه وما لايجوز ذكره في البيان – عقوبات من يخالف النظام – إختصاص هيئة التحقيق والإدعاء العام بالتحقيق في المخالفات – إختصاص ديوان المظالم بالفصل في المنازعات الناشئة عن تطبيق أحكام النظام .,هيئة الخبراء بمجلس الوزراء,ADD_OFFICIAL_CANONICAL
9cff56dc-09be-45e1-a736-a9a700f218db,نظام الأنشطة المقلقة للراحة أو الخطرة أو المضرة بالصحة أو البيئة,https://laws.boe.gov.sa/BoeLaws/Laws/LawDetails/9cff56dc-09be-45e1-a736-a9a700f218db/1,1423/01/01 هـ,1423/01/01 هـ,يتضمن النظام ما يلي : شروط الترخيص من الجهات المختصة – لا يجوز التنازل عن الترخيص – يجب على صاحب الترخيص أن يقوم بإدارة المحل بنفسه أو تعيين مدير أو مسئول عن التشغيل - عقوبة من يخل بأحكام النظام .,هيئة الخبراء بمجلس الوزراء,ADD_OFFICIAL_CANONICAL
c104908b-d32d-411a-b71e-a9a700f214b0,نظام ملكية الوحدات العقارية وفرزها,https://laws.boe.gov.sa/BoeLaws/Laws/LawDetails/c104908b-d32d-411a-b71e-a9a700f214b0/1,,,يتضمن النظام ما يلي : المقصود بالكلمات والعبارات الواردة بالنظام – ما يجب على المالك عند البناء على أرضه – صك الملكية لابد أن يكون مطابقًا لأوصاف الأرض وحدودها وشكلها – ما يجب عند اشتراك أكثر من شخصين في تشييد بناء – تقسيم حصصهم الشائعة في البناء المشترك...,هيئة الخبراء بمجلس الوزراء,ADD_OFFICIAL_CANONICAL
eb5cc9e3-b938-42db-b375-a9a700f2156b,نظام التسجيل العيني للعقار 1423هـ,https://laws.boe.gov.sa/BoeLaws/Laws/LawDetails/eb5cc9e3-b938-42db-b375-a9a700f2156b/1,,,يتضمن النظام ما يلي : التعريف بالمصطلحات والعبارات الواردة بالنظام – أحكام عامة – الوحدة العقارية – السجل العقاري – أسلوب قيام كل من وزارة الشؤون البلدية والقروية، ووزارة العدل بأعمال التسجيل العقاري والتوثيق – مستندات قيد الوحدات العقارية في السجل – – –...,هيئة الخبراء بمجلس الوزراء,ADD_OFFICIAL_CANONICAL
3ec4414f-2ec5-48b1-bcb4-a9a700f1aa2b,نظام العلامات التجارية,https://laws.boe.gov.sa/BoeLaws/Laws/LawDetails/3ec4414f-2ec5-48b1-bcb4-a9a700f1aa2b/1,1423/01/01 هـ,1423/01/01 هـ,يتضمن النظام ما يلي : بيان ما يعتبر وما لا يعتبر علامة تجارية في تطبيق أحكام النظام - إجراءات تسجيل العلامات التجارية وشهرها - بيان أثر ذلك، أحكام تجديد العلامات التجارية، وشطب تسجيلها - نقل ملكية العلامات ورهنها والحجز عليها - عقود التراخيص - العلامات - -...,هيئة الخبراء بمجلس الوزراء,ADD_OFFICIAL_CANONICAL
3e1de77d-3cd1-44d8-b174-a9a700f1ab06,نظام الهيئة السعودية للمهندسين,https://laws.boe.gov.sa/BoeLaws/Laws/LawDetails/3e1de77d-3cd1-44d8-b174-a9a700f1ab06/1,1423/01/01 هـ,1423/01/01 هـ,يتضمن النظام ما يلي : إنشاء الهيئة السعودية للمهندسين تحت إشراف وزارة التجارة ومقرها الرياض مع جواز إنشاء فروع لها داخل المملكة – أهداف الهيئة – عضوية الهيئة ( العضوية الأساسية – عضوية انتساب – عضوية فخرية) – الجمعية العمومية للهيئة – اختصاص الجمعية – –...,هيئة الخبراء بمجلس الوزراء,ADD_OFFICIAL_CANONICAL
0041fa37-4a6d-4b68-a9ab-a9a700f2e88f,تنظيم مؤسسة البريد السعودي,https://laws.boe.gov.sa/BoeLaws/Laws/LawDetails/0041fa37-4a6d-4b68-a9ab-a9a700f2e88f/1,1423/01/01 هـ,1423/01/01 هـ,يتضمن التنظيم ما يلي : المقصود بالعبارات والألفاظ الواردة بالتنظيم – مؤسسة البريد السعودي مؤسسة عامة لها شخصيتها الاعتبارية ومقرها الرياض – مهام المؤسسة – مجلس إدارة المؤسسة وصلاحياته – اجتماعات المجلس وقراراته – رئيس المؤسسة وصلاحياته – موارد المؤسسة –...,هيئة الخبراء بمجلس الوزراء,ADD_OFFICIAL_CANONICAL
4682a0f0-ba74-4a5f-b0e9-a9a700f2aa14,قواعد ترشيح رواد العمل التطوعي واختيارهم وتكريمهم,https://laws.boe.gov.sa/BoeLaws/Laws/LawDetails/4682a0f0-ba74-4a5f-b0e9-a9a700f2aa14/1,1423/01/01 هـ,1423/01/01 هـ,تتضمن القواعد ما يلي : المجالات الخيرية التي يمنح من خلال المتميزين أوسمة وشهادات تقدير - معايير الترشيح - تشكيل لجنة الإختيار .,هيئة الخبراء بمجلس الوزراء,ADD_OFFICIAL_CANONICAL
f42655be-79b0-4fd4-bb90-a9a700f26a3e,نظام المحاماة,https://laws.boe.gov.sa/BoeLaws/Laws/LawDetails/f42655be-79b0-4fd4-bb90-a9a700f26a3e/1,1422/07/28 هـ,1422/07/28 هـ,يتضمن النظام: التعريف بمهنة المحاماة وشروط مزاولتها - واجبات المحامين وحقوقهم - تأديب المحامين - أحكام عامة وإنتقالية .,هيئة الخبراء بمجلس الوزراء,ADD_OFFICIAL_CANONICAL
c385b62c-c635-484c-afa1-a9a700f16fe1,نظام المؤسسات الصحفية,https://laws.boe.gov.sa/BoeLaws/Laws/LawDetails/c385b62c-c635-484c-afa1-a9a700f16fe1/1,1422/05/08 هـ,1422/05/27 هـ,يتضمن النظام ما يلي : كيفية إنشاء المؤسسات الصحفية الأهلية وبيان طبيعتها ورأس مالها - ومركزها - وأحكام انتهائها - الشروط الواجب توافرها في عضو المؤسسة وواجباته ومحظوراته - أحكام اختيار مدير عام المؤسسة ورئيس التحرير وأعضاء لجنة الإشراف على التحرير وبيان...,هيئة الخبراء بمجلس الوزراء,ADD_OFFICIAL_CANONICAL
8161ec24-d5e0-48b4-8392-a9a700f278d8,نظام حماية التراث المخطوط في المملكة العربية السعودية,https://laws.boe.gov.sa/BoeLaws/Laws/LawDetails/8161ec24-d5e0-48b4-8392-a9a700f278d8/1,1422/01/01 هـ,1422/01/01 هـ,يتضمن النظام : تعريفات - الهدف من النظام - أعمال المكتبة - مجلس أمناء المكتبة - عقوبات مخالفة أحكام النظام .,هيئة الخبراء بمجلس الوزراء,ADD_OFFICIAL_CANONICAL
f327464b-2f5a-475d-aa94-a9a700f2e817,تنظيم هيئة الاتصالات والفضاء والتقنية,https://laws.boe.gov.sa/BoeLaws/Laws/LawDetails/f327464b-2f5a-475d-aa94-a9a700f2e817/1,1422/01/01 هـ,1422/01/01 هـ,يتضمن التنظيم: المقصود بالعبارات والألفاظ الواردة بالتنظيم – الشخصية الاعتبارية للهيئة ومقرها – سبل قيام الهيئة بتنظيم قطاع الاتصالات – مجلس إدارة الهيئة وصلاحياته – اجتماعات المجلس وقراراته – محافظ الهيئة وصلاحياته –...,هيئة الخبراء بمجلس الوزراء,ADD_OFFICIAL_CANONICAL
a30e7653-6c25-471d-859e-a9a700f2e5bb,نظام الاتصالات,https://laws.boe.gov.sa/BoeLaws/Laws/LawDetails/a30e7653-6c25-471d-859e-a9a700f2e5bb/1,,,يتضمن النظام : تعريفات بالألفاظ والعبارات التي تخص النظام - أحكام عامة - الترددات - الترقيم - الترخيص - أحكام المنافسة - ربط الإتصال - الأجهزة والمعدات - استخدام العقارات - المخالفات والغرامات - أحكام ختامية.,هيئة الخبراء بمجلس الوزراء,ADD_OFFICIAL_CANONICAL
4dab5511-f6af-442a-b4be-a9a700f24a3f,النظام العام للبيئة,https://laws.boe.gov.sa/BoeLaws/Laws/LawDetails/4dab5511-f6af-442a-b4be-a9a700f24a3f/1,,,يتضمن النظام الآتى: الفصل الأول: مبادئ عامة - قواعد أساسية - التعاريف. الفصل الثاني: التزامات مالية - واجبات الجهات العامة - واجبات الأشخاص - إجراءات الطوارئ - استخدام أفضل تقنية متوفرة - المشرفون البيئيون - التقويم البيئي للمشاريع - استخدامات الأراضي...,هيئة الخبراء بمجلس الوزراء,ADD_OFFICIAL_CANONICAL
cf510039-d022-421f-9901-a9a700f1a8a0,نظام محلات بيع المركبات الملغى تسجيلها,https://laws.boe.gov.sa/BoeLaws/Laws/LawDetails/cf510039-d022-421f-9901-a9a700f1a8a0/1,1422/01/01 هـ,1422/01/01 هـ,يتضمن النظام: المحلات التي يسري عليها النظام – تجميع هذه المحلات في مواقع محددة – حظر فتح هذه المحلات قبل الترخيص لها – التفتيش على هذه المحلات – عقوبات الإخلال بأحكام النظام.,هيئة الخبراء بمجلس الوزراء,ADD_OFFICIAL_CANONICAL
f95138ff-0892-49b0-921c-a9a700f1c37f,نظام براءات الاختراع لدول مجلس التعاون لدول الخليج العربية,https://laws.boe.gov.sa/BoeLaws/Laws/LawDetails/f95138ff-0892-49b0-921c-a9a700f1c37f/1,1422/01/01 هـ,1422/01/01 هـ,يتضمن النظام: المقصود بالعبارات والالفاظ الواردة بالنظام – الإختراع القابل للحصول على براءة الإختراع الجديد والمنطوي على خطوة إبتكارية – الاختراع القابل للتطبيق الصناعي - ما لا يعد من قبيل الإختراعات – تقديم طلب البراءة – براءة الإختراع تعطي لصاحبها حق –...,هيئة الخبراء بمجلس الوزراء,ADD_OFFICIAL_CANONICAL
f9bd197e-980e-4e9f-948c-a9a700f2994e,تنظيم الهيئة السعودية للمدن الصناعية ومناطق التقنية,https://laws.boe.gov.sa/BoeLaws/Laws/LawDetails/f9bd197e-980e-4e9f-948c-a9a700f2994e/1,1422/01/01 هـ,1422/01/01 هـ,\- يتضمن التنظيم : التعريف بالعبارات والألفاظ الواردة بالنظام - الهيئة ومركزها ومقرها - أغراض الهيئة - تشكيل مجلس إدارة الهيئة- صلاحيات مجلس الإدارة- إجتماعات مجلس الإدارة وقراراته - مير عام الهيئة وإختصاصاته - موارد الهيئة المالية - السنة المالية للهيئة -...,هيئة الخبراء بمجلس الوزراء,ADD_OFFICIAL_CANONICAL
8ff3cd90-e466-4bf9-a071-a9a700f2a70d,نظام التأمينات الاجتماعية 1421هـ,https://laws.boe.gov.sa/BoeLaws/Laws/LawDetails/8ff3cd90-e466-4bf9-a071-a9a700f2a70d/1,1421/09/03 هـ,1421/10/17 هـ,يتضمن النظام : فروع التأمينات الاجتماعية والتعريفات - نطاق التطبيق - التنظيم الإداري - الموارد والتنظيم المالي - التعويضات (تعويضات فرع الأخطار المهنية، تعويضات فرع المعاشات ) - أحكام خاصة بتطبيق فرع المعاشات على المشتركين اختياريًا - أحكام مشتركة بين -...,هيئة الخبراء بمجلس الوزراء,ADD_OFFICIAL_CANONICAL
e29f08fa-d53e-4944-b22b-a9a700f17fd9,نظام وثائق السفر,https://laws.boe.gov.sa/BoeLaws/Laws/LawDetails/e29f08fa-d53e-4944-b22b-a9a700f17fd9/1,1421/05/28 هـ,1421/06/17 هـ,يتضمن النظام ما يلي: بيان وثائق السفر السعودية - وإجراءات إصدارها- الأحكام المتصلة بالسفر والمنع منه - بيان عقوبات مخالفة النظام وتحديد جهة البت فيها والتظلم من قراراتها- تحديد رسوم وثائق السفر. ينفذ النظام بعد مضي ثمانية عشر شهرًا من تاريخ نشره في...,هيئة الخبراء بمجلس الوزراء,ADD_OFFICIAL_CANONICAL
5a16cf9b-e1b8-426f-82ab-a9a700f2a640,تنظيم صندوق تنمية الموارد البشرية,https://laws.boe.gov.sa/BoeLaws/Laws/LawDetails/5a16cf9b-e1b8-426f-82ab-a9a700f2a640/1,1421/04/29 هـ,1421/04/29 هـ,يتضمن التنظيم : إنشاء الصندوق ومقره – الهدف من الصندوق وسبل تحقيق أهدافه - مصادر تمويل أنشطة الصندوق - ضوابط منح القروض - السنة المالية للصندوق ومصاريف التشغيل - مجلس إدارة الصندوق – إختصاصات مجلس إدارة الصندوق .,هيئة الخبراء بمجلس الوزراء,ADD_OFFICIAL_CANONICAL
ecaaec43-8ff9-46b8-b269-a9a700f16e66,نظام المطبوعات والنشر,https://laws.boe.gov.sa/BoeLaws/Laws/LawDetails/ecaaec43-8ff9-46b8-b269-a9a700f16e66/1,1421/01/01 هـ,1421/01/01 هـ,يتضمن النظام ما يلي : بيان الأنشطة الخاضعة للنظام، ووجوب الحصول على ترخيص بمزاولتها من وزارة الإعلام، وبيان شروط وإجراءات ورسوم ذلك، بيان الأحكام المتعلقة بالمطبوعات الداخلية، والصحافة المحلية. بيان عقوبات مخالفة أحكام النظام وتحديد جهة البت فيها والتظلم...,هيئة الخبراء بمجلس الوزراء,ADD_OFFICIAL_CANONICAL
872950d8-7059-41fd-a6f1-a9a700f2a962,نظام رعاية المعوقين,https://laws.boe.gov.sa/BoeLaws/Laws/LawDetails/872950d8-7059-41fd-a6f1-a9a700f2a962/1,,,يتضمن النظام : المقصود بالعبارات والكلمات الواردة بالنظام - مجالات خدمات الدولة للمعوقين - صندوق رعاية المعوقين - تشكيل المجلس الأعلي لشؤون المعوقين - إختصاصات المجلس الأعلي- إجتماعات المجلس وقراراته - الأمانة العامة للمجلس الأعلي - مهام الأمين العام .,هيئة الخبراء بمجلس الوزراء,ADD_OFFICIAL_CANONICAL
c440e774-b1d8-42f5-9169-a9a700f24951,نظام مياه الصرف الصحي المعالجة وإعادة استخدامها,https://laws.boe.gov.sa/BoeLaws/Laws/LawDetails/c440e774-b1d8-42f5-9169-a9a700f24951/1,,,يتضمن النظام ما يلي : تحديد الهدف من النظام، واجبات أصحاب المباني والجهات الحكومية والخاصة فيما يتعلق بمعالجة مياه الصرف الصحي وتصريفها، وجوب الالتزام بالمعايير التي تحددها اللائحة التنفيذية للنظام، بيان صلاحيات المفتشين والمراقبين والموظفين المعتمدين فيما...,هيئة الخبراء بمجلس الوزراء,ADD_OFFICIAL_CANONICAL
233c2b64-6824-4d1a-bd38-a9a700f24fc5,نظام الاتجار بالكائنات الفطرية المهددة بالانقراض و منتجاتها,https://laws.boe.gov.sa/BoeLaws/Laws/LawDetails/233c2b64-6824-4d1a-bd38-a9a700f24fc5/1,,,يتضمن النظام ما يلي : حظر الاتجار بالكائنات الفطرية إلا بترخيص من الهيئة الوطنية لحماية الحياة الفطرية وإنمائها، وبيان الكائنات المشمولة بهذا الحظر، بيان عقوبات مخالفة أحكام النظام وتحديد جهة البت فيها والتظلم منها. بصدر مجلس إدارة الهيئة الوطنية لحماية من...,هيئة الخبراء بمجلس الوزراء,ADD_OFFICIAL_CANONICAL
753d7ffc-5e18-4f36-818d-a9a700f213a1,نظام تملك غير السعوديين للعقار واستثماره,https://laws.boe.gov.sa/BoeLaws/Laws/LawDetails/753d7ffc-5e18-4f36-818d-a9a700f213a1/1,1421/01/01 هـ,1421/01/01 هـ,يتضمن النظام : يجوز للمستثمر غير السعودي المرخص له بمزاولة أي نشاط مهني أو حرفي أو اقتصادي ، تملك العقار بمزاولة ذلك النشاط – يجوز على أساس المعاملة بالمثل للممثليات الأجنبية المعتمدة بالمملكة بتملك المقر الرسمي ومقر السكن لرئيسها وأعضائها – لا يجوز لغير...,هيئة الخبراء بمجلس الوزراء,ADD_OFFICIAL_CANONICAL
109578cc-5c5c-42a9-9bae-a9a700f1c2a8,النظام الأساسي لهيئة المحاسبة والمراجعة لدول مجلس التعاون,https://laws.boe.gov.sa/BoeLaws/Laws/LawDetails/109578cc-5c5c-42a9-9bae-a9a700f1c2a8/1,1421/01/01 هـ,1421/01/01 هـ,يتضمن النظام ما يلي: إنشاء الهيئة - وبيان أهدافها ومهامها (القيام بكل ما من شأنه تنظيم وتطوير مهنة المحاسبة والمراجعة في دول المجلس وتحقيق التنسيق والتكامل بينها) - بيان وسائل تحقيق أهداف الهيئة، عضوية الهيئة - الجمعية العمومية -مجلس الإدارة - الجهاز - -...,هيئة الخبراء بمجلس الوزراء,ADD_OFFICIAL_CANONICAL
c47e6347-4d53-4a50-b92d-a9a700f1a76d,تنظيم الهيئة العامة للاستثمار,https://laws.boe.gov.sa/BoeLaws/Laws/LawDetails/c47e6347-4d53-4a50-b92d-a9a700f1a76d/1,,,يتضمن التنظيم ما يلي : إنشاء الهيئة وتحديد مقرها وارتباطها الإداري. بيان أن غرضها العناية بشؤون الاستثمار في المملكة بما في ذلك الاستثمار الأجنبي. تشكيل مجلس إدارة الهيئة وبيان صلاحياته، وأحكام انعقاده. بيان اختصاصات محافظة الهيئة. تأسيس مركز الخدمة يضم...,هيئة الخبراء بمجلس الوزراء,ADD_OFFICIAL_CANONICAL
812ac6e0-430d-4c9d-b6cb-a9a700f2080c,تنظيم خدمات المعتمرين وزوار المسجد النبوي الشريف القادمين من خارج المملكة,https://laws.boe.gov.sa/BoeLaws/Laws/LawDetails/812ac6e0-430d-4c9d-b6cb-a9a700f2080c/1,1420/01/01 هـ,1420/01/01 هـ,يتضمن التنظيم : تقديم الخدمة للمعتمرين من قبل مؤسسات أو شركات سعودية بعد الحصول على الترخيص اللازم من وزارة الحج – شروط إصدار وزارة الحج لترخيص الشركات لتقديم الخدمات للمعتمرين – التزامات المؤسسة أو الشركة المرخص لها – شروط قيام ممثليات المملكة في – بأي...,هيئة الخبراء بمجلس الوزراء,ADD_OFFICIAL_CANONICAL
87c1482d-fa95-41ea-98b6-a9a700f2a529,نظام الضمان الصحي التعاوني,https://laws.boe.gov.sa/BoeLaws/Laws/LawDetails/87c1482d-fa95-41ea-98b6-a9a700f2a529/1,1420/01/01 هـ,1420/01/01 هـ,يتضمن النظام : الهدف من النظام - مجلس الضمان الصحي - مهام مجلس الضمان الصحي – الخدمات التي تغطيها وثيقة الضمان التعاوني - الإشتراك في الضمان الصحي التعاوني .,هيئة الخبراء بمجلس الوزراء,ADD_OFFICIAL_CANONICAL
d0d49e6b-0989-40ae-a889-a9a700f2488c,نظام صيد الحيوانات والطيور البرية,https://laws.boe.gov.sa/BoeLaws/Laws/LawDetails/d0d49e6b-0989-40ae-a889-a9a700f2488c/1,,,يتضمن ما يلي : منع الصيد دون ترخيص من الهيئة الوطنية لحماية الحياة الفطرية وإنمائها، بيان الأحكام المتعلقة بهذا الترخيص، منع الصيد داخل المدن والقرى وفي الأماكن الأخرى والأوقات التي يحضر فيها، بيان صلاحيات الهيئة في هذا المجال. تحديد عقوبات مخالفة النظام...,هيئة الخبراء بمجلس الوزراء,ADD_OFFICIAL_CANONICAL
5329f61e-2ad8-42b8-8592-a9a700f298d1,التنظيم الخاص بهيئة المساحة الجيولوجية السعودية,https://laws.boe.gov.sa/BoeLaws/Laws/LawDetails/5329f61e-2ad8-42b8-8592-a9a700f298d1/1,1420/01/01 هـ,1420/01/01 هـ,يتضمن التنظيم : الهيئة واسمها ومركزها ومقرها - أغراض الهيئة - مجلس إدارة الهيئة - إجتماعات الهيئة - صلاحيات مجلس الإدارة - إختصاصات الهيئة - السنة المالية للهيئة. \- إحلال عبارة (وزارة الصناعة والثروة المعدنية) محل عبارة (وزارة الطاقة والصناعة والثروة محل...,هيئة الخبراء بمجلس الوزراء,ADD_OFFICIAL_CANONICAL
53cfe087-dae1-4b95-8dff-a9a700f29f3b,تنظيم المجلس الأعلى لشؤون البترول والمعادن,https://laws.boe.gov.sa/BoeLaws/Laws/LawDetails/53cfe087-dae1-4b95-8dff-a9a700f29f3b/1,1420/01/01 هـ,1420/01/01 هـ,يتضمن التنظيم : تشكيل المجلس، مدته، اختصاصاته (يختص بالبت في كافة شئون البترول والغاز والمواد الهيدروكربونية الأخرى، بما في ذلك وضع السياسة العامة لشركة أرامكو السعودية، البت في جميع أمور الاستثمارات البترولية، دراسة مشاريع الاتفاقيات الدولية في مجالات...,هيئة الخبراء بمجلس الوزراء,ADD_OFFICIAL_CANONICAL
02dbc4d4-4763-41f9-9039-a9a700f1c0c1,تنظيم المجلس الاقتصادي الأعلى,https://laws.boe.gov.sa/BoeLaws/Laws/LawDetails/02dbc4d4-4763-41f9-9039-a9a700f1c0c1/1,1420/01/01 هـ,1420/01/01 هـ,يتضمن التنظيم : مقدمة عن تنظيم المجلس – غايات السياسة الإقتصادية – إنشاء مجلس إقتصادي أعلى – تكوين هيئة إستشارية للشؤون الإقتصادية – رئاسة المجلس وعضويته – إختصاصات المجلس – إنعقاد المجلس – اللجنة الدائمة للمجلس - الأمانة العامة للمجلس – النواحي المالية...,هيئة الخبراء بمجلس الوزراء,ADD_OFFICIAL_CANONICAL
799f2563-d262-4444-9646-a9a700f24f08,نظام البحث العلمي البحري في المناطق البحرية التابِعة للمملكة العربية السعودية,https://laws.boe.gov.sa/BoeLaws/Laws/LawDetails/799f2563-d262-4444-9646-a9a700f24f08/1,1413/08/11 هـ,1419/11/17 هـ,يتضمن النظام : مجال تطبيق النظام - المقصود بالمصطلحات الواردة بالنظام - شروط الترخيص لإجراء بحث علمي بحري في المناطق البحرية – شروط طلب الترخيص – ما يتضمنه طلب الترخيص – تعهدات طلب الترخيص – حقوق الجهة المختصة عند إجراء البحث العلمي – ما يجب مراعاته عند –...,هيئة الخبراء بمجلس الوزراء,ADD_OFFICIAL_CANONICAL
59d8016f-daa9-463b-8a5d-a9a700f2d3eb,نظام رسوم تسجيل السفن والوحدات العائمة,https://laws.boe.gov.sa/BoeLaws/Laws/LawDetails/59d8016f-daa9-463b-8a5d-a9a700f2d3eb/1,1419/02/02 هـ,1419/02/25 هـ,يتضمن النظام ما يلي : تعاريف لبعض الكلمات والمصطلحات، بيان بمقدار الرسوم التي تستوفيها وزارة المواصلات على الخدمات التي تقدمها. يصدر وزير المواصلات القرارات والتعليمات اللازمة لإنفاذ هذا النظام، ويعمل بالنظام بعد ستين يومًا من تاريخ نشره في الجريدة...,هيئة الخبراء بمجلس الوزراء,ADD_OFFICIAL_CANONICAL
fe1771f7-158f-4570-9bb1-a9a700f16dec,نظام مكتبة الملك عبد العزيز العامة,https://laws.boe.gov.sa/BoeLaws/Laws/LawDetails/fe1771f7-158f-4570-9bb1-a9a700f16dec/1,1417/01/01 هـ,1417/01/01 هـ,يتضمن النظام : إنشاء المكتبة وفروعها ومقرها – مكونات المكتبة – أهداف المكتبة – وسائل المكتبة لتحقيق أهدافها – الرئيس الأعلى للمكتبة – مجلس إدارة المكتبة واجتماعاته – ميزانية المكتبة وحساباتها.,هيئة الخبراء بمجلس الوزراء,ADD_OFFICIAL_CANONICAL
ff94406f-9cba-4e01-bc22-a9a700f27d2b,إنشاء الهيئة العليا لأندية الفروسية,https://laws.boe.gov.sa/BoeLaws/Laws/LawDetails/ff94406f-9cba-4e01-bc22-a9a700f27d2b/1,,,يتضمن التنظيم ما يلي : إنشاء الهيئة ومقرها الرياض والأعمال التي تتولاها - تكوين الهيئة العليا - إختصاصات الهيئة - أمين عام الهيئة - إجتماعات الهيئة وقراراتها- موارد الهيئة المالية - مجلس إدارة كل نادي فروسية - مدير عام النادي . \- يحل تنظيم الهيئة العليا...,هيئة الخبراء بمجلس الوزراء,ADD_OFFICIAL_CANONICAL
a6843359-3237-4553-8271-a9a700f1fcda,نظام مجلس التعليم العالي والجامعات,https://laws.boe.gov.sa/BoeLaws/Laws/LawDetails/a6843359-3237-4553-8271-a9a700f1fcda/1,,,يتضمن النظام: أحكام عامة – الجامعات التي يسري النظام عليها – تكوين مجلس التعليم العالي واختصاصاته – جلسات مجلس التعليم العالي - الأمين العام للمجلس – إدارة الجامعة – تكوين مجلس الجامعة واختصاصاته – تعيين مدير الجامعة (...,هيئة الخبراء بمجلس الوزراء,ADD_OFFICIAL_CANONICAL
93e87aa7-f344-4711-b97c-a9a700f1662b,نظام مجلس الوزراء,https://laws.boe.gov.sa/BoeLaws/Laws/LawDetails/93e87aa7-f344-4711-b97c-a9a700f1662b/1,1414/03/03 هـ,1414/03/10 هـ,يتضمن النظام ما يلي: التعريف بالمجلس وبيان مقره، شروط العضوية، أداء اليمين، بيان ما يحظر على الأعضاء عمله أثناء العضوية، أحكام التعيين وعقد الاجتماعات، تحديد مدة المجلس، مسئوليات وصلاحيات الوزير، أحكام التعيين وعقد الاجتماعات، تحديد مدة المجلس، مسئوليات...,هيئة الخبراء بمجلس الوزراء,ADD_OFFICIAL_CANONICAL
75e963c8-9ff3-4d10-88a4-a9a700f17f21,نظام مكافحة الرشوة,https://laws.boe.gov.sa/BoeLaws/Laws/LawDetails/75e963c8-9ff3-4d10-88a4-a9a700f17f21/1,1412/12/29 هـ,1413/03/03 هـ,يتضمن النظام ما يلي: بيان من يعد مرتشياً، ومن يعد في حكم المرتشي، وتحديد عقوبات ذلك، تجريم بعض الأعمال المتصلة بعمل الموظف العام ومن في حكمه، بيان من يعد في حكم الموظف العام في تطبيق أحكام النظام، تحديد عقوبة من عرض الرشوة ولم تقبل منه، وعقوبة الراشي من...,هيئة الخبراء بمجلس الوزراء,ADD_OFFICIAL_CANONICAL
16c49913-599f-406b-b016-a9a700f172c9,قواعد تنظيم لوحات الدعاية والإعلان,https://laws.boe.gov.sa/BoeLaws/Laws/LawDetails/16c49913-599f-406b-b016-a9a700f172c9/1,1412/12/28 هـ,1413/01/24 هـ,تتضمن القواعد ما يلي: المقصود بلوحات الدعاية والإعلان، وبيان الجهات المسئولة عنها، وتحديد الرسوم السنوية عنها، وبيان أحكام تأجير مواقع الإعلانات، وبيان الجهات التي يتم التأجير من قبلها، وبيان واجبات ومسئوليات شركات الإعلانات وشروط الإعلان.,هيئة الخبراء بمجلس الوزراء,ADD_OFFICIAL_CANONICAL
6c8d5fc7-ce6c-4636-9c72-a9a700f28290,نظام الهيئة السعودية للتخصصات الصحية,https://laws.boe.gov.sa/BoeLaws/Laws/LawDetails/6c8d5fc7-ce6c-4636-9c72-a9a700f28290/1,1413/01/01 هـ,1413/01/01 هـ,يتضمن النظام العناوين التالية : التعريف والمقر، الأهداف والمهام، العضوية، إدارة الهيئة، مسئوليات مجلس الأمناء، السنة المالية وموارد الهيئة، أحكام ختامية.,هيئة الخبراء بمجلس الوزراء,ADD_OFFICIAL_CANONICAL
dc90bcd7-26fe-44c0-a40d-a9a700f17216,نظام الإيداع,https://laws.boe.gov.sa/BoeLaws/Laws/LawDetails/dc90bcd7-26fe-44c0-a40d-a9a700f17216/1,1412/09/07 هـ,1412/10/14 هـ,يتضمن النظام ما يلي: بيان المقصود بالإيداع، وهو إيداع نسخ من الأعمال الخاضعة لهذا النظام في مكتبة الملك فهد الوطنية مجانا إذا أعدت للنشر والتداول بين الناس، وبيان ما يسري عليه الإيداع، والملزمون بالإيداع، وعدد النسخ الواجب إيداعها، والجزاءات، وأحكام...,هيئة الخبراء بمجلس الوزراء,ADD_OFFICIAL_CANONICAL
93f81644-fbbc-49ca-b33c-a9a700f16701,نظام المناطق,https://laws.boe.gov.sa/BoeLaws/Laws/LawDetails/93f81644-fbbc-49ca-b33c-a9a700f16701/1,1412/08/27 هـ,1412/09/02 هـ,يتضمن النظام ما يلي: بيان الهدف من النظام، كيفية تنظيم مناطق المملكة ومكونات كل منطقة، بيان واجبات ومهام أمير المنطقة ووكيله، والمحافظ، ومدير الناحية، ورئيس المركز. مكونات مجلس المنطقة، وبيان شروط الأعضاء وواجباتهم وصلاحياتهم، وما يتصل بأداء عملهم. بيان...,هيئة الخبراء بمجلس الوزراء,ADD_OFFICIAL_CANONICAL
b5cf540a-e6ac-426a-b348-a9a700f163de,نظام مجلس الشورى,https://laws.boe.gov.sa/BoeLaws/Laws/LawDetails/b5cf540a-e6ac-426a-b348-a9a700f163de/1,1412/08/27 هـ,1412/09/02 هـ,\_,هيئة الخبراء بمجلس الوزراء,ADD_OFFICIAL_CANONICAL
16b97fcb-4833-4f66-8531-a9a700f161b6,النظام الأساسي للحكم,https://laws.boe.gov.sa/BoeLaws/Laws/LawDetails/16b97fcb-4833-4f66-8531-a9a700f161b6/1,1412/08/27 هـ,1412/09/02 هـ,يتضمن العناوين التالية: المبادئ العامة، نظام الحكم، مقومات المجتمع السعودي، المبادئ الاقتصادية، الحقوق والواجبات، سلطات الدولة، الشئون المالية، أحكام عامة.,هيئة الخبراء بمجلس الوزراء,ADD_OFFICIAL_CANONICAL
56195fdf-46c2-44f0-88e5-a9a700f1be50,نظام المحاسبين القانونيين,https://laws.boe.gov.sa/BoeLaws/Laws/LawDetails/56195fdf-46c2-44f0-88e5-a9a700f1be50/1,,,يتضمن النظام العناوين التالية: شروط القيد في السجل، إجراءات القيد في السجل، التزامات المحاسب القانوني، الهيئة السعودية للمحاسبين القانونيين، الجزاءات، أحكام عامة وانتقالية.,هيئة الخبراء بمجلس الوزراء,ADD_OFFICIAL_CANONICAL
05690bd6-2c75-4b65-a148-a9a700f1bccf,نظام الدفاتر التجارية,https://laws.boe.gov.sa/BoeLaws/Laws/LawDetails/05690bd6-2c75-4b65-a148-a9a700f1bccf/1,1409/12/17 هـ,1410/01/10 هـ,يتضمن النظام ما يلي: إلزام كل تاجر يزيد رأس ماله على مائة ألف ريال بإمساك دفاتر تجارية، بيان ما يجب قيده في هذه الدفاتر، تحديد مدة للاحتفاظ بهذه الدفاتر لدى التاجر، وبيان مدى حجيتها، عقوبات مخالفة النظام وجهة تطبيقها.,هيئة الخبراء بمجلس الوزراء,ADD_OFFICIAL_CANONICAL
891a3908-3c1b-4b06-85ac-a9a700f17132,نظام مكتبة الملك فهد الوطنية,https://laws.boe.gov.sa/BoeLaws/Laws/LawDetails/891a3908-3c1b-4b06-85ac-a9a700f17132/1,1410/01/01 هـ,1410/01/01 هـ,يتضمن النظام ما يلي : تحويل مكتبة الملك فهد إلى مكتبة وطنية هدفها اقتناء الإنتاج الفكري وتنظيمه وضبطه وتوثيقه والتعريف به ونشره. وبيان ما لها من صلاحيات واختصاصات في سبيل تحقيق ذلك الهدف. تشكيل مجلس أمناء المكتبة وتحديد صلاحياته، تحديد صلاحيات الأمين ما...,هيئة الخبراء بمجلس الوزراء,ADD_OFFICIAL_CANONICAL
ac892eff-4aa4-4b26-b312-a9a700f2663d,نظام هيئة التحقيق والادعاء العام ( نظام النيابة العامة ),https://laws.boe.gov.sa/BoeLaws/Laws/LawDetails/ac892eff-4aa4-4b26-b312-a9a700f2663d/1,1409/10/24 هـ,1409/11/20 هـ,يتضمن النظام: إنشاء الهيئة وتشكيلها واختصاصها – أعضاء الهيئة والعاملون بها – تأديب أعضاء الهيئة – الأحكام العامة الخاصة بالهيئة – سلم وظائف ورواتب أعضاء الهيئة – لائحة أعضاء الهيئة والعاملين فيها – موظفو الهيئة من غير الأعضاء.,هيئة الخبراء بمجلس الوزراء,ADD_OFFICIAL_CANONICAL
a4d3a985-a838-47e8-977e-a9a700f16c1c,نظام الوثائق والمحفوظات,https://laws.boe.gov.sa/BoeLaws/Laws/LawDetails/a4d3a985-a838-47e8-977e-a9a700f16c1c/1,1409/10/23 هـ,1409/11/20 هـ,يتضمن النظام ما يلي : تحديد الغرض من النظام، وهو المحافظة على الوثائق والمحفوظات وصيانتها وفهرستها وتصنيفها بما يكفل سرعة الاهتداء إلى ما تدعو الحاجة إليه، وتنظيم تداولها وذلك مع مراعاة ما يتقرر بالنسبة لمدة الحفظ. بيان أقسام الوثائق والمحفوظات، وخطة...,هيئة الخبراء بمجلس الوزراء,ADD_OFFICIAL_CANONICAL
bdf15375-52e6-4c94-9153-a9a700f16cc3,نظام المركز الوطني للوثائق والمحفوظات,https://laws.boe.gov.sa/BoeLaws/Laws/LawDetails/bdf15375-52e6-4c94-9153-a9a700f16cc3/1,1409/10/23 هـ,1409/11/20 هـ,يتضمن النظام ما يلي: إنشاء المركز الوطني للوثائق والمحفوظات، وتحديد غرضه، وهو وضع نظام الوثائق والمحفوظات موضع التنفيذ، وبيان صلاحياته في سبيل تحقيق هذا الغرض. تشكيل هيئة المركز وبيان اختصاصاتها، وبيان صلاحيات مدير عام المركز.,هيئة الخبراء بمجلس الوزراء,ADD_OFFICIAL_CANONICAL
ebd54fd4-fb61-458b-a837-a9a700f17e56,نظام عقوبات انتحال صفة رجل السلطة العامة,https://laws.boe.gov.sa/BoeLaws/Laws/LawDetails/ebd54fd4-fb61-458b-a837-a9a700f17e56/1,1408/09/08 هـ,1408/10/12 هـ,يتضمن ما يلي: المقصود برجل السلطة العامة، تحديد عقوبات انتحال صفة رجل السلطة العامة، وتحديد جهة الادعاء والفصل فيها.,هيئة الخبراء بمجلس الوزراء,ADD_OFFICIAL_CANONICAL
e74c8b2e-f6e6-4eaf-ad6d-a9a700f24e39,نظام صيد واستثمار وحماية الثروات المائية الحية في المياه الاقليمية للمملكة العربية السعودية,https://laws.boe.gov.sa/BoeLaws/Laws/LawDetails/e74c8b2e-f6e6-4eaf-ad6d-a9a700f24e39/1,,,يتضمن النظام ما يلي: إشراف وزارة الزراعة والمياه على جميع أعمال الصيد والغوص، وبيان صلاحياتها في سبيل ذلك، بيان أحكام الحصول على تراخيص الصيد والغوص، لجان الصيد المحلية وصلاحياتها، الأحكام المنظمة لحماية الثروات المائية الحية.,هيئة الخبراء بمجلس الوزراء,ADD_OFFICIAL_CANONICAL
040228ce-9ca5-4666-aab1-a9a700f27c6d,النظام الأساسي للاتحادات الرياضية واللجنة الأولمبية العربية السعودية,https://laws.boe.gov.sa/BoeLaws/Laws/LawDetails/040228ce-9ca5-4666-aab1-a9a700f27c6d/1,1407/10/19 هـ,1407/12/06 هـ,يتضمن النظام العناوين التالية: الاتحادات الرياضية، اللجنة الأولمبية العربية السعودية، أحكام عامة.,هيئة الخبراء بمجلس الوزراء,ADD_OFFICIAL_CANONICAL
ea6489f2-9c4e-43ce-892e-a9a700f23355,نظام الأنواط العسكرية السعودية ولائحته التنظيمية,https://laws.boe.gov.sa/BoeLaws/Laws/LawDetails/ea6489f2-9c4e-43ce-892e-a9a700f23355/1,1407/08/25 هـ,1407/12/06 هـ,يتضمن النظام: العبارات والألفاظ الواردة في النظام – الأنواط وأوصافها وشروط منحها – نوط القيادة – نوط الشجاعة – نوط المعركة – نوط الشرف – نوط الإدارة العسكرية – نوط الأمن – نوط الإنقاذ – نوط المعلم – نوط الإتقان – نوط الابتكار – نوط الرامي – نوط الخدمة –...,هيئة الخبراء بمجلس الوزراء,ADD_OFFICIAL_CANONICAL
bbfab460-8fe8-4425-9202-a9a700f27ba7,نظام جمعية الكشافة العربية السعودية,https://laws.boe.gov.sa/BoeLaws/Laws/LawDetails/bbfab460-8fe8-4425-9202-a9a700f27ba7/1,1407/04/20 هـ,1407/05/09 هـ,يتضمن النظام ما يلي: اسم الجمعية ومقرها وأهدافها، مهام الجمعية وصلاحياتها، إدارتها، مواردها المالية، أحكام عامة.,هيئة الخبراء بمجلس الوزراء,ADD_OFFICIAL_CANONICAL
7e2b99b1-0e84-4dd1-90c7-a9a700f18cdf,نظام الأحوال المدنية,https://laws.boe.gov.sa/BoeLaws/Laws/LawDetails/7e2b99b1-0e84-4dd1-90c7-a9a700f18cdf/1,1407/04/20 هـ,1407/05/09 هـ,يتضمن النظام ما يلي: بيان أن هدف النظام ضبط الحالة المدنية لكل مواطن سعودي وتسجيل كل ما يتصل بهذه الحالة من الواقعات المدنية، وكذلك تدوين الواقعات المدنية التي تحصل للأجانب داخل المملكة في سجل مخصص لذلك .. بيان الأحكام المتصلة بالسجلات المدنية، والقيد في...,هيئة الخبراء بمجلس الوزراء,ADD_OFFICIAL_CANONICAL
d54dd8db-5d3c-4b5c-bfa7-a9a700f246cd,نظام الهيئة الوطنية لحماية الحياة الفطرية وإنمائها,https://laws.boe.gov.sa/BoeLaws/Laws/LawDetails/d54dd8db-5d3c-4b5c-bfa7-a9a700f246cd/1,,,يتضمن النظام : إنشاء الهيئة وشخصيتها الإعتبارية المستقلة ومقرها الرياض مع جواز إنشاء فروع لها في مدن المملكة – الغرض الأساسي للهيئة – مجلس إدارة الهيئة – سلطات وصلاحيات مجلس الإدارة – جلسات مجلس الإدارة وقراراته- أمين عام الهيئة – مهامه – ميزانية الهيئة –...,هيئة الخبراء بمجلس الوزراء,ADD_OFFICIAL_CANONICAL
f09eda85-7150-4803-b87a-a9a700f189f3,نظام الدفاع المدني,https://laws.boe.gov.sa/BoeLaws/Laws/LawDetails/f09eda85-7150-4803-b87a-a9a700f189f3/1,1406/05/10 هـ,1406/05/10 هـ,يتضمن النظام ما يلي : المقصود بالدفاع المدني ، وإجراءاته، المقصود بالكارثة لأغراض النظام، الجهات والأطراف التي يعتمد عليها في تنفيذ أعمال الدفاع المدني، جهاز الدفاع المدني (مجلس الدفاع المدني ، المديرية العامة للدفاع المدني، لجان الدفاع المدني) ، وبيان ،...,هيئة الخبراء بمجلس الوزراء,ADD_OFFICIAL_CANONICAL
4033de9e-45f5-406f-9b3c-a9a700f1fbf0,نظام مدينة الملك عبد العزيز للعلوم والتقنية,https://laws.boe.gov.sa/BoeLaws/Laws/LawDetails/4033de9e-45f5-406f-9b3c-a9a700f1fbf0/1,,,يتضمن النظام ما يلي : تحويل المركز الوطني للعلوم والتقنية إلى مدينة علمية تسمى (مدينة الملك عبد العزيز للعوم والتقنية) يكون لها شخصية اعتبارية مستقلة وتلحق إداريا بمجلس الوزراء. بيان أهداف واختصاصات المدينة، تكوين هيئة عليا للمدينة وبيان اختصاصاتها في ما...,هيئة الخبراء بمجلس الوزراء,ADD_OFFICIAL_CANONICAL
0f54d227-1450-4231-93cd-a9a700f29821,نظام المعادن الثمينة والأحجار الكريمة,https://laws.boe.gov.sa/BoeLaws/Laws/LawDetails/0f54d227-1450-4231-93cd-a9a700f29821/1,1403/07/10 هـ,1406/04/08 هـ,يتضمن النظام : مسؤوليات وزارة التجارة للإشراف والرقابة على تجارة وصناعة المعادن الثمينة ومشغولاتها- حظر البيع لبعض الأصناف- دمغة المعادن الثمينة والأحجار الكريمة - معارض مشغولات المعادن الثمينة - عقوبات مخالفة أحكام النظام .,هيئة الخبراء بمجلس الوزراء,ADD_OFFICIAL_CANONICAL
87aa6473-8e77-4dc5-b45d-a9a700f2e50f,نظام البريد 1406هـ,https://laws.boe.gov.sa/BoeLaws/Laws/LawDetails/87aa6473-8e77-4dc5-b45d-a9a700f2e50f/1,,,يتضمن النظام ما يلي : امتياز نقل البريد وأحكامه، إصدار الطوابع، تعرفة أجور الخدمات البريدية، سرية مواد بعائث البريد، استيراد آلات التخليص، أحكام المسئولية، إلزام أصحاب المباني بتركيب صناديق بريد، عقوبات مخالفة النظام وتحديد جهة التحقيق والحكم.,هيئة الخبراء بمجلس الوزراء,ADD_OFFICIAL_CANONICAL
d6bd59f3-b94c-4b6e-8ced-a9a700f2c955,نظام رسوم وأجور خدمات الموانئ,https://laws.boe.gov.sa/BoeLaws/Laws/LawDetails/d6bd59f3-b94c-4b6e-8ced-a9a700f2c955/1,1405/01/01 هـ,1405/01/01 هـ,يتضمن النظام : جداول تحصيل رسوم وأجور خدمات مواني ومرافىء الملكية - نطاق الخدمات التي تشملها أجور الشحن والتفريغ من السفنية إلي الرصيف - إستئجار المعدات للشحن والتفريغ - أجور المزلقان البحري - أجور وزن السيارات على موازين الميناء – تموين السفن بالماء - -...,هيئة الخبراء بمجلس الوزراء,ADD_OFFICIAL_CANONICAL
70405759-cf34-4260-a81e-a9a700f21241,نظام حماية المرافق العامة,https://laws.boe.gov.sa/BoeLaws/Laws/LawDetails/70405759-cf34-4260-a81e-a9a700f21241/1,1405/01/01 هـ,1405/01/01 هـ,يتضمن النظام: المرافق التي يطبق عليها النظام – ضرورة الحصول على المخططات والتعليمات الخاصة بكل مرفق قبل القيام بأي عمل من شأنه التأثير على شبكات ومنشآت المرفق – واجبات إدارات وشركات المرافق العامة – عقوبة تعمد إتلاف أي من تمديدات أو منشآت المرافق العامة...,هيئة الخبراء بمجلس الوزراء,ADD_OFFICIAL_CANONICAL
87e36287-f62c-4006-b677-a9a700f20677,تنظيم معاملة القادمين للمملكة بتأشيرات دخول للحج أو العمرة وغيرها,https://laws.boe.gov.sa/BoeLaws/Laws/LawDetails/87e36287-f62c-4006-b677-a9a700f20677/1,1404/10/18 هـ,1404/10/18 هـ,يتضمن النظام ما يلي: تفويض وزير الداخلية بالتنسيق مع وزير الخارجية ووزير الحج والأوقاف ووزير التجارة بتنظيم منح تأشيرات الدخول للحج أو العمر أو الزيارة أو غير ذلك وشروط ذلك، ومدة الإقامة والأعمال المحظورة على القادمين لهذا الغرض، أحكام استقدام عائلات ما...,هيئة الخبراء بمجلس الوزراء,ADD_OFFICIAL_CANONICAL
b3f0cb3a-6338-4995-91d7-a9a700f1fad2,نظام معهد الدراسات الدبلوماسية,https://laws.boe.gov.sa/BoeLaws/Laws/LawDetails/b3f0cb3a-6338-4995-91d7-a9a700f1fad2/1,1403/09/08 هـ,1403/10/19 هـ,يتضمن النظام ما يلي: اسم المعهد ومقره، أهدافه، السلطات في المعهد، مجلس المعهد والمدير العام، ميزانية المعهد، أحكام انتقالية.,هيئة الخبراء بمجلس الوزراء,ADD_OFFICIAL_CANONICAL
11d3d5b0-dddf-443a-9851-a9a700f23208,نظام مجلس الخدمة العسكرية,https://laws.boe.gov.sa/BoeLaws/Laws/LawDetails/11d3d5b0-dddf-443a-9851-a9a700f23208/1,1402/07/04 هـ,1402/07/28 هـ,يتضمن ما يلي: إنشاء المجلس، وبيان أنه يتولى تخطيط شئون خدمة العسكريين في جميع القطاعات العسكرية وتنظيمها والإشراف عليها بما يحقق تطور مستوى الخدمة العسكرية والإقبال عليها ورفع الكفاية الإنتاجية للعاملين فيها. بيان ما يتصل بأمانته العامة، وكيفية أدائها...,هيئة الخبراء بمجلس الوزراء,ADD_OFFICIAL_CANONICAL
737705df-17ad-42b0-9094-a9a700f1bb61,نظام الغرف التجارية والصناعية,https://laws.boe.gov.sa/BoeLaws/Laws/LawDetails/737705df-17ad-42b0-9094-a9a700f1bb61/1,,,يتضمن النظام ما يلي: تشكيل الغرف التجارية الصناعية وبيان اختصاصاتها، ميزانيتها، كيفية إدارتها عن طريق الجمعية العمومية ومجلس الإدارة ومجلس الغرف التجارية والصناعية.,هيئة الخبراء بمجلس الوزراء,ADD_OFFICIAL_CANONICAL
588efd09-dc0d-4491-82e4-a9a700f245f6,نظام المحافظة على مصادر المياه,https://laws.boe.gov.sa/BoeLaws/Laws/LawDetails/588efd09-dc0d-4491-82e4-a9a700f245f6/1,,,يتضمن النظام ما يلي: اعتبار مصادر المياه ملكًا عامًا، وبيان أن المحافظة عليها وتنظيم طرق الانتفاع بها من اختصاص وزارة الزراعة والمياه وبيان واجباتها في هذا الشأن. تحديد الأفضلية في الاستفادة من المياه، بيان عقوبات مخالفة النظام وجهة توقيعها.,هيئة الخبراء بمجلس الوزراء,ADD_OFFICIAL_CANONICAL
19945fe2-e690-4b24-9ab0-a9a700f17d03,نظام السجن والتوقيف,https://laws.boe.gov.sa/BoeLaws/Laws/LawDetails/19945fe2-e690-4b24-9ab0-a9a700f17d03/1,1398/06/21 هـ,1398/07/11 هـ,يتضمن النظام ما يلي: بيان أحكام تنفيذ عقوبات السجن والتوقيف، إنشاء المجلس الأعلى للسجون وبيان مهماته، الأحكام والقواعد المتعلقة بتنفيذ عقوبات السجن من حيث إجراءات الإيداع والتفتيش وتقسيم المسجونين والزيارة والمراسلة والتشغيل والرعاية الصحية والثقافية عن...,هيئة الخبراء بمجلس الوزراء,ADD_OFFICIAL_CANONICAL
e36e899b-f29b-4db0-8b71-a9a700f23065,نظام الكليات العسكرية,https://laws.boe.gov.sa/BoeLaws/Laws/LawDetails/e36e899b-f29b-4db0-8b71-a9a700f23065/1,1397/07/13 هـ,1397/08/06 هـ,يتضمن النظام ما يلي: تحديد الكليات التي يطبق عليها النظام، التنظيم، شروط الالتحاق بالكلية، المزايا التي تقدم للطالب، التعليم، الامتحانات، العقوبات، الإجازات، أحكام عامة.,هيئة الخبراء بمجلس الوزراء,ADD_OFFICIAL_CANONICAL
32f651e6-2976-439c-b418-a9a700f23fb2,نظام الخدمة المدنية,https://laws.boe.gov.sa/BoeLaws/Laws/LawDetails/32f651e6-2976-439c-b418-a9a700f23fb2/1,1397/07/10 هـ,1397/07/10 هـ,يتضمن النظام ما يلي: الوظائف، أحكام شغل الوظيفة، واجبات الموظف، الرواتب والعلاوات، البدلات والمكافآت والتعويضات، الإجازات والإعارة، إنها الخدمة، أحكام عامة وانتقالية.,هيئة الخبراء بمجلس الوزراء,ADD_OFFICIAL_CANONICAL
db0851bf-16ee-41d5-b87f-a9a700f2e35d,نظام المؤسسة العامة للموانئ السعودية,https://laws.boe.gov.sa/BoeLaws/Laws/LawDetails/db0851bf-16ee-41d5-b87f-a9a700f2e35d/1,1397/01/01 هـ,1397/01/01 هـ,يتضمن النظام ما يلي: إنشاء المؤسسة وتحديد مقرها، بيان أن غرضها الإشراف على إدارة الموانئ ووضع القواعد اللازمة بقصد تنمية وتطوير وتحسين أوضاع الموانئ، تحديد صلاحياتها في سبيل تحقيق ذلك، تنظيم ما يتصل بشئونها الإدارية والمالية.,هيئة الخبراء بمجلس الوزراء,ADD_OFFICIAL_CANONICAL
35c24150-3c9e-4031-8f52-a9a700f2e443,نظام النقل العام على الطرق بالمملكة العربية السعودية,https://laws.boe.gov.sa/BoeLaws/Laws/LawDetails/35c24150-3c9e-4031-8f52-a9a700f2e443/1,1397/01/01 هـ,1397/01/01 هـ,يتضمن النظام ما يلي: أحكام نقل الركاب بالخلافات، تنظيم منح التزام النقل الجماعي، أحكام نقل البضائع والمهمات، بيان صلاحيات وزارة المواصلات في خدمة قطاع النقل فيما عدا النقل الجوي، بيان عقوبات مخالفة النظام وإجراءات التحقيق والمحاكمة فيها.,هيئة الخبراء بمجلس الوزراء,ADD_OFFICIAL_CANONICAL
1fe7fe77-d349-4fae-a561-a9a700f23a89,نظام مجلس الخدمة المدنية,https://laws.boe.gov.sa/BoeLaws/Laws/LawDetails/1fe7fe77-d349-4fae-a561-a9a700f23a89/1,1397/01/01 هـ,1397/01/01 هـ,يتضمن النظام ما يلي : إنشاء المجلس وتكوينه وأحكام انعقاده، تعديل اسم ديوان الموظفين العام إلى الديوان العام للخدمة المدنية. يختص المجلس بما يلي: [اقتراح أنظمة الخدمة المدنية وإصدار اللوائح المتعلقة بها، تشكيلات الإدارة وتصنيف الوظائف ودراسة معدلات كما...,هيئة الخبراء بمجلس الوزراء,ADD_OFFICIAL_CANONICAL
e5f63d07-7de5-4a4d-a02f-a9a700f21187,نظام البلديات والقرى,https://laws.boe.gov.sa/BoeLaws/Laws/LawDetails/e5f63d07-7de5-4a4d-a02f-a9a700f21187/1,1397/01/01 هـ,1397/01/01 هـ,يتضمن النظام ما يلي: أحكام إنشاء البلدية، وتحديد وظائفها وسلطاتها، وتحديد سلطات المجلس البلدي وبيان شروط عضويته، والواجبات والمحظورات على أعضائه وبيان أحكام انعقاده. تحديد سلطات ومسئوليات رئيس البلدية، تنظيم الشئون المالية للبلدية.,هيئة الخبراء بمجلس الوزراء,ADD_OFFICIAL_CANONICAL
0838afd4-ca76-4b4a-b1d1-a9a700f22afd,نظام التقاعد العسكري,https://laws.boe.gov.sa/BoeLaws/Laws/LawDetails/0838afd4-ca76-4b4a-b1d1-a9a700f22afd/1,1395/04/05 هـ,1395/04/05 هـ,يتضمن النظام ما يلي: تحديد العائدات التقاعدية، المدة التي تعطي الحق في المعاش والمكافأة، الإحالة على التقاعد، معاشات العجز والوفاة بغير سبب العمل، معاشات التقاعد التي تمنح بسبب الوقائع الحربية، أصحاب المعاشات الذين يعودون إلى الخدمة، أحكامًا عامة.,هيئة الخبراء بمجلس الوزراء,ADD_OFFICIAL_CANONICAL
0ad8fc8e-73f8-48b6-9c5b-a9a700f2974b,تنظيم الهيئة الملكية للجبيل وينبع,https://laws.boe.gov.sa/BoeLaws/Laws/LawDetails/0ad8fc8e-73f8-48b6-9c5b-a9a700f2974b/1,1395/01/01 هـ,1395/01/01 هـ,يتضمن التنظيم ما يلي: تشكيل الهيئة، بيان غرضها وهو: تنفيذ خطة التجهيزات الأساسية اللازمة لإعداد منطقتي الجبيل وينبع كمنطقتين صناعيتين، بيان صلاحيات مجلس إدارة الهيئة، ترتبط الهيئة بالنائب الأول لرئيس مجلس الوزراء مباشرة، ويكون لها ميزانية مستقلة.,هيئة الخبراء بمجلس الوزراء,ADD_OFFICIAL_CANONICAL
7017dc70-15bb-4137-b87d-a9a700f1b950,نظام الصندوق السعودي للتنمية,https://laws.boe.gov.sa/BoeLaws/Laws/LawDetails/7017dc70-15bb-4137-b87d-a9a700f1b950/1,1394/08/14 هـ,1394/08/14 هـ,يتضمن النظام ما يلي: إنشاء الصندوق كمؤسسة عامة مقرها الرياض – رأس مال الصندوق – مجلس إدارة الصندوق – صلاحيات مجلس الإدارة – مهام نائب الرئيس والعضو المنتدب – إعتبارات وشروط منح القروض – السنة المالية للصندوق .,هيئة الخبراء بمجلس الوزراء,ADD_OFFICIAL_CANONICAL
407a32f0-2e60-4c3e-9994-a9a700f2952a,نظام صندوق التنمية الصناعية السعودي,https://laws.boe.gov.sa/BoeLaws/Laws/LawDetails/407a32f0-2e60-4c3e-9994-a9a700f2952a/1,1394/02/26 هـ,1394/02/26 هـ,يتضمن النظام : إنشاء الصندوق واسمه ومركزه- أغراض الصندوق - صلاحيات الصندوق - سياسة الإستثمار والقروض- رأس مال الصندوق - مجلس إدارة الصندوق - إجتماعات مجلس الإدارة - مدير عام الصندوق ونائبه - لوائح الصندق - مراجع حسابات الصندوق - السنة المالية - تقرير ....,هيئة الخبراء بمجلس الوزراء,ADD_OFFICIAL_CANONICAL
b680a5b2-1ed3-4014-9f49-a9a700f2e298,نظام الموانئ والمرافئ والمنائر البحرية,https://laws.boe.gov.sa/BoeLaws/Laws/LawDetails/b680a5b2-1ed3-4014-9f49-a9a700f2e298/1,,,يتضمن النظام الآتى : وزارة المواصلات تدير الموانئ والمنائر بالمملكة - الأمور التي يصدر وزير المواصلات اللوائح اللازمة لتنظيمها – تعيين وزير المواصلات الأشخاص الذي يعهد لهم ضبط الوقائع المخالفة لأحكام هذا النظام – عقوبات مخالفة هذا النظام أو اللوائح التي...,هيئة الخبراء بمجلس الوزراء,ADD_OFFICIAL_CANONICAL
37f95015-f360-45be-8f91-a9a700f244c1,نظام المؤسسة العامة لتحلية المياه المالحة,https://laws.boe.gov.sa/BoeLaws/Laws/LawDetails/37f95015-f360-45be-8f91-a9a700f244c1/1,,,يتضمن النظام ما يلي: إنشاء المؤسسة وتحديد مقرها، بيان غرض المؤسسة وهو تحلية المياه المالحة في مناطق ومدن المملكة التي تقصر الموارد الطبيعية عن سد حاجتها، بيان اختصاصاتها وصلاحياتها وما يتصل بشئونها الإدارية والمالية.,هيئة الخبراء بمجلس الوزراء,ADD_OFFICIAL_CANONICAL
76ad693d-d427-4de8-8980-a9a700f210be,نظام صندوق التنمية العقارية1394هـ,https://laws.boe.gov.sa/BoeLaws/Laws/LawDetails/76ad693d-d427-4de8-8980-a9a700f210be/1,,,يتضمن النظام: إنشاء الصندوق واختصاصه – إدارة الصندوق – ممارسة الصندوق لأعماله – ضمانات منح القروض – رأس مال الصندوق – شروط وطرق تقديم القروض ومواعيد الدفع والسداد.,هيئة الخبراء بمجلس الوزراء,ADD_OFFICIAL_CANONICAL
871b7db0-6d40-4380-90a1-a9a700f188c7,نظام أمن الحدود,https://laws.boe.gov.sa/BoeLaws/Laws/LawDetails/871b7db0-6d40-4380-90a1-a9a700f188c7/1,1394/01/01 هـ,1394/01/01 هـ,يتضمن النظام ما يلي: بيان المقصود بأمن الحدود وأن الجهة المختصة بحراسة الحدود هي (سلاح الحدود) ، وأن لها أن تستخدم القوة في سبيل ذلك. بيان الالتزامات التي يتعين مراعاتها لدى المرور بمناطق الحدود أو المياه الإقليمية ، تحديد عقوبات مخالفة النظام.,هيئة الخبراء بمجلس الوزراء,ADD_OFFICIAL_CANONICAL
8a12c94e-5a31-45cf-9c57-ac4400be8677,نظام خدمة الضباط,https://laws.boe.gov.sa/BoeLaws/Laws/LawDetails/8a12c94e-5a31-45cf-9c57-ac4400be8677/1,1393/08/28 هـ,1393/08/28 هـ,يحتوي على العناوين التالية : التعاريف، الرتب والتعيين، الأقدمية وملفات الضباط وتقارير الكفاءة، واجبات الضباط والأعمال المحرمة عليهم، ترقية الضباط وأسبقية القيادة، الاختيار والنقل والإلحاق والإعارة، الرواتب والمخصصات والبدلات والعلاوات، الابتعاث والإجازة...,هيئة الخبراء بمجلس الوزراء,ADD_OFFICIAL_CANONICAL
859d4e56-627b-4766-a7aa-a9a700f23975,نظام التقاعد المدني,https://laws.boe.gov.sa/BoeLaws/Laws/LawDetails/859d4e56-627b-4766-a7aa-a9a700f23975/1,1393/07/29 هـ,1393/07/29 هـ,يتضمن النظام ما يلي: تحديد الخاضعين للنظام، مصلحة معاشات التقاعد وصندوق التقاعد المدني وما يتعلق بشئونهما الإدارية والمالية، الحقوق والالتزامات الناشئة عن الأنظمة السابقة، الفحص الطبي، الحسميات الشهرية، التقاعد، العودة للخدمة، أحكام عامة وانتقالية، ينفذ...,هيئة الخبراء بمجلس الوزراء,ADD_OFFICIAL_CANONICAL
03de5462-eda0-4dd6-9efa-a9a700f1f802,نظام العلم للمملكة العربية السعودية,https://laws.boe.gov.sa/BoeLaws/Laws/LawDetails/03de5462-eda0-4dd6-9efa-a9a700f1f802/1,1393/01/01 هـ,1393/01/01 هـ,يتضمن النظام ما يلي: وصف العلم الوطني وعلم جلالة الملك، الأصول المتعلقة برفع العلم الوطني إذا كان مرفوعا لوحده أو مع أعلام الدولة الأجنبية، المحظورات في استعمال العلم الوطني وعقوبات ارتكابها.,هيئة الخبراء بمجلس الوزراء,ADD_OFFICIAL_CANONICAL
81bd35e9-ee8d-47bf-97c7-a9a700f2100a,نظام التصرف في العقارات البلدية,https://laws.boe.gov.sa/BoeLaws/Laws/LawDetails/81bd35e9-ee8d-47bf-97c7-a9a700f2100a/1,1392/01/01 هـ,1392/01/01 هـ,يتضمن النظام ما يلي: بيان حدود تصرف البلديات في أموالها العامة، بيان المقصود بالأموال العامة، بيان من يملك تقرير التصرف ومن لا يصح له ذلك، يتم التصرف وفقا للائحة يصدرها رئيس مجلس الوزراء بناء على توصية من وزيري الداخلية والمالية.,هيئة الخبراء بمجلس الوزراء,ADD_OFFICIAL_CANONICAL
23b12c1f-6823-4759-982e-a9a700f2031a,نظام الأئمة والمؤذنين وخدم المساجد,https://laws.boe.gov.sa/BoeLaws/Laws/LawDetails/23b12c1f-6823-4759-982e-a9a700f2031a/1,1392/01/01 هـ,1392/01/01 هـ,يتضمن النظام ما يلي: استثناء العاملين في الحرمين من تطبيق أحكام النظام، بيان أحكام التعيين وشروطه، المكافأة، الالتزامات، الواجبات، الجزاءات، إنهاء الخدمة، أحكام انتقالية.,هيئة الخبراء بمجلس الوزراء,ADD_OFFICIAL_CANONICAL
f457818f-2d89-4339-b7e7-a9a700f1fff2,نظام تعليم الكبار ومحو الأمية في المملكة العربية السعودية,https://laws.boe.gov.sa/BoeLaws/Laws/LawDetails/f457818f-2d89-4339-b7e7-a9a700f1fff2/1,1392/01/01 هـ,1392/01/01 هـ,يتضمن هذا النظام : تسمية النظام – أهداف النظام – المقصود بالأميين – مصادر تمويل مشروعات محو الأمية وتعليم الكبار – أنماط مكافحة الأمية بين الأميين - إختيار المدرسين لغرض محو الأمية ومنحهم مكافأة تتناسب مع جهودهم- الكتب والدراسة بالمجان – أسس قيام الشركات...,هيئة الخبراء بمجلس الوزراء,ADD_OFFICIAL_CANONICAL
f5b4288e-5625-4cf3-8ce8-a9a700f17bf9,نظام جوازات السفر السياسية والخاصة,https://laws.boe.gov.sa/BoeLaws/Laws/LawDetails/f5b4288e-5625-4cf3-8ce8-a9a700f17bf9/1,1392/01/01 هـ,1392/01/01 هـ,يتضمن النظام ما يلي: الأشخاص الذين يمنحون جوازات سفر سياسية أو خاصة، مدة سريان هذه الجوازات، وأحكام تجديدها. عقوبات مخالفة النظام.,هيئة الخبراء بمجلس الوزراء,ADD_OFFICIAL_CANONICAL
0057fd8d-8ad4-48f9-b02f-a9a700f16a48,نظام دارة الملك عبد العزيز,https://laws.boe.gov.sa/BoeLaws/Laws/LawDetails/0057fd8d-8ad4-48f9-b02f-a9a700f16a48/1,1392/01/01 هـ,1392/01/01 هـ,يتضمن النظام ما يلي : إنشاء الدارة، بيان غرضها وهو (خدمة تاريخ المملكة وجغرافيتها وآدابها وآثارها الفكرية والعمرانية خاصة، والجزيرة العربية وبلاد العرب والإسلام عامة) ، بيان ما للدارة من صلاحيات لتحقيق هذا الغرض، بيان ما يتصل بالشئون الإدارية والمالية...,هيئة الخبراء بمجلس الوزراء,ADD_OFFICIAL_CANONICAL
5dc538d4-5bbd-4995-8f0c-a9a700f2c88c,نظام ديوان المراقبة العامة,https://laws.boe.gov.sa/BoeLaws/Laws/LawDetails/5dc538d4-5bbd-4995-8f0c-a9a700f2c88c/1,1391/01/01 هـ,1391/01/01 هـ,يتضمن النظام : تشكيل الديوان - إختصاصات الديوان - الجهات التي تخضع لرقابة الديوان وفقا لأحكام هذا النظام - مباشرة الديوان لإختصاصاته - المخالفات المالية والحسابية - التقرير السنوي - أحكام عامة .,هيئة الخبراء بمجلس الوزراء,ADD_OFFICIAL_CANONICAL
b2a002e4-a3da-474b-9735-a9a700f2386c,نظام الوزراء ونواب الوزراء وموظفي المرتبة الممتازة,https://laws.boe.gov.sa/BoeLaws/Laws/LawDetails/b2a002e4-a3da-474b-9735-a9a700f2386c/1,1391/01/01 هـ,1391/01/01 هـ,يتضمن النظام ما يلي: أحكام التعيين والراتب والإجازات، سريان نظام محاكمة الوزراء الصادر بالمرسوم الملكي رقم (م/88 ) وتاريخ 22 /9 /1380هـ على نواب الوزراء وموظفي المرتبة الممتازة.,هيئة الخبراء بمجلس الوزراء,ADD_OFFICIAL_CANONICAL
0fceb9eb-d143-4d87-8a47-a9a700f20f2e,نظام تعداد السكان العام,https://laws.boe.gov.sa/BoeLaws/Laws/LawDetails/0fceb9eb-d143-4d87-8a47-a9a700f20f2e/1,1391/01/01 هـ,1391/01/01 هـ,يتضمن النظام: إجراء التعداد للسكان في جميع أنحاء المملكة في موعد يحدده قرار من مجلس الوزراء - وزير المالية والاقتصاد الوطني المسئول عن إجراء التعداد بواسطة مصلحة الإحصاءات العامة – ما يجب على جميع موظفي ومسئولي الدولة تجاه الموظفين القائمين بالتعداد –...,هيئة الخبراء بمجلس الوزراء,ADD_OFFICIAL_CANONICAL
e1fd0b90-ced3-4402-ad60-a9a700f1f755,نظام الميداليات المدنية والعسكرية,https://laws.boe.gov.sa/BoeLaws/Laws/LawDetails/e1fd0b90-ced3-4402-ad60-a9a700f1f755/1,1391/01/01 هـ,1391/01/01 هـ,يتضمن النظام ما يلي : إحداث الميداليات التالية: ميداليات الاستحقاق، ميداليات التقدير العسكري، ميدالية الصقر للطيران، ميدالية سلاح البحرية، وبيان أحكام منحها.,هيئة الخبراء بمجلس الوزراء,ADD_OFFICIAL_CANONICAL
2541255e-9e5b-4393-a8b0-a9a700f1a596,نظام صندوق الاستثمارات العامة,https://laws.boe.gov.sa/BoeLaws/Laws/LawDetails/2541255e-9e5b-4393-a8b0-a9a700f1a596/1,,,يتضمن النظام: إنشاء الصندوق واختصاصاته – مجلس إدارة الصندوق – مهام الأمانة العامة لمجلس الإدارة.,هيئة الخبراء بمجلس الوزراء,ADD_OFFICIAL_CANONICAL
c1a70c2f-ba99-45ce-9dd8-a9a700f243ef,نظام توزيع الأراضي البور,https://laws.boe.gov.sa/BoeLaws/Laws/LawDetails/c1a70c2f-ba99-45ce-9dd8-a9a700f243ef/1,1388/01/01 هـ,1388/01/01 هـ,يتضمن النظام ما يلي: المقصود بالأراضي البور، وكيفية توزيعها وشروط ذلك، المفاضلة في التوزيع، قرار التوزيع وبيان آثاره، تحديد جهة الفصل في التظلمات والخلافات الناشئة عن تطبيق النظام.,هيئة الخبراء بمجلس الوزراء,ADD_OFFICIAL_CANONICAL
8f70dc63-dd9a-4734-9216-a9a700f2c78c,نظام مراقبة البنوك,https://laws.boe.gov.sa/BoeLaws/Laws/LawDetails/8f70dc63-dd9a-4734-9216-a9a700f2c78c/1,1386/01/01 هـ,1386/01/01 هـ,يتضمن النظام : المقصود بالمصطلحات الواردة بالنظام - المرخص لهم بمزاولة الأعمال المصرفيه – شروط منح ترخيص مزاولة الأعمال المصرفية - إحتفاظ البنك لدى المؤسسة بوديعة نظامية لا تقل عن ( 15% ) من إلتزامات ودائعه في جميع الأوقات - الأعمال التي يحظر على أي بنك...,هيئة الخبراء بمجلس الوزراء,ADD_OFFICIAL_CANONICAL
4eb4bd77-cb8e-461d-b5bd-a9a700f2ee03,نظام المؤسسة العامة لخطوط حديد حكومة المملكة العربية السعودية,https://laws.boe.gov.sa/BoeLaws/Laws/LawDetails/4eb4bd77-cb8e-461d-b5bd-a9a700f2ee03/1,1386/01/01 هـ,1386/01/01 هـ,يتضمن النظام ما يلي: اسم المؤسسة، مقرها، أغراضها واختصاصاتها، أموالها، تشكيل مجلس الإدارة وبيان اختصاصاته وأحكام انعقاده وقراراته، المدير العام، أحكام عامة.,هيئة الخبراء بمجلس الوزراء,ADD_OFFICIAL_CANONICAL
21bbfc47-571d-4916-82b6-a9a700f2e06c,نظام المؤسسة العامة للخطوط الجوية العربية السعودية,https://laws.boe.gov.sa/BoeLaws/Laws/LawDetails/21bbfc47-571d-4916-82b6-a9a700f2e06c/1,1385/01/01 هـ,1385/01/01 هـ,يتضمن النظام : اسم المؤسسة وتحديد مقرها، بيان أن غرضها القيام بجميع أعمال النقل الجوي التجاري والمدني داخل المملكة وخارجها، بيان صلاحيات المؤسسة في سبيل تحقيق أغراضها، تنظيم ما يتصل بشئونها الإدارية والمالية.,هيئة الخبراء بمجلس الوزراء,ADD_OFFICIAL_CANONICAL
4763eb94-047b-46f1-9697-a9a700f1b7ed,نظام الأوراق التجارية,https://laws.boe.gov.sa/BoeLaws/Laws/LawDetails/4763eb94-047b-46f1-9697-a9a700f1b7ed/1,1383/10/11 هـ,1383/10/11 هـ,يتضمن النظام ما يلي: الكمبيالة: (إنشاؤها، تداولها بالتظهير، قبولها، مقابل الوفاء، الضمان الاحتياطي، زمن الوفاء بالكمبيالة وكيفيته والمعارضة فيه والامتناع عنه، التدخل في القبول أو الوفاء، تعدد النسخ، السقوط، عدم سماع الدعوى).,هيئة الخبراء بمجلس الوزراء,ADD_OFFICIAL_CANONICAL
748dc7f1-acae-43a2-b536-a9a700f2dfa3,نظام حماية خطوط السكك الحديدية,https://laws.boe.gov.sa/BoeLaws/Laws/LawDetails/748dc7f1-acae-43a2-b536-a9a700f2dfa3/1,1382/04/03 هـ,1382/04/03 هـ,يتضمن النظام ما يلي: منطقة أراضي السكة الحديد على جانبي خط السكة الحديد - لايجوز وضع اليد على هذه المنطقة - عقوبات التعرض لمنطقة أراضي السكة الحديد .,هيئة الخبراء بمجلس الوزراء,ADD_OFFICIAL_CANONICAL
b19a8aa6-7b50-43f0-ab8c-a9a700f1a446,نظام الوكالات التجارية,https://laws.boe.gov.sa/BoeLaws/Laws/LawDetails/b19a8aa6-7b50-43f0-ab8c-a9a700f1a446/1,1382/01/01 هـ,1382/01/01 هـ,يتضمن النظام ما يلي: قصر الوكالات التجارية على السعوديين، وجوب تسجيل الوكلاء السعوديين في سجل خاص لدى وزارة التجارة والصناعة، بيان عقوبات مخالفة النظام، تحديد رسوم القيد في سجل الوكالات.,هيئة الخبراء بمجلس الوزراء,ADD_OFFICIAL_CANONICAL
33531bcc-0d4d-4193-9703-a9a700f2947a,نظام حماية وتشجيع الصناعات الوطنية,https://laws.boe.gov.sa/BoeLaws/Laws/LawDetails/33531bcc-0d4d-4193-9703-a9a700f2947a/1,1381/01/01 هـ,1381/01/01 هـ,يتضمن النظام : المؤسسة الصناعية - الإمتيازات والإعفاءات الممنوحة للمؤسسات الصناعية - وسائل حماية الإنتاج المحلي - إلتزامات صاحب المؤسسة الصناعية .,هيئة الخبراء بمجلس الوزراء,ADD_OFFICIAL_CANONICAL
e143d9d5-1889-45d8-8d99-a9a700f263cd,نظام محاكمة الوزراء,https://laws.boe.gov.sa/BoeLaws/Laws/LawDetails/e143d9d5-1889-45d8-8d99-a9a700f263cd/1,1380/01/01 هـ,1380/01/01 هـ,يتضمن النظام ما يلي: بيان الجرائم التي تستدعي محاكمة الوزراء وتحديد عقوباتها، أحكام التحقيق والإحالة، هيئة المحاكمة وإجراءاتها، الطعن في الحكم وتنزيل العقوبة والعفو.,هيئة الخبراء بمجلس الوزراء,ADD_OFFICIAL_CANONICAL
f62643d0-eff3-43c2-8629-a9a700f18812,نظام استبدال الغرامة بالحبس,https://laws.boe.gov.sa/BoeLaws/Laws/LawDetails/f62643d0-eff3-43c2-8629-a9a700f18812/1,1380/01/01 هـ,1380/01/01 هـ,يتضمن النظام ما يلي: شروط الاستبدال وقيوده، وتحديد من يكون له سلطة إصدار قرار الاستبدال، تحديد مقدار الغرامة لليوم الواحد من أيام الحبس، بيان الحكم في حالة تعدد الغرامات المحكوم بها، أحكام استبدال التشغيل بالحبس.,هيئة الخبراء بمجلس الوزراء,ADD_OFFICIAL_CANONICAL
8a1799f2-3cd4-4619-b2ce-a9a700f18741,النظام الجزائي الخاص بتزييف وتقليد النقود,https://laws.boe.gov.sa/BoeLaws/Laws/LawDetails/8a1799f2-3cd4-4619-b2ce-a9a700f18741/1,1379/07/20 هـ,1379/07/20 هـ,يتضمن النظام : تحديد عقوبات من زيف أو قلد نقودًا متداولة بالمملكة أو خارجها، أو قام بجلب شيء من ذلك، أو غير معالمها، أو شوهها، أو مزقها، أو غسلها كيميائيا، أو أتلفها جزئيا، أو وضع أو حاز بقصد البيع، أو طبع، أو نشر أو استعمل صورا تمثل وجها أو جزء منه أو...,هيئة الخبراء بمجلس الوزراء,ADD_OFFICIAL_CANONICAL
1603064a-ab7e-48eb-9564-a9a700f2d2e0,نظام النقد العربى السعودى,https://laws.boe.gov.sa/BoeLaws/Laws/LawDetails/1603064a-ab7e-48eb-9564-a9a700f2d2e0/1,1379/01/01 هـ,1379/01/01 هـ,يتضمن النظام : وحدة النقد السعودي – قيمة الريال السعودي من الذهب الخالص – سك وطبع وإصدار النقد السعودي – فئات النقد المعدنية والورقية – مؤسسة النقد العربي السعودي – التوقيع على أوراق النقد.,هيئة الخبراء بمجلس الوزراء,ADD_OFFICIAL_CANONICAL
3563a355-6ff9-4296-af66-a9a700f20e70,نظام الإحصاءات العامة للدولة,https://laws.boe.gov.sa/BoeLaws/Laws/LawDetails/3563a355-6ff9-4296-af66-a9a700f20e70/1,1379/01/01 هـ,1379/01/01 هـ,يتضمن النظام : إنشاء مصلحة للإحصاءات العامة وبيان ارتباطها الإداري وأنها تضطلع بمهمة إجراء إحصاءات تجارية أو اقتصادية أو صحية أو تعليمية أو صناعية أو مالية أو زراعية أو غيرها مما يتصل بأحوال البلاد وحياتها الاقتصادية والاجتماعية، تخصيص أقسام للإحصاء في...,هيئة الخبراء بمجلس الوزراء,ADD_OFFICIAL_CANONICAL
35ecc858-eec3-4543-9540-a9a700f2c681,نظام مؤسسة النقد العربي السعودي,https://laws.boe.gov.sa/BoeLaws/Laws/LawDetails/35ecc858-eec3-4543-9540-a9a700f2c681/1,,,يتضمن النظام : أغراض المؤسسة - وظائف مؤسسة النقد العربي السعودي بالنسبة لعلميات النقد ومراقبة المصارف التجارية - الأعمال التي لا يجوز لمؤسسة النقد العربي السعودي - مجلس إدارة المؤسسة وصلاحياته وتكوينه - مهام رئيس / محافظ المؤسسة - عقوبات من يمتنع من عن ....,هيئة الخبراء بمجلس الوزراء,ADD_OFFICIAL_CANONICAL
d9f183b6-3afc-4405-834f-a9a700f18571,نظام الجنسية العربية السعودية,https://laws.boe.gov.sa/BoeLaws/Laws/LawDetails/d9f183b6-3afc-4405-834f-a9a700f18571/1,1374/01/25 هـ,1374/01/25 هـ,يتضمن النظام ما يلي: أحكام انتقالية وعامة ، بيان المقصود بالسعوديين، أحكام منح الجنسية العربية السعودية واكتسابها وإسقاطها وسحبها، قيود وأحكام تجنس السعودي بجنسية أخرى، بيان عقوبة إبداء أقوال أو تقديم أوراق غير صحيحة بقصد إثبات أو نفي الجنسية العربية...,هيئة الخبراء بمجلس الوزراء,ADD_OFFICIAL_CANONICAL
83431376-5cf3-4374-875a-a9a700f16985,نظام الإذاعة الأساسي,https://laws.boe.gov.sa/BoeLaws/Laws/LawDetails/83431376-5cf3-4374-875a-a9a700f16985/1,1374/01/01 هـ,1374/01/01 هـ,يتضمن النظام ما يلي: بيان أن الإذاعة هيئة مستقلة مرجعها رئيس مجلس الوزراء، تحديد أغراضها وبيان وسائل تحقيقها، اللغات المستعملة فيها، المحظورات، مهام مدير عام الإذاعة ومنها وضع النظام الداخلي لها- معاونو المدير العام.,هيئة الخبراء بمجلس الوزراء,ADD_OFFICIAL_CANONICAL
cddb94e2-167b-4158-af5f-a9a700f2de58,نظام نقابة السيارات,https://laws.boe.gov.sa/BoeLaws/Laws/LawDetails/cddb94e2-167b-4158-af5f-a9a700f2de58/1,1372/01/01 هـ,1372/01/01 هـ,يتضمن النظام ما يلي: تأسيس النقابة وبيان وظائفها وواجبات موظفيها، تنظيم نقل الحجاج، واجبات وحقوق الشركات، أحكام الكشف على السيارات، أحكام عامة.,هيئة الخبراء بمجلس الوزراء,ADD_OFFICIAL_CANONICAL
2072c9ff-5a70-444e-91cc-a9a700f26346,نظام تركيز مسؤوليات القضاء الشرعي,https://laws.boe.gov.sa/BoeLaws/Laws/LawDetails/2072c9ff-5a70-444e-91cc-a9a700f26346/1,1372/01/01 هـ,1372/01/01 هـ,يتضمن النظام ما يلي: تشكيل رئاسة القضاة، وتفتيش المحاكم الشرعية وبيان اختصاصاتها وصلاحياتها، بيان اختصاصات وصلاحيات كل من : رئيس المحكمة الكبرى، القاضي، معاون نائب المحكمة ونوابها، نائب القاضي، قضاة المحاكم المستعجلة، كتاب المحاكم الشرعية، رئيس المحضر،...,هيئة الخبراء بمجلس الوزراء,ADD_OFFICIAL_CANONICAL
25fed59a-2790-4a77-ab11-a9a700f2c5fd,نظام جباية الزكاة,https://laws.boe.gov.sa/BoeLaws/Laws/LawDetails/25fed59a-2790-4a77-ab11-a9a700f2c5fd/1,1370/01/01 هـ,1370/01/01 هـ,يتضمن النظام : استيفاء الزكاة الشرعية من الأفراد والشركات الذين يحملون الرعوية السعودية وفقًا لأحكام الشريعة السمحاء، وقصر أحكام نظام ضريبة الدخل على الأفراد والشركات الغير سعوديين. ينفذ النظام اعتبارًا من 1 / 1 / 1370 هـ .,هيئة الخبراء بمجلس الوزراء,ADD_OFFICIAL_CANONICAL
ece2f7dc-db78-4ba4-a9e4-a9a700f20da3,نظام الطرق والمباني,https://laws.boe.gov.sa/BoeLaws/Laws/LawDetails/ece2f7dc-db78-4ba4-a9e4-a9a700f20da3/1,1360/01/01 هـ,1360/01/01 هـ,يتضمن النظام: مدلولات الألفاظ الواردة بالنظام – تخطيط البلدة – استعمال المناطق حسب التقسيم – أحكام خط البناء – إقامة المباني على أرض البناء – البنائين المعمارين الأهليين والمهندسين الفنيين والمقاولين – أحكام خاصة بالبناء – التهوية ، الإضاءة ، دورة المياه...,هيئة الخبراء بمجلس الوزراء,ADD_OFFICIAL_CANONICAL
c58ba10c-4e89-4c06-98d7-a9a700f1c706,النظام التجاري ( نظام المحكمة التجارية),https://laws.boe.gov.sa/BoeLaws/Laws/LawDetails/c58ba10c-4e89-4c06-98d7-a9a700f1c706/1,1350/01/01 هـ,1350/01/01 هـ,يتضمن النظام تنظيما شاملا للتجارة البرية، والتجارة البحرية، والمحاكمات التجارية، والعقوبات والرسوم المتصلة بذلك.,هيئة الخبراء بمجلس الوزراء,ADD_OFFICIAL_CANONICAL
85eb2897-bec6-4c0c-b1d7-ac7c008ec09c,نظام مكافحة الغش التجاري,https://laws.boe.gov.sa/BoeLaws/Laws/LawDetails/85eb2897-bec6-4c0c-b1d7-ac7c008ec09c/1,1429/04/23 هـ,\--,حل هذا النظام محل نظام مكافحة الغش التجاري لعام 1404هـ وتضمن : تعريف بالمصطلحات ، المخالفات وصور الغش التجاري ، الضبط والتحقيق والمحاكمة ، العقوبات ، أحكام ختامية .,هيئة الخبراء بمجلس الوزراء,ADD_OFFICIAL_CANONICAL
366a4221-3214-4338-b3f2-b35c009f36cd,نظام الحرف والصناعات اليدوية,https://laws.boe.gov.sa/BoeLaws/Laws/LawDetails/366a4221-3214-4338-b3f2-b35c009f36cd/1,1447/03/02 هـ,\--,تضمن النظام: أحكام عامة، تعريفات، الهدف، القيد في السجل الوطني للحرفيين، والترخيص الحرفي، الواجبات والمحظورات، الدعم المادي والفني والتسويقي، المخالفات والعقوبات، أحكام ختامية، نفاذ النظام بعد (120) يوماً من تاريخ نشره في الجريدة الرسمية.,هيئة الخبراء بمجلس الوزراء,ADD_OFFICIAL_CANONICAL
a122634e-98ea-4e40-b4dd-ab5700c51c7d,نظام العمل التطوعي,https://laws.boe.gov.sa/BoeLaws/Laws/LawDetails/a122634e-98ea-4e40-b4dd-ab5700c51c7d/1,1441/05/27 هـ,\--,نظام العمل التطوعي 1441هـ,هيئة الخبراء بمجلس الوزراء,ADD_OFFICIAL_CANONICAL
9b461caf-dc11-46bd-a8fd-ac74009a8724,نظام خدمة الأفراد,https://laws.boe.gov.sa/BoeLaws/Laws/LawDetails/9b461caf-dc11-46bd-a8fd-ac74009a8724/1,1397/03/24 هـ,\--,يتضمن العناوين التالية: التعريفات والرتب، التعيين، الترقية، الرواتب، العلاوات، البدلات والتعويضات، بدل السكن، يومية الميدان، بدل التمثيل، التعويض عند انتهاء الخدمة، النقل والترحيل، العلاج، الإلحاق والندب والإعارة، الانتداب، التدريب والابتعاث، الإجازات، في...,هيئة الخبراء بمجلس الوزراء,ADD_OFFICIAL_CANONICAL
e73fd7d3-e812-477b-8112-ad3f00d16fd9,الترتيبات التنظيمية لمركز الفعاليات (المركز الوطني للفعاليات),https://laws.boe.gov.sa/BoeLaws/Laws/LawDetails/e73fd7d3-e812-477b-8112-ad3f00d16fd9/1,1441/07/15 هـ,\--,تضمنت الترتيبات : تعريفات، شخصية المركز واستقلاله وارتباطه ومقره وفروعه، هدف المركز، اختصاصات ومسؤوليات المركز، اختصاصات وصلاحيات لجنة الفعاليات، اجتماعات اللجنة، مدير عام المركز مسؤولياته واختصاصاته، تقرير المركز السنوي، موارد المركز، النشر...,هيئة الخبراء بمجلس الوزراء,ADD_OFFICIAL_CANONICAL
eb1ceceb-d684-404c-afd7-aa6400f17220,ضوابط استخدام تقنيات المعلومات والاتصالات في الجهات الحكومية,https://laws.boe.gov.sa/BoeLaws/Laws/LawDetails/eb1ceceb-d684-404c-afd7-aa6400f17220/1,1440/09/23 هـ,\--,ضوابط استخدام تقنيات المعلومات والاتصالات في الجهات الحكومية.,هيئة الخبراء بمجلس الوزراء,ADD_OFFICIAL_CANONICAL
861bfe91-e37d-4c72-8f07-acc700231794,لائحة رقابة ديوان المراقبة العامة على المؤسسات الخاصة والشركات التي تساهم الدولة في رأسمالها أو تضمن لها حدا ادنى من الأرباح (لائحة رقابة الديوان العام للمحاسبة),https://laws.boe.gov.sa/BoeLaws/Laws/LawDetails/861bfe91-e37d-4c72-8f07-acc700231794/1,1398/04/18 هـ,\--,لائحة رقابة ديوان المراقبة العامة على المؤسسات الخاصة والشركات التي تساهم الدولة في رأسمالها أو تضمن لها حدا ادنى من الأرباح,هيئة الخبراء بمجلس الوزراء,ADD_OFFICIAL_CANONICAL
